application_id,score,pd,qaror,sabab,sabab_texnik,asosiy_omil,tavsiya_summa,limit,dti,pti,income_cv,scorecard_version
AP002161,548.6,0.425882,RAD_ETILDI,"Afsuski, hozircha kredit bera olmaymiz. Sabab: hozirgi daromadingiz mavjud to'lovlardan keyin yangi kreditni ko'tara olmaydi. To'sqinlik qildi: yangi kreditgacha ham mavjud to'lovlaringiz daromadning 80% ini oladi; barcha to'lovlardan keyin qo'lingizda pul umuman qolmaydi; oylik daromadingiz 2 022 581 so'm — so'ralgan summa uchun kam. Foydangizga ishladi: bandlik turingiz (xususiy) barqaror daromad beradi; mavjud qarz qoldig'i yillik daromadingizga nisbatan kichik; bankimiz bilan tarixingiz uzoq — 8 yil 11 oy. Nima qilish mumkin: Mavjud kreditlaringizdan birini yopsangiz, qarz yuki pasayadi va limit sezilarli oshadi.","Rad etildi: So'ralgan summada DTI 386.4% — shift 50.0%; to'lov qobiliyati qolmagan; Yangi to'lov daromadning 306.3% ini oladi — shift 35.0%. Ballga eng ko'p salbiy ta'sir: Mavjud qarz yuki (yangi kreditsiz) (-19 ball), To'lovlardan keyingi erkin pul (-15 ball). Yakuniy ball 549.",Mavjud qarz yuki (yangi kreditsiz) (-19 ball),0,0,3.8638,3.0633,0.0397,v1
AP002162,626.0,0.048307,QOLDA_KORIB_CHIQISH,"Arizangiz bank xodimiga ko'rib chiqishga yuborildi. So'ragan 12 130 227 so'm ni to'liq bera olmaymiz, lekin 3 400 000 so'm sizning to'lov qobiliyatingizga to'g'ri keladi — bunda oylik to'lov 186 621 so'm bo'ladi. Yakuniy qarorni bank xodimi tasdiqlaydi. To'sqinlik qildi: oylik daromadingiz 2 210 536 so'm — so'ralgan summa uchun kam; bankimiz bilan tarixingiz qisqa — 2 yil 4 oy, sizni hali yaxshi bilmaymiz; xarajatlaringiz daromadning 64% ini yeb qo'yadi. Foydangizga ishladi: bank hisobingizdagi tushum deklaratsiya bilan mos; bandlik turingiz (byudjet) barqaror daromad beradi; yangi kreditsiz ham qarz yukingiz past — daromadning 42% i. Nima qilish mumkin: So'rovni 3 400 000 so'm gacha kamaytiring — bu summada ma'qullanish ehtimoli sezilarli oshadi. Muddatni uzaytiring (hozir 2 yil) — oylik to'lov kamayadi va qarz yuki chegara ichiga tushadi.","Qo'lda ko'rib chiqish: So'ralgan summada DTI 71.7% — shift 50.0%; taklif: 3 400 000 so'm; Ball 626 — avtomatik ma'qullash chegarasi 630 dan past. Diqqat talab qiladigan omillar: Oylik daromad medianasi (-11), Bank bilan tarix (oy) (-4). Ball 626, tavsiya etilgan limit 3 400 000 so'm.",Oylik daromad medianasi (-11 ball),3400000,3400000,0.7166,0.3012,0.0361,v1
AP002163,587.1,0.16355,QOLDA_KORIB_CHIQISH,"Arizangiz bank xodimiga ko'rib chiqishga yuborildi. So'ragan 34 358 189 so'm ni to'liq bera olmaymiz, lekin 16 700 000 so'm sizning to'lov qobiliyatingizga to'g'ri keladi — bunda oylik to'lov 916 638 so'm bo'ladi. Yakuniy qarorni bank xodimi tasdiqlaydi. To'sqinlik qildi: ish stajingiz qisqa — atigi 5 oy; oxirgi oylarda daromadingiz kamaygan; bankimiz bilan tarixingiz qisqa — 3 yil 2 oy, sizni hali yaxshi bilmaymiz. Foydangizga ishladi: bank hisobingizdagi tushum deklaratsiya bilan mos; yangi kreditsiz ham qarz yukingiz past — daromadning 0% i; mavjud qarz qoldig'i yillik daromadingizga nisbatan kichik. Nima qilish mumkin: To'lov qobiliyatingiz 16 700 000 so'm ga yetadi. Shu summani so'rasangiz, ariza qo'lda ko'rib chiqishga tushadi. Muddatni uzaytiring (hozir 2 yil) — oylik to'lov kamayadi va qarz yuki chegara ichiga tushadi.","Qo'lda ko'rib chiqish: So'ralgan summada DTI 71.7% — shift 50.0%; taklif: 16 700 000 so'm; Yangi to'lov daromadning 71.7% ini oladi — shift 35.0%. Diqqat talab qiladigan omillar: Ish staji (oy) (-15), Daromad trendi (2-yarim/1-yarim) (-7). Ball 587, tavsiya etilgan limit 16 700 000 so'm.",Ish staji (oy) (-15 ball),16700000,0,0.7175,0.7175,0.2597,v1
AP002164,626.8,0.047068,QOLDA_KORIB_CHIQISH,"Arizangiz bank xodimiga ko'rib chiqishga yuborildi. Ko'rsatkichlaringiz chegaraviy zonada — avtomatik qaror o'rniga bank xodimi arizangizni qo'lda ko'rib chiqadi. To'sqinlik qildi: bank hisobingizdagi tushum deklaratsiya bilan mos; bankimiz bilan tarixingiz qisqa — 1 yil 11 oy, sizni hali yaxshi bilmaymiz; oylik daromadingiz 3 035 250 so'm — so'ralgan summa uchun kam. Foydangizga ishladi: bandlik turingiz (xususiy) barqaror daromad beradi; oxirgi oylarda daromadingiz o'sgan; xarajatlaringiz daromadning 67% i — tejamkor. Nima qilish mumkin: Qo'shimcha shart yo'q — hujjatlarni tasdiqlash uchun bank xodimi siz bilan bog'lanadi.","Qo'lda ko'rib chiqish: Ball 627 — avtomatik ma'qullash chegarasi 630 dan past. Diqqat talab qiladigan omillar: Bank oqimi / deklaratsiya (-11), Bank bilan tarix (oy) (-4). Ball 627, tavsiya etilgan limit 15 994 705 so'm.",Bank oqimi / deklaratsiya (-11 ball),15994705,0,0.2892,0.2892,0.0349,v1
AP002165,547.9,0.432204,RAD_ETILDI,"Afsuski, hozircha kredit bera olmaymiz. Sabab: kredit tarixingizda 95 kunlik kechikish bor. To'sqinlik qildi: yangi kreditgacha ham mavjud to'lovlaringiz daromadning 85% ini oladi; o'tmishda 95 kunlik kechikish qayd etilgan; barcha to'lovlardan keyin qo'lingizda pul umuman qolmaydi. Foydangizga ishladi: bandlik turingiz (qurilish) barqaror daromad beradi; oxirgi oylarda daromadingiz o'sgan; xarajatlaringiz daromadning 73% i — tejamkor. Nima qilish mumkin: Mavjud kreditlaringizdan birini yopsangiz, qarz yuki pasayadi va limit sezilarli oshadi. Kechikish yopilgandan keyin 12 oy toza to'lov tarixi to'plang, so'ng qayta murojaat qiling.","Rad etildi: O'tmishda 95 kunlik kechikish (90+ kun — qattiq to'siq); So'ralgan summada DTI 156.2% — shift 50.0%; to'lov qobiliyati qolmagan. Ballga eng ko'p salbiy ta'sir: Mavjud qarz yuki (yangi kreditsiz) (-19 ball), O'tmishdagi maks. kechikish (kun) (-16 ball). Yakuniy ball 548.",Mavjud qarz yuki (yangi kreditsiz) (-19 ball),0,0,1.5622,0.7088,0.0301,v1
AP002166,638.8,0.031523,QOLDA_KORIB_CHIQISH,"Arizangiz bank xodimiga ko'rib chiqishga yuborildi. So'ragan 20 844 643 so'm ni to'liq bera olmaymiz, lekin 15 700 000 so'm sizning to'lov qobiliyatingizga to'g'ri keladi — bunda oylik to'lov 861 749 so'm bo'ladi. Yakuniy qarorni bank xodimi tasdiqlaydi. To'sqinlik qildi: xarajatlaringiz daromadning 71% ini yeb qo'yadi; oylik daromadingiz 2 476 260 so'm — so'ralgan summa uchun kam. Foydangizga ishladi: bank hisobingizdagi tushum deklaratsiya bilan mos; oxirgi oylarda daromadingiz o'sgan; barcha to'lovlardan keyin oyiga 1 332 129 so'm qoladi. Nima qilish mumkin: So'rovni 15 700 000 so'm gacha kamaytiring — bu summada ma'qullanish ehtimoli sezilarli oshadi. Muddatni uzaytiring (hozir 2 yil) — oylik to'lov kamayadi va qarz yuki chegara ichiga tushadi.","Qo'lda ko'rib chiqish: Yangi to'lov daromadning 46.2% ini oladi — shift 35.0%. Diqqat talab qiladigan omillar: Sarf intensivligi (chiqim/kirim) (-4), Oylik daromad medianasi (-3). Ball 639, tavsiya etilgan limit 15 700 000 so'm.",Sarf intensivligi (chiqim/kirim) (-4 ball),15700000,15700000,0.462,0.462,0.0332,v1
AP002167,608.9,0.084226,QOLDA_KORIB_CHIQISH,"Arizangiz bank xodimiga ko'rib chiqishga yuborildi. Ko'rsatkichlaringiz chegaraviy zonada — avtomatik qaror o'rniga bank xodimi arizangizni qo'lda ko'rib chiqadi. To'sqinlik qildi: oxirgi oylarda daromadingiz kamaygan; bankimiz bilan tarixingiz qisqa — 2 yil 2 oy, sizni hali yaxshi bilmaymiz; oylik daromadingiz 2 700 278 so'm — so'ralgan summa uchun kam. Foydangizga ishladi: bandlik turingiz (qurilish) barqaror daromad beradi; barcha to'lovlardan keyin oyiga 1 766 555 so'm qoladi; yangi kreditsiz ham qarz yukingiz past — daromadning 0% i. Nima qilish mumkin: Qo'shimcha shart yo'q — hujjatlarni tasdiqlash uchun bank xodimi siz bilan bog'lanadi.","Qo'lda ko'rib chiqish: Ball 609 — avtomatik ma'qullash chegarasi 630 dan past. Diqqat talab qiladigan omillar: Daromad trendi (2-yarim/1-yarim) (-7), Bank bilan tarix (oy) (-4). Ball 609, tavsiya etilgan limit 17 011 281 so'm.",Daromad trendi (2-yarim/1-yarim) (-7 ball),17011281,0,0.3458,0.3458,0.27,v1
AP002168,640.7,0.02964,QOLDA_KORIB_CHIQISH,"Arizangiz bank xodimiga ko'rib chiqishga yuborildi. So'ragan 8 367 520 so'm ni to'liq bera olmaymiz, lekin 7 700 000 so'm sizning to'lov qobiliyatingizga to'g'ri keladi — bunda oylik to'lov 743 096 so'm bo'ladi. Yakuniy qarorni bank xodimi tasdiqlaydi. To'sqinlik qildi: oylik daromadingiz 2 145 950 so'm — so'ralgan summa uchun kam; xarajatlaringiz daromadning 62% ini yeb qo'yadi. Foydangizga ishladi: ish stajingiz uzoq — 10 yil 5 oy; bandlik turingiz (xususiy) barqaror daromad beradi; bank hisobingizdagi tushum deklaratsiya bilan mos. Nima qilish mumkin: So'rovni 7 700 000 so'm gacha kamaytiring — bu summada ma'qullanish ehtimoli sezilarli oshadi. Muddatni uzaytiring (hozir 1 yil) — oylik to'lov kamayadi va qarz yuki chegara ichiga tushadi.","Qo'lda ko'rib chiqish: Yangi to'lov daromadning 37.6% ini oladi — shift 35.0%. Diqqat talab qiladigan omillar: Oylik daromad medianasi (-11), Sarf intensivligi (chiqim/kirim) (-3). Ball 641, tavsiya etilgan limit 7 700 000 so'm.",Oylik daromad medianasi (-11 ball),7700000,7700000,0.3763,0.3763,0.3204,v1
AP002169,609.5,0.082472,QOLDA_KORIB_CHIQISH,Arizangiz bank xodimiga ko'rib chiqishga yuborildi. Ko'rsatkichlaringiz chegaraviy zonada — avtomatik qaror o'rniga bank xodimi arizangizni qo'lda ko'rib chiqadi. To'sqinlik qildi: oylik daromadingiz 1 625 384 so'm — so'ralgan summa uchun kam; xarajatlaringiz daromadning 71% ini yeb qo'yadi; oila a'zosiga oyiga atigi 232 198 so'm to'g'ri keladi. Foydangizga ishladi: bandlik turingiz (xususiy) barqaror daromad beradi; barcha to'lovlardan keyin oyiga 1 242 557 so'm qoladi; yangi kreditsiz ham qarz yukingiz past — daromadning 0% i. Nima qilish mumkin: Qo'shimcha shart yo'q — hujjatlarni tasdiqlash uchun bank xodimi siz bilan bog'lanadi.,"Qo'lda ko'rib chiqish: Ball 610 — avtomatik ma'qullash chegarasi 630 dan past. Diqqat talab qiladigan omillar: Oylik daromad medianasi (-11), Sarf intensivligi (chiqim/kirim) (-4). Ball 610, tavsiya etilgan limit 9 255 179 so'm.",Oylik daromad medianasi (-11 ball),9255179,0,0.2355,0.2355,0.2682,v1
AP002170,609.8,0.081626,QOLDA_KORIB_CHIQISH,Arizangiz bank xodimiga ko'rib chiqishga yuborildi. Ko'rsatkichlaringiz chegaraviy zonada — avtomatik qaror o'rniga bank xodimi arizangizni qo'lda ko'rib chiqadi. To'sqinlik qildi: bank hisobingizdagi tushum deklaratsiya bilan mos; xarajatlaringiz daromadning 70% ini yeb qo'yadi; oylik daromadingiz 2 475 342 so'm — so'ralgan summa uchun kam. Foydangizga ishladi: bandlik turingiz (byudjet) barqaror daromad beradi; barcha to'lovlardan keyin oyiga 1 800 703 so'm qoladi; yangi kreditsiz ham qarz yukingiz past — daromadning 0% i. Nima qilish mumkin: Qo'shimcha shart yo'q — hujjatlarni tasdiqlash uchun bank xodimi siz bilan bog'lanadi.,"Qo'lda ko'rib chiqish: Ball 610 — avtomatik ma'qullash chegarasi 630 dan past. Diqqat talab qiladigan omillar: Bank oqimi / deklaratsiya (-11), Sarf intensivligi (chiqim/kirim) (-4). Ball 610, tavsiya etilgan limit 12 291 082 so'm.",Bank oqimi / deklaratsiya (-11 ball),12291082,0,0.2725,0.2725,0.0323,v1
AP002171,578.0,0.211461,RAD_ETILDI,"Afsuski, hozircha kredit bera olmaymiz. Sabab: hozirgi daromadingiz mavjud to'lovlardan keyin yangi kreditni ko'tara olmaydi. To'sqinlik qildi: yangi kreditgacha ham mavjud to'lovlaringiz daromadning 107% ini oladi; barcha to'lovlardan keyin qo'lingizda pul umuman qolmaydi; mavjud qarz qoldig'i yillik daromadingizdan 0.7 barobar. Foydangizga ishladi: bank hisobingizdagi tushum deklaratsiya bilan mos; ish stajingiz uzoq — 11 yil 2 oy; bankimiz bilan tarixingiz uzoq — 9 yil 11 oy. Nima qilish mumkin: Mavjud kreditlaringizdan birini yopsangiz, qarz yuki pasayadi va limit sezilarli oshadi.","Rad etildi: So'ralgan summada DTI 178.5% — shift 50.0%; to'lov qobiliyati qolmagan; Yangi to'lov daromadning 71.6% ini oladi — shift 35.0%. Ballga eng ko'p salbiy ta'sir: Mavjud qarz yuki (yangi kreditsiz) (-19 ball), To'lovlardan keyingi erkin pul (-15 ball). Yakuniy ball 578.",Mavjud qarz yuki (yangi kreditsiz) (-19 ball),0,0,1.7849,0.7159,0.1364,v1
AP002172,666.0,0.012547,MAQULLANDI,Tabriklaymiz — kredit ma'qullandi. 18 325 581 so'm miqdorida kredit tasdiqlandi. Oylik to'lov taxminan 1 005 864 so'm bo'ladi. To'sqinlik qildi: sezilarli salbiy omil topilmadi. Foydangizga ishladi: bank hisobingizdagi tushum deklaratsiya bilan mos; oylik daromadingiz 6 685 724 so'm — yetarli daraja; bandlik turingiz (xususiy) barqaror daromad beradi. Nima qilish mumkin: Qo'shimcha shart yo'q — hujjatlarni tasdiqlash uchun bank xodimi siz bilan bog'lanadi.,"Ma'qullandi: ball 666 (PD 1.3%), DTI 18.1% shift ichida. Asosiy ijobiy omillar: Bank oqimi / deklaratsiya (+14 ball), Oylik daromad medianasi (+12 ball), Bandlik turi (+9 ball). Tasdiqlangan summa 18 325 581 so'm.",salbiy omil yo'q,18325581,42600000,0.1808,0.1504,0.0285,v1
AP002173,620.9,0.057127,QOLDA_KORIB_CHIQISH,"Arizangiz bank xodimiga ko'rib chiqishga yuborildi. So'ragan 46 060 372 so'm ni to'liq bera olmaymiz, lekin 28 700 000 so'm sizning to'lov qobiliyatingizga to'g'ri keladi — bunda oylik to'lov 1 187 135 so'm bo'ladi. Yakuniy qarorni bank xodimi tasdiqlaydi. To'sqinlik qildi: bankimiz bilan tarixingiz qisqa — 2 yil 2 oy, sizni hali yaxshi bilmaymiz; xarajatlaringiz daromadning 71% ini yeb qo'yadi; bank hisobingizdagi tushum deklaratsiya bilan mos. Foydangizga ishladi: bandlik turingiz (xususiy) barqaror daromad beradi; yangi kreditsiz ham qarz yukingiz past — daromadning 22% i; barcha to'lovlardan keyin oyiga 1 385 613 so'm qoladi. Nima qilish mumkin: To'lov qobiliyatingiz 28 700 000 so'm ga yetadi. Shu summani so'rasangiz, ariza qo'lda ko'rib chiqishga tushadi. Muddatni uzaytiring (hozir 3 yil) — oylik to'lov kamayadi va qarz yuki chegara ichiga tushadi.","Qo'lda ko'rib chiqish: So'ralgan summada DTI 67.1% — shift 50.0%; taklif: 28 700 000 so'm; Yangi to'lov daromadning 45.3% ini oladi — shift 35.0%. Diqqat talab qiladigan omillar: Bank bilan tarix (oy) (-4), Sarf intensivligi (chiqim/kirim) (-4). Ball 621, tavsiya etilgan limit 28 700 000 so'm.",Bank bilan tarix (oy) (-4 ball),28700000,0,0.6705,0.4531,0.0259,v1
AP002174,549.3,0.419824,RAD_ETILDI,"Afsuski, hozircha kredit bera olmaymiz. Sabab: kredit tarixingizda 95 kunlik kechikish bor. To'sqinlik qildi: yangi kreditgacha ham mavjud to'lovlaringiz daromadning 277% ini oladi; o'tmishda 95 kunlik kechikish qayd etilgan; barcha to'lovlardan keyin qo'lingizda pul umuman qolmaydi. Foydangizga ishladi: ish stajingiz uzoq — 11 yil 11 oy; bank hisobingizdagi tushum deklaratsiya bilan mos; xarajatlaringiz daromadning 66% i — tejamkor. Nima qilish mumkin: Mavjud kreditlaringizdan birini yopsangiz, qarz yuki pasayadi va limit sezilarli oshadi. Kechikish yopilgandan keyin 12 oy toza to'lov tarixi to'plang, so'ng qayta murojaat qiling.","Rad etildi: O'tmishda 95 kunlik kechikish (90+ kun — qattiq to'siq); So'ralgan summada DTI 427.2% — shift 50.0%; to'lov qobiliyati qolmagan. Ballga eng ko'p salbiy ta'sir: Mavjud qarz yuki (yangi kreditsiz) (-19 ball), O'tmishdagi maks. kechikish (kun) (-16 ball). Yakuniy ball 549.",Mavjud qarz yuki (yangi kreditsiz) (-19 ball),0,0,4.272,1.5059,0.2237,v1
AP002175,621.5,0.056003,QOLDA_KORIB_CHIQISH,Arizangiz bank xodimiga ko'rib chiqishga yuborildi. Ko'rsatkichlaringiz chegaraviy zonada — avtomatik qaror o'rniga bank xodimi arizangizni qo'lda ko'rib chiqadi. To'sqinlik qildi: daromadning 19% i naqd yechib olinadi — bank uchun bu ko'rinmas pul; oxirgi oylarda daromadingiz kamaygan; bank hisobingizdagi tushum deklaratsiya bilan mos. Foydangizga ishladi: bandlik turingiz (byudjet) barqaror daromad beradi; barcha to'lovlardan keyin oyiga 3 544 819 so'm qoladi; yangi kreditsiz ham qarz yukingiz past — daromadning 0% i. Nima qilish mumkin: Qo'shimcha shart yo'q — hujjatlarni tasdiqlash uchun bank xodimi siz bilan bog'lanadi.,"Qo'lda ko'rib chiqish: Ball 622 — avtomatik ma'qullash chegarasi 630 dan past. Diqqat talab qiladigan omillar: Naqd yechish ulushi (-4), Daromad trendi (2-yarim/1-yarim) (-2). Ball 622, tavsiya etilgan limit 8 311 593 so'm.",Naqd yechish ulushi (-4 ball),8311593,0,0.114,0.114,0.0328,v1
AP002176,634.0,0.03702,MAQULLANDI,"Tabriklaymiz — kredit ma'qullandi. 5 440 884 so'm miqdorida kredit tasdiqlandi. Oylik to'lov taxminan 525 078 so'm bo'ladi. To'sqinlik qildi: oxirgi oylarda daromadingiz kamaygan; oylik daromadingiz 2 902 152 so'm — so'ralgan summa uchun kam; bank hisobingizdagi tushum deklaratsiya bilan mos. Foydangizga ishladi: bandlik turingiz (xususiy) barqaror daromad beradi; yangi kreditsiz ham qarz yukingiz past — daromadning 27% i; barcha to'lovlardan keyin oyiga 1 596 783 so'm qoladi. Nima qilish mumkin: Mavjud kreditlaringizdan birini yopsangiz, qarz yuki pasayadi va limit sezilarli oshadi.","Ma'qullandi: ball 634 (PD 3.7%), DTI 45.0% shift ichida. Asosiy ijobiy omillar: Bandlik turi (+9 ball), Mavjud qarz yuki (yangi kreditsiz) (+8 ball), To'lovlardan keyingi erkin pul (+7 ball). Tasdiqlangan summa 5 440 884 so'm.",Daromad trendi (2-yarim/1-yarim) (-7 ball),5440884,6900000,0.4498,0.1809,0.2215,v1
AP002177,618.1,0.062509,QOLDA_KORIB_CHIQISH,"Arizangiz bank xodimiga ko'rib chiqishga yuborildi. So'ragan 23 393 887 so'm ni to'liq bera olmaymiz, lekin 18 000 000 so'm sizning to'lov qobiliyatingizga to'g'ri keladi — bunda oylik to'lov 744 545 so'm bo'ladi. Yakuniy qarorni bank xodimi tasdiqlaydi. To'sqinlik qildi: oylik daromadingiz 2 136 271 so'm — so'ralgan summa uchun kam; bankimiz bilan tarixingiz qisqa — 3 yil 2 oy, sizni hali yaxshi bilmaymiz; bank hisobingizdagi tushum deklaratsiya bilan mos. Foydangizga ishladi: ish stajingiz uzoq — 10 yil; barcha to'lovlardan keyin oyiga 1 168 616 so'm qoladi; xarajatlaringiz daromadning 73% i — tejamkor. Nima qilish mumkin: To'lov qobiliyatingiz 18 000 000 so'm ga yetadi. Shu summani so'rasangiz, ariza qo'lda ko'rib chiqishga tushadi. Muddatni uzaytiring (hozir 3 yil) — oylik to'lov kamayadi va qarz yuki chegara ichiga tushadi.","Qo'lda ko'rib chiqish: Yangi to'lov daromadning 45.3% ini oladi — shift 35.0%; Ball 618 — avtomatik ma'qullash chegarasi 630 dan past. Diqqat talab qiladigan omillar: Oylik daromad medianasi (-11), Bank bilan tarix (oy) (-4). Ball 618, tavsiya etilgan limit 18 000 000 so'm.",Oylik daromad medianasi (-11 ball),18000000,0,0.453,0.453,0.0315,v1
AP002178,632.5,0.038937,MAQULLANDI,Tabriklaymiz — kredit ma'qullandi. 8 979 163 so'm miqdorida kredit tasdiqlandi. Oylik to'lov taxminan 866 543 so'm bo'ladi. To'sqinlik qildi: bank hisobingizdagi tushum deklaratsiya bilan mos. Foydangizga ishladi: oylik daromadingiz 7 164 376 so'm — yetarli daraja; barcha to'lovlardan keyin oyiga 6 297 832 so'm qoladi; xarajatlaringiz daromadning 73% i — tejamkor. Nima qilish mumkin: Qo'shimcha shart yo'q — hujjatlarni tasdiqlash uchun bank xodimi siz bilan bog'lanadi.,"Ma'qullandi: ball 633 (PD 3.9%), DTI 12.1% shift ichida. Asosiy ijobiy omillar: Oylik daromad medianasi (+12 ball), To'lovlardan keyingi erkin pul (+9 ball), Sarf intensivligi (chiqim/kirim) (+5 ball). Tasdiqlangan summa 8 979 163 so'm.",Bank oqimi / deklaratsiya (-11 ball),8979163,17600000,0.121,0.121,0.2278,v1
AP002179,565.0,0.296155,RAD_ETILDI,"Afsuski, hozircha kredit bera olmaymiz. Sabab: hozirgi daromadingiz mavjud to'lovlardan keyin yangi kreditni ko'tara olmaydi. To'sqinlik qildi: yangi kreditgacha ham mavjud to'lovlaringiz daromadning 176% ini oladi; barcha to'lovlardan keyin qo'lingizda pul umuman qolmaydi; mavjud qarz qoldig'i yillik daromadingizdan 0.3 barobar. Foydangizga ishladi: bandlik turingiz (xususiy) barqaror daromad beradi; oxirgi oylarda daromadingiz o'sgan; ish stajingiz uzoq — 8 yil 5 oy. Nima qilish mumkin: Mavjud kreditlaringizdan birini yopsangiz, qarz yuki pasayadi va limit sezilarli oshadi.","Rad etildi: So'ralgan summada DTI 205.4% — shift 50.0%; to'lov qobiliyati qolmagan; Defolt ehtimoli 29.6% — shift 20.0%. Ballga eng ko'p salbiy ta'sir: Mavjud qarz yuki (yangi kreditsiz) (-19 ball), To'lovlardan keyingi erkin pul (-15 ball). Yakuniy ball 565.",Mavjud qarz yuki (yangi kreditsiz) (-19 ball),0,0,2.0539,0.2977,0.0391,v1
AP002180,608.1,0.086177,QOLDA_KORIB_CHIQISH,"Arizangiz bank xodimiga ko'rib chiqishga yuborildi. Ko'rsatkichlaringiz chegaraviy zonada — avtomatik qaror o'rniga bank xodimi arizangizni qo'lda ko'rib chiqadi. To'sqinlik qildi: bank hisobingizdagi tushum deklaratsiya bilan mos; xarajatlaringiz daromadning 70% ini yeb qo'yadi; oxirgi oylarda daromadingiz kamaygan. Foydangizga ishladi: barcha to'lovlardan keyin oyiga 4 157 622 so'm qoladi; yangi kreditsiz ham qarz yukingiz past — daromadning 0% i; pul harakatingiz shaffof, naqd yechish kam. Nima qilish mumkin: Qo'shimcha shart yo'q — hujjatlarni tasdiqlash uchun bank xodimi siz bilan bog'lanadi.","Qo'lda ko'rib chiqish: Ball 608 — avtomatik ma'qullash chegarasi 630 dan past. Diqqat talab qiladigan omillar: Bank oqimi / deklaratsiya (-11), Sarf intensivligi (chiqim/kirim) (-4). Ball 608, tavsiya etilgan limit 14 551 424 so'm.",Bank oqimi / deklaratsiya (-11 ball),14551424,0,0.0983,0.0983,0.2462,v1
AP002181,638.0,0.032394,QOLDA_KORIB_CHIQISH,"Arizangiz bank xodimiga ko'rib chiqishga yuborildi. So'ragan 24 775 231 so'm ni to'liq bera olmaymiz, lekin 18 300 000 so'm sizning to'lov qobiliyatingizga to'g'ri keladi — bunda oylik to'lov 1 004 460 so'm bo'ladi. Yakuniy qarorni bank xodimi tasdiqlaydi. To'sqinlik qildi: oylik daromadingiz 2 870 154 so'm — so'ralgan summa uchun kam. Foydangizga ishladi: bank hisobingizdagi tushum deklaratsiya bilan mos; xarajatlaringiz daromadning 67% i — tejamkor; barcha to'lovlardan keyin oyiga 1 510 278 so'm qoladi. Nima qilish mumkin: So'rovni 18 300 000 so'm gacha kamaytiring — bu summada ma'qullanish ehtimoli sezilarli oshadi. Muddatni uzaytiring (hozir 2 yil) — oylik to'lov kamayadi va qarz yuki chegara ichiga tushadi.","Qo'lda ko'rib chiqish: Yangi to'lov daromadning 47.4% ini oladi — shift 35.0%. Diqqat talab qiladigan omillar: Oylik daromad medianasi (-3), So'ralgan summa / yillik daromad (-1). Ball 638, tavsiya etilgan limit 18 300 000 so'm.",Oylik daromad medianasi (-3 ball),18300000,18300000,0.4738,0.4738,0.0403,v1
AP002182,641.0,0.02935,QOLDA_KORIB_CHIQISH,Arizangiz bank xodimiga ko'rib chiqishga yuborildi. Ko'rsatkichlaringiz chegaraviy zonada — avtomatik qaror o'rniga bank xodimi arizangizni qo'lda ko'rib chiqadi. To'sqinlik qildi: oxirgi oylarda daromadingiz kamaygan. Foydangizga ishladi: bandlik turingiz (qurilish) barqaror daromad beradi; bank hisobingizdagi tushum deklaratsiya bilan mos; ish stajingiz uzoq — 7 yil 8 oy. Nima qilish mumkin: Daromadingizni muntazam bank hisobiga o'tkazing — barqaror oqim ballni oshiradi.,"Qo'lda ko'rib chiqish: Daromad juda o'zgaruvchan (CV 0.36) — barqarorlik past. Diqqat talab qiladigan omillar: Daromad trendi (2-yarim/1-yarim) (-7), Naqd yechish ulushi (-1). Ball 641, tavsiya etilgan limit 5 161 021 so'm.",Daromad trendi (2-yarim/1-yarim) (-7 ball),5161021,14800000,0.1214,0.1214,0.3575,v1
AP002183,552.4,0.394,RAD_ETILDI,"Afsuski, hozircha kredit bera olmaymiz. Sabab: kredit tarixingizda 95 kunlik kechikish bor. To'sqinlik qildi: yangi kreditgacha ham mavjud to'lovlaringiz daromadning 412% ini oladi; o'tmishda 95 kunlik kechikish qayd etilgan; barcha to'lovlardan keyin qo'lingizda pul umuman qolmaydi. Foydangizga ishladi: xarajatlaringiz daromadning 66% i — tejamkor; oxirgi oylarda daromadingiz o'sgan; mavjud qarz qoldig'i yillik daromadingizga nisbatan kichik. Nima qilish mumkin: Kechikish yopilgandan keyin 12 oy toza to'lov tarixi to'plang, so'ng qayta murojaat qiling.","Rad etildi: O'tmishda 95 kunlik kechikish (90+ kun — qattiq to'siq); So'ralgan summada DTI 500.0% — shift 50.0%; to'lov qobiliyati qolmagan. Ballga eng ko'p salbiy ta'sir: Mavjud qarz yuki (yangi kreditsiz) (-19 ball), O'tmishdagi maks. kechikish (kun) (-16 ball). Yakuniy ball 552.",Mavjud qarz yuki (yangi kreditsiz) (-19 ball),0,0,5.0,1.4451,0.0283,v1
AP002184,648.8,0.022514,MAQULLANDI,Tabriklaymiz — kredit ma'qullandi. 13 113 043 so'm miqdorida kredit tasdiqlandi. Oylik to'lov taxminan 408 285 so'm bo'ladi. To'sqinlik qildi: bank hisobingizdagi tushum deklaratsiya bilan mos. Foydangizga ishladi: barcha to'lovlardan keyin oyiga 10 878 894 so'm qoladi; bandlik turingiz (qurilish) barqaror daromad beradi; oylik daromadingiz 11 287 179 so'm — yetarli daraja. Nima qilish mumkin: Qo'shimcha shart yo'q — hujjatlarni tasdiqlash uchun bank xodimi siz bilan bog'lanadi.,"Ma'qullandi: ball 649 (PD 2.3%), DTI 3.6% shift ichida. Asosiy ijobiy omillar: To'lovlardan keyingi erkin pul (+9 ball), Bandlik turi (+9 ball), Oylik daromad medianasi (+9 ball). Tasdiqlangan summa 13 113 043 so'm.",Bank oqimi / deklaratsiya (-2 ball),13113043,126800000,0.0362,0.0362,0.037,v1
AP002185,641.6,0.028675,QOLDA_KORIB_CHIQISH,Arizangiz bank xodimiga ko'rib chiqishga yuborildi. Ko'rsatkichlaringiz chegaraviy zonada — avtomatik qaror o'rniga bank xodimi arizangizni qo'lda ko'rib chiqadi. To'sqinlik qildi: bank hisobingizdagi tushum deklaratsiya bilan mos; oxirgi oylarda daromadingiz kamaygan. Foydangizga ishladi: yangi kreditsiz ham qarz yukingiz past — daromadning 7% i; barcha to'lovlardan keyin oyiga 14 683 903 so'm qoladi; oylik daromadingiz 17 041 581 so'm — yetarli daraja. Nima qilish mumkin: Daromadingizni muntazam bank hisobiga o'tkazing — barqaror oqim ballni oshiradi.,"Qo'lda ko'rib chiqish: Daromad juda o'zgaruvchan (CV 0.43) — barqarorlik past. Diqqat talab qiladigan omillar: Bank oqimi / deklaratsiya (-11), Daromad trendi (2-yarim/1-yarim) (-7). Ball 642, tavsiya etilgan limit 19 800 717 so'm.",Bank oqimi / deklaratsiya (-11 ball),19800717,108600000,0.1383,0.0638,0.4261,v1
AP002186,647.7,0.023343,MAQULLANDI,"Tabriklaymiz — kredit ma'qullandi. 22 022 405 so'm miqdorida kredit tasdiqlandi. Oylik to'lov taxminan 1 208 777 so'm bo'ladi. To'sqinlik qildi: bank hisobingizdagi tushum deklaratsiya bilan mos; bankimiz bilan tarixingiz qisqa — 2 yil 6 oy, sizni hali yaxshi bilmaymiz; o'tmishda 45 kunlik kechikish qayd etilgan. Foydangizga ishladi: yangi kreditsiz ham qarz yukingiz past — daromadning 8% i; ish stajingiz uzoq — 12 yil 4 oy; bandlik turingiz (byudjet) barqaror daromad beradi. Nima qilish mumkin: Qo'shimcha shart yo'q — hujjatlarni tasdiqlash uchun bank xodimi siz bilan bog'lanadi.","Ma'qullandi: ball 648 (PD 2.3%), DTI 40.9% shift ichida. Asosiy ijobiy omillar: Mavjud qarz yuki (yangi kreditsiz) (+14 ball), Ish staji (oy) (+13 ball), Bandlik turi (+11 ball). Tasdiqlangan summa 22 022 405 so'm.",Bank oqimi / deklaratsiya (-4 ball),22022405,23200000,0.4092,0.3313,0.0238,v1
AP002187,612.9,0.073923,QOLDA_KORIB_CHIQISH,Arizangiz bank xodimiga ko'rib chiqishga yuborildi. Ko'rsatkichlaringiz chegaraviy zonada — avtomatik qaror o'rniga bank xodimi arizangizni qo'lda ko'rib chiqadi. To'sqinlik qildi: oylik daromadingiz 2 874 016 so'm — so'ralgan summa uchun kam; oxirgi oylarda daromadingiz kamaygan; xarajatlaringiz daromadning 69% ini yeb qo'yadi. Foydangizga ishladi: barcha to'lovlardan keyin oyiga 1 926 573 so'm qoladi; ish stajingiz uzoq — 8 yil 1 oy; yangi kreditsiz ham qarz yukingiz past — daromadning 0% i. Nima qilish mumkin: Qo'shimcha shart yo'q — hujjatlarni tasdiqlash uchun bank xodimi siz bilan bog'lanadi.,"Qo'lda ko'rib chiqish: Ball 613 — avtomatik ma'qullash chegarasi 630 dan past. Diqqat talab qiladigan omillar: Oylik daromad medianasi (-3), Daromad trendi (2-yarim/1-yarim) (-2). Ball 613, tavsiya etilgan limit 17 261 226 so'm.",Oylik daromad medianasi (-3 ball),17261226,0,0.3297,0.3297,0.2657,v1
AP002188,640.3,0.030002,MAQULLANDI,Tabriklaymiz — kredit ma'qullandi. 9 991 425 so'm miqdorida kredit tasdiqlandi. Oylik to'lov taxminan 1 803 845 so'm bo'ladi. To'sqinlik qildi: bank hisobingizdagi tushum deklaratsiya bilan mos; daromadning 20% i naqd yechib olinadi — bank uchun bu ko'rinmas pul. Foydangizga ishladi: barcha to'lovlardan keyin oyiga 8 990 662 so'm qoladi; oylik daromadingiz 10 794 506 so'm — yetarli daraja; ish stajingiz uzoq — 7 yil 8 oy. Nima qilish mumkin: Qo'shimcha shart yo'q — hujjatlarni tasdiqlash uchun bank xodimi siz bilan bog'lanadi.,"Ma'qullandi: ball 640 (PD 3.0%), DTI 16.7% shift ichida. Asosiy ijobiy omillar: To'lovlardan keyingi erkin pul (+9 ball), Oylik daromad medianasi (+9 ball), Ish staji (oy) (+5 ball). Tasdiqlangan summa 9 991 425 so'm.",Bank oqimi / deklaratsiya (-4 ball),9991425,20900000,0.1671,0.1671,0.0344,v1
AP002189,599.6,0.112424,QOLDA_KORIB_CHIQISH,"Arizangiz bank xodimiga ko'rib chiqishga yuborildi. So'ragan 39 361 135 so'm ni to'liq bera olmaymiz, lekin 7 200 000 so'm sizning to'lov qobiliyatingizga to'g'ri keladi — bunda oylik to'lov 1 299 883 so'm bo'ladi. Yakuniy qarorni bank xodimi tasdiqlaydi. To'sqinlik qildi: barcha to'lovlardan keyin qo'lingizda pul umuman qolmaydi; mavjud qarz qoldig'i yillik daromadingizdan 0.5 barobar; oxirgi oylarda daromadingiz kamaygan. Foydangizga ishladi: bandlik turingiz (xususiy) barqaror daromad beradi; bank hisobingizdagi tushum deklaratsiya bilan mos; yangi kreditsiz ham qarz yukingiz past — daromadning 21% i. Nima qilish mumkin: To'lov qobiliyatingiz 7 200 000 so'm ga yetadi. Shu summani so'rasangiz, ariza qo'lda ko'rib chiqishga tushadi. Muddatni uzaytiring (hozir 6 oy) — oylik to'lov kamayadi va qarz yuki chegara ichiga tushadi.","Qo'lda ko'rib chiqish: So'ralgan summada DTI 178.6% — shift 50.0%; taklif: 7 200 000 so'm; Yangi to'lov daromadning 157.7% ini oladi — shift 35.0%. Diqqat talab qiladigan omillar: To'lovlardan keyingi erkin pul (-15), Qarz qoldig'i / yillik daromad (-11). Ball 600, tavsiya etilgan limit 7 200 000 so'm.",To'lovlardan keyingi erkin pul (-15 ball),7200000,0,1.7857,1.5769,0.1706,v1
AP002190,651.5,0.020524,MAQULLANDI,"Tabriklaymiz — kredit ma'qullandi. 13 069 550 so'm miqdorida kredit tasdiqlandi. Oylik to'lov taxminan 2 359 568 so'm bo'ladi. To'sqinlik qildi: bank hisobingizdagi tushum deklaratsiya bilan mos; bankimiz bilan tarixingiz qisqa — 1 yil 8 oy, sizni hali yaxshi bilmaymiz. Foydangizga ishladi: yangi kreditsiz ham qarz yukingiz past — daromadning 6% i; oylik daromadingiz 6 764 220 so'm — yetarli daraja; bandlik turingiz (byudjet) barqaror daromad beradi. Nima qilish mumkin: Qo'shimcha shart yo'q — hujjatlarni tasdiqlash uchun bank xodimi siz bilan bog'lanadi.","Ma'qullandi: ball 652 (PD 2.1%), DTI 40.6% shift ichida. Asosiy ijobiy omillar: Mavjud qarz yuki (yangi kreditsiz) (+14 ball), Oylik daromad medianasi (+12 ball), Bandlik turi (+11 ball). Tasdiqlangan summa 13 069 550 so'm.",Bank oqimi / deklaratsiya (-11 ball),13069550,13100000,0.4061,0.3488,0.0373,v1
AP002191,620.9,0.05713,QOLDA_KORIB_CHIQISH,"Arizangiz bank xodimiga ko'rib chiqishga yuborildi. Ko'rsatkichlaringiz chegaraviy zonada — avtomatik qaror o'rniga bank xodimi arizangizni qo'lda ko'rib chiqadi. To'sqinlik qildi: ish stajingiz qisqa — atigi 1 yil 9 oy; bankimiz bilan tarixingiz qisqa — 2 yil 3 oy, sizni hali yaxshi bilmaymiz; xarajatlaringiz daromadning 63% ini yeb qo'yadi. Foydangizga ishladi: oylik daromadingiz 7 650 016 so'm — yetarli daraja; bandlik turingiz (byudjet) barqaror daromad beradi; barcha to'lovlardan keyin oyiga 6 767 960 so'm qoladi. Nima qilish mumkin: Qo'shimcha shart yo'q — hujjatlarni tasdiqlash uchun bank xodimi siz bilan bog'lanadi.","Qo'lda ko'rib chiqish: Ball 621 — avtomatik ma'qullash chegarasi 630 dan past. Diqqat talab qiladigan omillar: Ish staji (oy) (-15), Bank bilan tarix (oy) (-4). Ball 621, tavsiya etilgan limit 4 885 673 so'm.",Ish staji (oy) (-15 ball),4885673,0,0.1153,0.1153,0.0323,v1
AP002192,643.9,0.026591,QOLDA_KORIB_CHIQISH,"Arizangiz bank xodimiga ko'rib chiqishga yuborildi. So'ragan 23 876 414 so'm ni to'liq bera olmaymiz, lekin 22 100 000 so'm sizning to'lov qobiliyatingizga to'g'ri keladi — bunda oylik to'lov 2 132 782 so'm bo'ladi. Yakuniy qarorni bank xodimi tasdiqlaydi. To'sqinlik qildi: oxirgi oylarda daromadingiz kamaygan; xarajatlaringiz daromadning 72% ini yeb qo'yadi; o'tmishda 45 kunlik kechikish qayd etilgan. Foydangizga ishladi: bank hisobingizdagi tushum deklaratsiya bilan mos; barcha to'lovlardan keyin oyiga 6 943 830 so'm qoladi; bandlik turingiz (xususiy) barqaror daromad beradi. Nima qilish mumkin: So'rovni 22 100 000 so'm gacha kamaytiring — bu summada ma'qullanish ehtimoli sezilarli oshadi. Muddatni uzaytiring (hozir 1 yil) — oylik to'lov kamayadi va qarz yuki chegara ichiga tushadi. Mavjud kreditlaringizdan birini yopsangiz, qarz yuki pasayadi va limit sezilarli oshadi.","Qo'lda ko'rib chiqish: So'ralgan summada DTI 51.2% — shift 50.0%; taklif: 22 100 000 so'm. Diqqat talab qiladigan omillar: Daromad trendi (2-yarim/1-yarim) (-7), Sarf intensivligi (chiqim/kirim) (-4). Ball 644, tavsiya etilgan limit 22 100 000 so'm.",Daromad trendi (2-yarim/1-yarim) (-7 ball),22100000,22100000,0.5115,0.1621,0.1529,v1
AP002193,622.6,0.053954,QOLDA_KORIB_CHIQISH,Arizangiz bank xodimiga ko'rib chiqishga yuborildi. Ko'rsatkichlaringiz chegaraviy zonada — avtomatik qaror o'rniga bank xodimi arizangizni qo'lda ko'rib chiqadi. To'sqinlik qildi: ish stajingiz qisqa — atigi 10 oy; daromadning 19% i naqd yechib olinadi — bank uchun bu ko'rinmas pul; xarajatlaringiz daromadning 71% ini yeb qo'yadi. Foydangizga ishladi: yangi kreditsiz ham qarz yukingiz past — daromadning 4% i; oylik daromadingiz 7 438 726 so'm — yetarli daraja; barcha to'lovlardan keyin oyiga 6 337 035 so'm qoladi. Nima qilish mumkin: Qo'shimcha shart yo'q — hujjatlarni tasdiqlash uchun bank xodimi siz bilan bog'lanadi.,"Qo'lda ko'rib chiqish: Ball 623 — avtomatik ma'qullash chegarasi 630 dan past. Diqqat talab qiladigan omillar: Ish staji (oy) (-15), Naqd yechish ulushi (-4). Ball 623, tavsiya etilgan limit 14 152 515 so'm.",Ish staji (oy) (-15 ball),14152515,0,0.1481,0.1044,0.0361,v1
AP002194,645.0,0.025588,MAQULLANDI,Tabriklaymiz — kredit ma'qullandi. 10 733 945 so'm miqdorida kredit tasdiqlandi. Oylik to'lov taxminan 1 035 890 so'm bo'ladi. To'sqinlik qildi: bank hisobingizdagi tushum deklaratsiya bilan mos; xarajatlaringiz daromadning 64% ini yeb qo'yadi. Foydangizga ishladi: oylik daromadingiz 7 195 318 so'm — yetarli daraja; barcha to'lovlardan keyin oyiga 6 159 428 so'm qoladi; bandlik turingiz (qurilish) barqaror daromad beradi. Nima qilish mumkin: Qo'shimcha shart yo'q — hujjatlarni tasdiqlash uchun bank xodimi siz bilan bog'lanadi.,"Ma'qullandi: ball 645 (PD 2.6%), DTI 14.4% shift ichida. Asosiy ijobiy omillar: Oylik daromad medianasi (+12 ball), To'lovlardan keyingi erkin pul (+9 ball), Bandlik turi (+9 ball). Tasdiqlangan summa 10 733 945 so'm.",Bank oqimi / deklaratsiya (-4 ball),10733945,26000000,0.144,0.144,0.0349,v1
AP002195,669.4,0.011137,MAQULLANDI,Tabriklaymiz — kredit ma'qullandi. 4 710 120 so'm miqdorida kredit tasdiqlandi. Oylik to'lov taxminan 850 362 so'm bo'ladi. To'sqinlik qildi: bank hisobingizdagi tushum deklaratsiya bilan mos. Foydangizga ishladi: yangi kreditsiz ham qarz yukingiz past — daromadning 9% i; ish stajingiz uzoq — 10 yil 2 oy; barcha to'lovlardan keyin oyiga 8 377 986 so'm qoladi. Nima qilish mumkin: Qo'shimcha shart yo'q — hujjatlarni tasdiqlash uchun bank xodimi siz bilan bog'lanadi.,"Ma'qullandi: ball 669 (PD 1.1%), DTI 17.6% shift ichida. Asosiy ijobiy omillar: Mavjud qarz yuki (yangi kreditsiz) (+14 ball), Ish staji (oy) (+13 ball), To'lovlardan keyingi erkin pul (+9 ball). Tasdiqlangan summa 4 710 120 so'm.",Bank oqimi / deklaratsiya (-2 ball),4710120,19700000,0.1757,0.0837,0.0298,v1
AP002196,611.9,0.076319,QOLDA_KORIB_CHIQISH,"Arizangiz bank xodimiga ko'rib chiqishga yuborildi. So'ragan 29 349 125 so'm ni to'liq bera olmaymiz, lekin 7 500 000 so'm sizning to'lov qobiliyatingizga to'g'ri keladi — bunda oylik to'lov 411 664 so'm bo'ladi. Yakuniy qarorni bank xodimi tasdiqlaydi. To'sqinlik qildi: oylik daromadingiz 1 177 723 so'm — so'ralgan summa uchun kam; bank hisobingizdagi tushum deklaratsiya bilan mos; oila a'zosiga oyiga atigi 392 574 so'm to'g'ri keladi. Foydangizga ishladi: bandlik turingiz (xususiy) barqaror daromad beradi; xarajatlaringiz daromadning 68% i — tejamkor; oxirgi oylarda daromadingiz o'sgan. Nima qilish mumkin: To'lov qobiliyatingiz 7 500 000 so'm ga yetadi. Shu summani so'rasangiz, ariza qo'lda ko'rib chiqishga tushadi. Muddatni uzaytiring (hozir 2 yil) — oylik to'lov kamayadi va qarz yuki chegara ichiga tushadi.","Qo'lda ko'rib chiqish: So'ralgan summada DTI 136.8% — shift 50.0%; taklif: 7 500 000 so'm; Yangi to'lov daromadning 136.8% ini oladi — shift 35.0%. Diqqat talab qiladigan omillar: Oylik daromad medianasi (-11), Bank oqimi / deklaratsiya (-4). Ball 612, tavsiya etilgan limit 7 500 000 so'm.",Oylik daromad medianasi (-11 ball),7500000,0,1.3678,1.3678,0.0302,v1
AP002197,560.6,0.328781,RAD_ETILDI,"Afsuski, hozircha kredit bera olmaymiz. Sabab: hozirgi daromadingiz mavjud to'lovlardan keyin yangi kreditni ko'tara olmaydi. To'sqinlik qildi: yangi kreditgacha ham mavjud to'lovlaringiz daromadning 56% ini oladi; ish stajingiz qisqa — atigi 1 yil 5 oy; bank hisobingizdagi tushum deklaratsiya bilan mos. Foydangizga ishladi: oylik daromadingiz 12 736 636 so'm — yetarli daraja; barcha to'lovlardan keyin oyiga 3 801 247 so'm qoladi; mavjud qarz qoldig'i yillik daromadingizga nisbatan kichik. Nima qilish mumkin: Mavjud kreditlaringizdan birini yopsangiz, qarz yuki pasayadi va limit sezilarli oshadi.","Rad etildi: So'ralgan summada DTI 70.2% — shift 50.0%; to'lov qobiliyati qolmagan; Defolt ehtimoli 32.9% — shift 20.0%. Ballga eng ko'p salbiy ta'sir: Mavjud qarz yuki (yangi kreditsiz) (-19 ball), Ish staji (oy) (-15 ball). Yakuniy ball 561.",Mavjud qarz yuki (yangi kreditsiz) (-19 ball),0,0,0.7016,0.1437,0.2422,v1
AP002198,625.7,0.04877,QOLDA_KORIB_CHIQISH,Arizangiz bank xodimiga ko'rib chiqishga yuborildi. Ko'rsatkichlaringiz chegaraviy zonada — avtomatik qaror o'rniga bank xodimi arizangizni qo'lda ko'rib chiqadi. To'sqinlik qildi: oxirgi oylarda daromadingiz kamaygan. Foydangizga ishladi: bandlik turingiz (qurilish) barqaror daromad beradi; barcha to'lovlardan keyin oyiga 4 050 880 so'm qoladi; xarajatlaringiz daromadning 73% i — tejamkor. Nima qilish mumkin: Qo'shimcha shart yo'q — hujjatlarni tasdiqlash uchun bank xodimi siz bilan bog'lanadi.,"Qo'lda ko'rib chiqish: Ball 626 — avtomatik ma'qullash chegarasi 630 dan past. Diqqat talab qiladigan omillar: Daromad trendi (2-yarim/1-yarim) (-7), Daromad o'zgaruvchanligi (CV) (-1). Ball 626, tavsiya etilgan limit 8 804 965 so'm.",Daromad trendi (2-yarim/1-yarim) (-7 ball),8804965,0,0.0962,0.0612,0.2588,v1
AP002199,631.7,0.03996,QOLDA_KORIB_CHIQISH,"Arizangiz bank xodimiga ko'rib chiqishga yuborildi. So'ragan 33 797 679 so'm ni to'liq bera olmaymiz, lekin 31 500 000 so'm sizning to'lov qobiliyatingizga to'g'ri keladi — bunda oylik to'lov 1 302 953 so'm bo'ladi. Yakuniy qarorni bank xodimi tasdiqlaydi. To'sqinlik qildi: bank hisobingizdagi tushum deklaratsiya bilan mos; bankimiz bilan tarixingiz qisqa — 3 yil 2 oy, sizni hali yaxshi bilmaymiz. Foydangizga ishladi: bandlik turingiz (xususiy) barqaror daromad beradi; xarajatlaringiz daromadning 68% i — tejamkor; oxirgi oylarda daromadingiz o'sgan. Nima qilish mumkin: So'rovni 31 500 000 so'm gacha kamaytiring — bu summada ma'qullanish ehtimoli sezilarli oshadi. Muddatni uzaytiring (hozir 3 yil) — oylik to'lov kamayadi va qarz yuki chegara ichiga tushadi.","Qo'lda ko'rib chiqish: Yangi to'lov daromadning 37.5% ini oladi — shift 35.0%. Diqqat talab qiladigan omillar: Bank oqimi / deklaratsiya (-4), Bank bilan tarix (oy) (-4). Ball 632, tavsiya etilgan limit 31 500 000 so'm.",Bank oqimi / deklaratsiya (-4 ball),31500000,31500000,0.3753,0.3753,0.0351,v1
AP002200,659.7,0.01554,MAQULLANDI,Tabriklaymiz — kredit ma'qullandi. 6 605 158 so'm miqdorida kredit tasdiqlandi. Oylik to'lov taxminan 362 547 so'm bo'ladi. To'sqinlik qildi: oylik daromadingiz 2 609 762 so'm — so'ralgan summa uchun kam; xarajatlaringiz daromadning 68% ini yeb qo'yadi. Foydangizga ishladi: bank hisobingizdagi tushum deklaratsiya bilan mos; yangi kreditsiz ham qarz yukingiz past — daromadning 7% i; bandlik turingiz (qurilish) barqaror daromad beradi. Nima qilish mumkin: Qo'shimcha shart yo'q — hujjatlarni tasdiqlash uchun bank xodimi siz bilan bog'lanadi.,"Ma'qullandi: ball 660 (PD 1.6%), DTI 20.5% shift ichida. Asosiy ijobiy omillar: Bank oqimi / deklaratsiya (+14 ball), Mavjud qarz yuki (yangi kreditsiz) (+14 ball), Bandlik turi (+9 ball). Tasdiqlangan summa 6 605 158 so'm.",Oylik daromad medianasi (-3 ball),6605158,16600000,0.2051,0.1389,0.0314,v1
AP002201,650.8,0.021062,MAQULLANDI,Tabriklaymiz — kredit ma'qullandi. 14 466 608 so'm miqdorida kredit tasdiqlandi. Oylik to'lov taxminan 450 430 so'm bo'ladi. To'sqinlik qildi: oxirgi oylarda daromadingiz kamaygan; o'tmishda 45 kunlik kechikish qayd etilgan; xarajatlaringiz daromadning 62% ini yeb qo'yadi. Foydangizga ishladi: bank hisobingizdagi tushum deklaratsiya bilan mos; yangi kreditsiz ham qarz yukingiz past — daromadning 14% i; barcha to'lovlardan keyin oyiga 10 471 233 so'm qoladi. Nima qilish mumkin: Qo'shimcha shart yo'q — hujjatlarni tasdiqlash uchun bank xodimi siz bilan bog'lanadi.,"Ma'qullandi: ball 651 (PD 2.1%), DTI 17.9% shift ichida. Asosiy ijobiy omillar: Bank oqimi / deklaratsiya (+14 ball), Mavjud qarz yuki (yangi kreditsiz) (+14 ball), To'lovlardan keyingi erkin pul (+9 ball). Tasdiqlangan summa 14 466 608 so'm.",Daromad trendi (2-yarim/1-yarim) (-7 ball),14466608,143300000,0.179,0.0353,0.3144,v1
AP002202,620.8,0.057229,QOLDA_KORIB_CHIQISH,"Arizangiz bank xodimiga ko'rib chiqishga yuborildi. So'ragan 22 590 972 so'm ni to'liq bera olmaymiz, lekin 12 600 000 so'm sizning to'lov qobiliyatingizga to'g'ri keladi — bunda oylik to'lov 1 215 975 so'm bo'ladi. Yakuniy qarorni bank xodimi tasdiqlaydi. To'sqinlik qildi: bank hisobingizdagi tushum deklaratsiya bilan mos; daromadning 19% i naqd yechib olinadi — bank uchun bu ko'rinmas pul; bankimiz bilan tarixingiz qisqa — 1 yil 7 oy, sizni hali yaxshi bilmaymiz. Foydangizga ishladi: bandlik turingiz (qurilish) barqaror daromad beradi; oxirgi oylarda daromadingiz o'sgan; barcha to'lovlardan keyin oyiga 1 317 627 so'm qoladi. Nima qilish mumkin: To'lov qobiliyatingiz 12 600 000 so'm ga yetadi. Shu summani so'rasangiz, ariza qo'lda ko'rib chiqishga tushadi. Muddatni uzaytiring (hozir 1 yil) — oylik to'lov kamayadi va qarz yuki chegara ichiga tushadi.","Qo'lda ko'rib chiqish: So'ralgan summada DTI 62.3% — shift 50.0%; taklif: 12 600 000 so'm; Yangi to'lov daromadning 62.3% ini oladi — shift 35.0%. Diqqat talab qiladigan omillar: Bank oqimi / deklaratsiya (-4), Naqd yechish ulushi (-4). Ball 621, tavsiya etilgan limit 12 600 000 so'm.",Bank oqimi / deklaratsiya (-4 ball),12600000,0,0.6233,0.6233,0.0231,v1
AP002203,551.2,0.404011,RAD_ETILDI,"Afsuski, hozircha kredit bera olmaymiz. Sabab: hozirgi daromadingiz mavjud to'lovlardan keyin yangi kreditni ko'tara olmaydi. To'sqinlik qildi: yangi kreditgacha ham mavjud to'lovlaringiz daromadning 100% ini oladi; barcha to'lovlardan keyin qo'lingizda pul umuman qolmaydi; mavjud qarz qoldig'i yillik daromadingizdan 0.3 barobar. Foydangizga ishladi: bandlik turingiz (xususiy) barqaror daromad beradi; ish stajingiz uzoq — 13 yil. Nima qilish mumkin: Mavjud kreditlaringizdan birini yopsangiz, qarz yuki pasayadi va limit sezilarli oshadi.","Rad etildi: So'ralgan summada DTI 163.5% — shift 50.0%; to'lov qobiliyati qolmagan; Yangi to'lov daromadning 63.2% ini oladi — shift 35.0%. Ballga eng ko'p salbiy ta'sir: Mavjud qarz yuki (yangi kreditsiz) (-19 ball), To'lovlardan keyingi erkin pul (-15 ball). Yakuniy ball 551.",Mavjud qarz yuki (yangi kreditsiz) (-19 ball),0,0,1.6349,0.6319,0.0317,v1
AP002204,621.6,0.055774,QOLDA_KORIB_CHIQISH,Arizangiz bank xodimiga ko'rib chiqishga yuborildi. Ko'rsatkichlaringiz chegaraviy zonada — avtomatik qaror o'rniga bank xodimi arizangizni qo'lda ko'rib chiqadi. To'sqinlik qildi: oylik daromadingiz 2 240 503 so'm — so'ralgan summa uchun kam; bank hisobingizdagi tushum deklaratsiya bilan mos; daromadning 20% i naqd yechib olinadi — bank uchun bu ko'rinmas pul. Foydangizga ishladi: bandlik turingiz (xususiy) barqaror daromad beradi; xarajatlaringiz daromadning 66% i — tejamkor; barcha to'lovlardan keyin oyiga 1 562 780 so'm qoladi. Nima qilish mumkin: Qo'shimcha shart yo'q — hujjatlarni tasdiqlash uchun bank xodimi siz bilan bog'lanadi.,"Qo'lda ko'rib chiqish: Ball 622 — avtomatik ma'qullash chegarasi 630 dan past. Diqqat talab qiladigan omillar: Oylik daromad medianasi (-11), Bank oqimi / deklaratsiya (-4). Ball 622, tavsiya etilgan limit 12 347 264 so'm.",Oylik daromad medianasi (-11 ball),12347264,0,0.3025,0.3025,0.0269,v1
AP002205,634.1,0.036976,QOLDA_KORIB_CHIQISH,"Arizangiz bank xodimiga ko'rib chiqishga yuborildi. So'ragan 25 210 091 so'm ni to'liq bera olmaymiz, lekin 19 200 000 so'm sizning to'lov qobiliyatingizga to'g'ri keladi — bunda oylik to'lov 1 053 859 so'm bo'ladi. Yakuniy qarorni bank xodimi tasdiqlaydi. To'sqinlik qildi: oylik daromadingiz 3 012 347 so'm — so'ralgan summa uchun kam; xarajatlaringiz daromadning 65% ini yeb qo'yadi. Foydangizga ishladi: bank hisobingizdagi tushum deklaratsiya bilan mos; barcha to'lovlardan keyin oyiga 1 628 603 so'm qoladi; yangi kreditsiz ham qarz yukingiz past — daromadning 0% i. Nima qilish mumkin: So'rovni 19 200 000 so'm gacha kamaytiring — bu summada ma'qullanish ehtimoli sezilarli oshadi. Muddatni uzaytiring (hozir 2 yil) — oylik to'lov kamayadi va qarz yuki chegara ichiga tushadi.","Qo'lda ko'rib chiqish: Yangi to'lov daromadning 45.9% ini oladi — shift 35.0%. Diqqat talab qiladigan omillar: Oylik daromad medianasi (-3), Sarf intensivligi (chiqim/kirim) (-3). Ball 634, tavsiya etilgan limit 19 200 000 so'm.",Oylik daromad medianasi (-3 ball),19200000,19200000,0.4594,0.4594,0.0347,v1
AP002206,561.0,0.325907,RAD_ETILDI,"Afsuski, hozircha kredit bera olmaymiz. Sabab: hozirgi daromadingiz mavjud to'lovlardan keyin yangi kreditni ko'tara olmaydi. To'sqinlik qildi: yangi kreditgacha ham mavjud to'lovlaringiz daromadning 150% ini oladi; barcha to'lovlardan keyin qo'lingizda pul umuman qolmaydi; mavjud qarz qoldig'i yillik daromadingizdan 0.4 barobar. Foydangizga ishladi: bandlik turingiz (xususiy) barqaror daromad beradi; bankimiz bilan tarixingiz uzoq — 9 yil 8 oy. Nima qilish mumkin: Mavjud kreditlaringizdan birini yopsangiz, qarz yuki pasayadi va limit sezilarli oshadi.","Rad etildi: So'ralgan summada DTI 175.2% — shift 50.0%; to'lov qobiliyati qolmagan; Defolt ehtimoli 32.6% — shift 20.0%. Ballga eng ko'p salbiy ta'sir: Mavjud qarz yuki (yangi kreditsiz) (-19 ball), To'lovlardan keyingi erkin pul (-15 ball). Yakuniy ball 561.",Mavjud qarz yuki (yangi kreditsiz) (-19 ball),0,0,1.7524,0.2513,0.1848,v1
AP002207,640.7,0.029558,MAQULLANDI,Tabriklaymiz — kredit ma'qullandi. 8 174 141 so'm miqdorida kredit tasdiqlandi. Oylik to'lov taxminan 254 509 so'm bo'ladi. To'sqinlik qildi: oylik daromadingiz 1 426 311 so'm — so'ralgan summa uchun kam; daromadning 19% i naqd yechib olinadi — bank uchun bu ko'rinmas pul. Foydangizga ishladi: bank hisobingizdagi tushum deklaratsiya bilan mos; bandlik turingiz (xususiy) barqaror daromad beradi; oxirgi oylarda daromadingiz o'sgan. Nima qilish mumkin: Qo'shimcha shart yo'q — hujjatlarni tasdiqlash uchun bank xodimi siz bilan bog'lanadi.,"Ma'qullandi: ball 641 (PD 3.0%), DTI 17.8% shift ichida. Asosiy ijobiy omillar: Bank oqimi / deklaratsiya (+14 ball), Bandlik turi (+9 ball), Daromad trendi (2-yarim/1-yarim) (+8 ball). Tasdiqlangan summa 8 174 141 so'm.",Oylik daromad medianasi (-11 ball),8174141,16000000,0.1784,0.1784,0.0335,v1
AP002208,635.9,0.034776,MAQULLANDI,"Tabriklaymiz — kredit ma'qullandi. 9 464 503 so'm miqdorida kredit tasdiqlandi. Oylik to'lov taxminan 391 486 so'm bo'ladi. To'sqinlik qildi: ish stajingiz qisqa — atigi 2 yil; bankimiz bilan tarixingiz qisqa — 1 oy, sizni hali yaxshi bilmaymiz; bank hisobingizdagi tushum deklaratsiya bilan mos. Foydangizga ishladi: yangi kreditsiz ham qarz yukingiz past — daromadning 11% i; barcha to'lovlardan keyin oyiga 13 230 788 so'm qoladi; bandlik turingiz (xususiy) barqaror daromad beradi. Nima qilish mumkin: Qo'shimcha shart yo'q — hujjatlarni tasdiqlash uchun bank xodimi siz bilan bog'lanadi.","Ma'qullandi: ball 636 (PD 3.5%), DTI 13.6% shift ichida. Asosiy ijobiy omillar: Mavjud qarz yuki (yangi kreditsiz) (+14 ball), To'lovlardan keyingi erkin pul (+9 ball), Bandlik turi (+9 ball). Tasdiqlangan summa 9 464 503 so'm.",Ish staji (oy) (-15 ball),9464503,129500000,0.1361,0.0256,0.2591,v1
AP002209,592.9,0.137951,QOLDA_KORIB_CHIQISH,"Arizangiz bank xodimiga ko'rib chiqishga yuborildi. So'ragan 14 053 287 so'm ni to'liq bera olmaymiz, lekin 6 200 000 so'm sizning to'lov qobiliyatingizga to'g'ri keladi — bunda oylik to'lov 1 119 344 so'm bo'ladi. Yakuniy qarorni bank xodimi tasdiqlaydi. To'sqinlik qildi: bank hisobingizdagi tushum deklaratsiya bilan mos; xarajatlaringiz daromadning 71% ini yeb qo'yadi; oylik daromadingiz 3 216 474 so'm — so'ralgan summa uchun kam. Foydangizga ishladi: yangi kreditsiz ham qarz yukingiz past — daromadning 0% i; mavjud qarz qoldig'i yillik daromadingizga nisbatan kichik; bankimiz bilan tarixingiz uzoq — 5 yil 11 oy. Nima qilish mumkin: To'lov qobiliyatingiz 6 200 000 so'm ga yetadi. Shu summani so'rasangiz, ariza qo'lda ko'rib chiqishga tushadi. Muddatni uzaytiring (hozir 6 oy) — oylik to'lov kamayadi va qarz yuki chegara ichiga tushadi.","Qo'lda ko'rib chiqish: So'ralgan summada DTI 78.9% — shift 50.0%; taklif: 6 200 000 so'm; Yangi to'lov daromadning 78.9% ini oladi — shift 35.0%. Diqqat talab qiladigan omillar: Bank oqimi / deklaratsiya (-11), Sarf intensivligi (chiqim/kirim) (-4). Ball 593, tavsiya etilgan limit 6 200 000 so'm.",Bank oqimi / deklaratsiya (-11 ball),6200000,0,0.7888,0.7888,0.2047,v1
AP002210,480.4,0.88739,RAD_ETILDI,"Afsuski, hozircha kredit bera olmaymiz. Sabab: hozirda doimiy ish joyingiz va muntazam daromadingiz yo'q. To'sqinlik qildi: bandlik turingiz (ishsiz) yuqori xavfli guruhda; yangi kreditgacha ham mavjud to'lovlaringiz daromadning 62% ini oladi; ish stajingiz qisqa — atigi 0 oy. Foydangizga ishladi: oxirgi oylarda daromadingiz o'sgan; oylik daromadingiz 3 935 141 so'm — yetarli daraja; oila a'zosiga oyiga 3 935 141 so'm to'g'ri keladi — yetarli. Nima qilish mumkin: Mavjud kreditlaringizdan birini yopsangiz, qarz yuki pasayadi va limit sezilarli oshadi. Rasmiy ish joyi va muntazam daromad tasdiqlangach murojaat qiling — bu asosiy shart.","Rad etildi: Bandlik holati: ishsiz — doimiy daromad manbai yo'q; So'ralgan summada DTI 75.5% — shift 50.0%; to'lov qobiliyati qolmagan. Ballga eng ko'p salbiy ta'sir: Bandlik turi (-68 ball), Mavjud qarz yuki (yangi kreditsiz) (-19 ball). Yakuniy ball 480.",Bandlik turi (-68 ball),0,0,0.7547,0.1313,0.2806,v1
AP002211,656.4,0.017403,MAQULLANDI,Tabriklaymiz — kredit ma'qullandi. 4 778 864 so'm miqdorida kredit tasdiqlandi. Oylik to'lov taxminan 148 794 so'm bo'ladi. To'sqinlik qildi: bank hisobingizdagi tushum deklaratsiya bilan mos. Foydangizga ishladi: yangi kreditsiz ham qarz yukingiz past — daromadning 13% i; bandlik turingiz (byudjet) barqaror daromad beradi; barcha to'lovlardan keyin oyiga 12 623 487 so'm qoladi. Nima qilish mumkin: Qo'shimcha shart yo'q — hujjatlarni tasdiqlash uchun bank xodimi siz bilan bog'lanadi.,"Ma'qullandi: ball 656 (PD 1.7%), DTI 13.7% shift ichida. Asosiy ijobiy omillar: Mavjud qarz yuki (yangi kreditsiz) (+14 ball), Bandlik turi (+11 ball), To'lovlardan keyingi erkin pul (+9 ball). Tasdiqlangan summa 4 778 864 so'm.",Bank oqimi / deklaratsiya (-11 ball),4778864,164400000,0.1374,0.0102,0.0365,v1
AP002212,597.0,0.121697,QOLDA_KORIB_CHIQISH,"Arizangiz bank xodimiga ko'rib chiqishga yuborildi. So'ragan 115 115 218 so'm ni to'liq bera olmaymiz, lekin 14 300 000 so'm sizning to'lov qobiliyatingizga to'g'ri keladi — bunda oylik to'lov 1 380 036 so'm bo'ladi. Yakuniy qarorni bank xodimi tasdiqlaydi. To'sqinlik qildi: barcha to'lovlardan keyin qo'lingizda pul umuman qolmaydi; bankimiz bilan tarixingiz qisqa — 2 yil 9 oy, sizni hali yaxshi bilmaymiz; oxirgi oylarda daromadingiz kamaygan. Foydangizga ishladi: xarajatlaringiz daromadning 66% i — tejamkor; yangi kreditsiz ham qarz yukingiz past — daromadning 0% i; mavjud qarz qoldig'i yillik daromadingizga nisbatan kichik. Nima qilish mumkin: To'lov qobiliyatingiz 14 300 000 so'm ga yetadi. Shu summani so'rasangiz, ariza qo'lda ko'rib chiqishga tushadi. Muddatni uzaytiring (hozir 1 yil) — oylik to'lov kamayadi va qarz yuki chegara ichiga tushadi.","Qo'lda ko'rib chiqish: So'ralgan summada DTI 280.9% — shift 50.0%; taklif: 14 300 000 so'm; Yangi to'lov daromadning 280.9% ini oladi — shift 35.0%. Diqqat talab qiladigan omillar: To'lovlardan keyingi erkin pul (-15), Bank bilan tarix (oy) (-4). Ball 597, tavsiya etilgan limit 14 300 000 so'm.",To'lovlardan keyingi erkin pul (-15 ball),14300000,0,2.8089,2.8089,0.039,v1
AP002213,622.4,0.0543,QOLDA_KORIB_CHIQISH,Arizangiz bank xodimiga ko'rib chiqishga yuborildi. Ko'rsatkichlaringiz chegaraviy zonada — avtomatik qaror o'rniga bank xodimi arizangizni qo'lda ko'rib chiqadi. To'sqinlik qildi: oxirgi oylarda daromadingiz kamaygan; bank hisobingizdagi tushum deklaratsiya bilan mos; daromadning 19% i naqd yechib olinadi — bank uchun bu ko'rinmas pul. Foydangizga ishladi: oylik daromadingiz 6 178 958 so'm — yetarli daraja; bandlik turingiz (xususiy) barqaror daromad beradi; barcha to'lovlardan keyin oyiga 4 619 103 so'm qoladi. Nima qilish mumkin: Qo'shimcha shart yo'q — hujjatlarni tasdiqlash uchun bank xodimi siz bilan bog'lanadi.,"Qo'lda ko'rib chiqish: Ball 622 — avtomatik ma'qullash chegarasi 630 dan past. Diqqat talab qiladigan omillar: Daromad trendi (2-yarim/1-yarim) (-7), Bank oqimi / deklaratsiya (-4). Ball 622, tavsiya etilgan limit 16 163 292 so'm.",Daromad trendi (2-yarim/1-yarim) (-7 ball),16163292,0,0.2524,0.2524,0.0364,v1
AP002214,557.6,0.352186,RAD_ETILDI,"Afsuski, hozircha kredit bera olmaymiz. Sabab: kredit tarixingizda 95 kunlik kechikish bor. To'sqinlik qildi: o'tmishda 95 kunlik kechikish qayd etilgan; barcha to'lovlardan keyin qo'lingizda pul umuman qolmaydi; mavjud qarz qoldig'i yillik daromadingizdan 0.3 barobar. Foydangizga ishladi: yangi kreditsiz ham qarz yukingiz past — daromadning 32% i; bandlik turingiz (IT) barqaror daromad beradi; bankimiz bilan tarixingiz uzoq — 5 yil 8 oy. Nima qilish mumkin: Mavjud kreditlaringizdan birini yopsangiz, qarz yuki pasayadi va limit sezilarli oshadi. Kechikish yopilgandan keyin 12 oy toza to'lov tarixi to'plang, so'ng qayta murojaat qiling.","Rad etildi: O'tmishda 95 kunlik kechikish (90+ kun — qattiq to'siq); So'ralgan summada DTI 148.1% — shift 50.0%; to'lov qobiliyati qolmagan. Ballga eng ko'p salbiy ta'sir: O'tmishdagi maks. kechikish (kun) (-16 ball), To'lovlardan keyingi erkin pul (-15 ball). Yakuniy ball 558.",O'tmishdagi maks. kechikish (kun) (-16 ball),0,0,1.4815,1.1569,0.0321,v1
AP002215,643.4,0.026992,MAQULLANDI,Tabriklaymiz — kredit ma'qullandi. 18 882 251 so'm miqdorida kredit tasdiqlandi. Oylik to'lov taxminan 781 038 so'm bo'ladi. To'sqinlik qildi: bank hisobingizdagi tushum deklaratsiya bilan mos; xarajatlaringiz daromadning 69% ini yeb qo'yadi. Foydangizga ishladi: barcha to'lovlardan keyin oyiga 18 164 398 so'm qoladi; bandlik turingiz (qurilish) barqaror daromad beradi; oylik daromadingiz 18 945 436 so'm — yetarli daraja. Nima qilish mumkin: Qo'shimcha shart yo'q — hujjatlarni tasdiqlash uchun bank xodimi siz bilan bog'lanadi.,"Ma'qullandi: ball 643 (PD 2.7%), DTI 4.1% shift ichida. Asosiy ijobiy omillar: To'lovlardan keyingi erkin pul (+9 ball), Bandlik turi (+9 ball), Oylik daromad medianasi (+9 ball). Tasdiqlangan summa 18 882 251 so'm.",Bank oqimi / deklaratsiya (-4 ball),18882251,160300000,0.0412,0.0412,0.0346,v1
AP002216,645.1,0.025534,MAQULLANDI,Tabriklaymiz — kredit ma'qullandi. 8 352 306 so'm miqdorida kredit tasdiqlandi. Oylik to'lov taxminan 345 481 so'm bo'ladi. To'sqinlik qildi: bank hisobingizdagi tushum deklaratsiya bilan mos. Foydangizga ishladi: oylik daromadingiz 5 870 346 so'm — yetarli daraja; bandlik turingiz (byudjet) barqaror daromad beradi; barcha to'lovlardan keyin oyiga 5 524 864 so'm qoladi. Nima qilish mumkin: Qo'shimcha shart yo'q — hujjatlarni tasdiqlash uchun bank xodimi siz bilan bog'lanadi.,"Ma'qullandi: ball 645 (PD 2.6%), DTI 5.9% shift ichida. Asosiy ijobiy omillar: Oylik daromad medianasi (+12 ball), Bandlik turi (+11 ball), To'lovlardan keyingi erkin pul (+8 ball). Tasdiqlangan summa 8 352 306 so'm.",Bank oqimi / deklaratsiya (-11 ball),8352306,49600000,0.0589,0.0589,0.0246,v1
AP002217,603.8,0.098781,QOLDA_KORIB_CHIQISH,"Arizangiz bank xodimiga ko'rib chiqishga yuborildi. So'ragan 14 658 988 so'm ni to'liq bera olmaymiz, lekin 2 500 000 so'm sizning to'lov qobiliyatingizga to'g'ri keladi — bunda oylik to'lov 137 221 so'm bo'ladi. Yakuniy qarorni bank xodimi tasdiqlaydi. To'sqinlik qildi: oylik daromadingiz 1 595 675 so'm — so'ralgan summa uchun kam; bankimiz bilan tarixingiz qisqa — 11 oy, sizni hali yaxshi bilmaymiz; o'tmishda 45 kunlik kechikish qayd etilgan. Foydangizga ishladi: bank hisobingizdagi tushum deklaratsiya bilan mos; yangi kreditsiz ham qarz yukingiz past — daromadning 41% i; oxirgi oylarda daromadingiz o'sgan. Nima qilish mumkin: To'lov qobiliyatingiz 2 500 000 so'm ga yetadi. Shu summani so'rasangiz, ariza qo'lda ko'rib chiqishga tushadi. Muddatni uzaytiring (hozir 2 yil) — oylik to'lov kamayadi va qarz yuki chegara ichiga tushadi. Mavjud kreditlaringizdan birini yopsangiz, qarz yuki pasayadi va limit sezilarli oshadi.","Qo'lda ko'rib chiqish: So'ralgan summada DTI 91.7% — shift 50.0%; taklif: 2 500 000 so'm; Yangi to'lov daromadning 50.4% ini oladi — shift 35.0%. Diqqat talab qiladigan omillar: Oylik daromad medianasi (-11), Bank bilan tarix (oy) (-4). Ball 604, tavsiya etilgan limit 2 500 000 so'm.",Oylik daromad medianasi (-11 ball),2500000,0,0.9172,0.5042,0.0333,v1
AP002218,641.1,0.029202,MAQULLANDI,"Tabriklaymiz — kredit ma'qullandi. 16 362 441 so'm miqdorida kredit tasdiqlandi. Oylik to'lov taxminan 898 110 so'm bo'ladi. To'sqinlik qildi: bank hisobingizdagi tushum deklaratsiya bilan mos; bankimiz bilan tarixingiz qisqa — 9 oy, sizni hali yaxshi bilmaymiz. Foydangizga ishladi: oylik daromadingiz 5 918 138 so'm — yetarli daraja; bandlik turingiz (byudjet) barqaror daromad beradi; barcha to'lovlardan keyin oyiga 5 020 028 so'm qoladi. Nima qilish mumkin: Qo'shimcha shart yo'q — hujjatlarni tasdiqlash uchun bank xodimi siz bilan bog'lanadi.","Ma'qullandi: ball 641 (PD 2.9%), DTI 15.2% shift ichida. Asosiy ijobiy omillar: Oylik daromad medianasi (+12 ball), Bandlik turi (+11 ball), To'lovlardan keyingi erkin pul (+8 ball). Tasdiqlangan summa 16 362 441 so'm.",Bank oqimi / deklaratsiya (-4 ball),16362441,37700000,0.1518,0.1518,0.0356,v1
AP002219,620.5,0.057846,QOLDA_KORIB_CHIQISH,"Arizangiz bank xodimiga ko'rib chiqishga yuborildi. So'ragan 24 736 560 so'm ni to'liq bera olmaymiz, lekin 13 900 000 so'm sizning to'lov qobiliyatingizga to'g'ri keladi — bunda oylik to'lov 1 341 433 so'm bo'ladi. Yakuniy qarorni bank xodimi tasdiqlaydi. To'sqinlik qildi: daromadning 19% i naqd yechib olinadi — bank uchun bu ko'rinmas pul; bankimiz bilan tarixingiz qisqa — 2 yil 11 oy, sizni hali yaxshi bilmaymiz; xarajatlaringiz daromadning 71% ini yeb qo'yadi. Foydangizga ishladi: yangi kreditsiz ham qarz yukingiz past — daromadning 14% i; bandlik turingiz (xususiy) barqaror daromad beradi; mavjud qarz qoldig'i yillik daromadingizga nisbatan kichik. Nima qilish mumkin: To'lov qobiliyatingiz 13 900 000 so'm ga yetadi. Shu summani so'rasangiz, ariza qo'lda ko'rib chiqishga tushadi. Muddatni uzaytiring (hozir 1 yil) — oylik to'lov kamayadi va qarz yuki chegara ichiga tushadi.","Qo'lda ko'rib chiqish: So'ralgan summada DTI 75.8% — shift 50.0%; taklif: 13 900 000 so'm; Yangi to'lov daromadning 61.9% ini oladi — shift 35.0%. Diqqat talab qiladigan omillar: Naqd yechish ulushi (-4), Bank bilan tarix (oy) (-4). Ball 621, tavsiya etilgan limit 13 900 000 so'm.",Naqd yechish ulushi (-4 ball),13900000,0,0.7577,0.6189,0.0297,v1
AP002220,568.6,0.271,RAD_ETILDI,"Afsuski, hozircha kredit bera olmaymiz. Sabab: hozirgi daromadingiz mavjud to'lovlardan keyin yangi kreditni ko'tara olmaydi. To'sqinlik qildi: yangi kreditgacha ham mavjud to'lovlaringiz daromadning 88% ini oladi; oylik daromadingiz 1 700 478 so'm — so'ralgan summa uchun kam; oxirgi oylarda daromadingiz kamaygan. Foydangizga ishladi: bank hisobingizdagi tushum deklaratsiya bilan mos; mavjud qarz qoldig'i yillik daromadingizga nisbatan kichik; bandlik turingiz (transport) barqaror daromad beradi. Nima qilish mumkin: Mavjud kreditlaringizdan birini yopsangiz, qarz yuki pasayadi va limit sezilarli oshadi.","Rad etildi: So'ralgan summada DTI 136.7% — shift 50.0%; to'lov qobiliyati qolmagan; Yangi to'lov daromadning 48.2% ini oladi — shift 35.0%. Ballga eng ko'p salbiy ta'sir: Mavjud qarz yuki (yangi kreditsiz) (-19 ball), Oylik daromad medianasi (-11 ball). Yakuniy ball 569.",Mavjud qarz yuki (yangi kreditsiz) (-19 ball),0,0,1.367,0.4822,0.2264,v1
AP002221,629.1,0.043572,QOLDA_KORIB_CHIQISH,"Arizangiz bank xodimiga ko'rib chiqishga yuborildi. So'ragan 15 803 471 so'm ni to'liq bera olmaymiz, lekin 10 500 000 so'm sizning to'lov qobiliyatingizga to'g'ri keladi — bunda oylik to'lov 1 013 313 so'm bo'ladi. Yakuniy qarorni bank xodimi tasdiqlaydi. To'sqinlik qildi: oxirgi oylarda daromadingiz kamaygan; oylik daromadingiz 3 282 515 so'm — so'ralgan summa uchun kam; xarajatlaringiz daromadning 69% ini yeb qo'yadi. Foydangizga ishladi: ish stajingiz uzoq — 12 yil 4 oy; yangi kreditsiz ham qarz yukingiz past — daromadning 19% i; barcha to'lovlardan keyin oyiga 1 135 095 so'm qoladi. Nima qilish mumkin: So'rovni 4 900 000 so'm gacha kamaytiring — bu summada ma'qullanish ehtimoli sezilarli oshadi. Muddatni uzaytiring (hozir 1 yil) — oylik to'lov kamayadi va qarz yuki chegara ichiga tushadi.","Qo'lda ko'rib chiqish: So'ralgan summada DTI 65.4% — shift 50.0%; taklif: 10 500 000 so'm; Yangi to'lov daromadning 46.5% ini oladi — shift 35.0%. Diqqat talab qiladigan omillar: Daromad trendi (2-yarim/1-yarim) (-7), Oylik daromad medianasi (-3). Ball 629, tavsiya etilgan limit 10 500 000 so'm.",Daromad trendi (2-yarim/1-yarim) (-7 ball),10500000,4900000,0.6542,0.4646,0.2117,v1
AP002222,636.1,0.034504,QOLDA_KORIB_CHIQISH,"Arizangiz bank xodimiga ko'rib chiqishga yuborildi. So'ragan 15 554 655 so'm ni to'liq bera olmaymiz, lekin 9 800 000 so'm sizning to'lov qobiliyatingizga to'g'ri keladi — bunda oylik to'lov 1 769 285 so'm bo'ladi. Yakuniy qarorni bank xodimi tasdiqlaydi. To'sqinlik qildi: daromadning 19% i naqd yechib olinadi — bank uchun bu ko'rinmas pul; xarajatlaringiz daromadning 71% ini yeb qo'yadi. Foydangizga ishladi: bank hisobingizdagi tushum deklaratsiya bilan mos; yangi kreditsiz ham qarz yukingiz past — daromadning 14% i; barcha to'lovlardan keyin oyiga 1 570 101 so'm qoladi. Nima qilish mumkin: So'rovni 9 800 000 so'm gacha kamaytiring — bu summada ma'qullanish ehtimoli sezilarli oshadi. Muddatni uzaytiring (hozir 6 oy) — oylik to'lov kamayadi va qarz yuki chegara ichiga tushadi.","Qo'lda ko'rib chiqish: So'ralgan summada DTI 69.2% — shift 50.0%; taklif: 9 800 000 so'm; Yangi to'lov daromadning 55.1% ini oladi — shift 35.0%. Diqqat talab qiladigan omillar: Naqd yechish ulushi (-4), Sarf intensivligi (chiqim/kirim) (-4). Ball 636, tavsiya etilgan limit 9 800 000 so'm.",Naqd yechish ulushi (-4 ball),9800000,9800000,0.6921,0.5507,0.0328,v1
AP002223,588.0,0.159466,RAD_ETILDI,"Afsuski, hozircha kredit bera olmaymiz. Sabab: hozirgi daromadingiz mavjud to'lovlardan keyin yangi kreditni ko'tara olmaydi. To'sqinlik qildi: yangi kreditgacha ham mavjud to'lovlaringiz daromadning 77% ini oladi; barcha to'lovlardan keyin qo'lingizda pul umuman qolmaydi. Foydangizga ishladi: bank hisobingizdagi tushum deklaratsiya bilan mos; ish stajingiz uzoq — 9 yil 5 oy; mavjud qarz qoldig'i yillik daromadingizga nisbatan kichik. Nima qilish mumkin: Mavjud kreditlaringizdan birini yopsangiz, qarz yuki pasayadi va limit sezilarli oshadi.","Rad etildi: So'ralgan summada DTI 200.9% — shift 50.0%; to'lov qobiliyati qolmagan; Yangi to'lov daromadning 124.1% ini oladi — shift 35.0%. Ballga eng ko'p salbiy ta'sir: Mavjud qarz yuki (yangi kreditsiz) (-19 ball), To'lovlardan keyingi erkin pul (-15 ball). Yakuniy ball 588.",Mavjud qarz yuki (yangi kreditsiz) (-19 ball),0,0,2.0092,1.2411,0.0331,v1
AP002224,655.3,0.018071,MAQULLANDI,Tabriklaymiz — kredit ma'qullandi. 24 194 612 so'm miqdorida kredit tasdiqlandi. Oylik to'lov taxminan 1 000 776 so'm bo'ladi. To'sqinlik qildi: ish stajingiz qisqa — atigi 1 yil 2 oy; bank hisobingizdagi tushum deklaratsiya bilan mos. Foydangizga ishladi: yangi kreditsiz ham qarz yukingiz past — daromadning 6% i; oylik daromadingiz 6 892 833 so'm — yetarli daraja; bandlik turingiz (byudjet) barqaror daromad beradi. Nima qilish mumkin: Qo'shimcha shart yo'q — hujjatlarni tasdiqlash uchun bank xodimi siz bilan bog'lanadi.,"Ma'qullandi: ball 655 (PD 1.8%), DTI 20.5% shift ichida. Asosiy ijobiy omillar: Mavjud qarz yuki (yangi kreditsiz) (+14 ball), Oylik daromad medianasi (+12 ball), Bandlik turi (+11 ball). Tasdiqlangan summa 24 194 612 so'm.",Ish staji (oy) (-15 ball),24194612,58300000,0.2048,0.1452,0.0256,v1
AP002225,637.4,0.033072,MAQULLANDI,"Tabriklaymiz — kredit ma'qullandi. 5 719 799 so'm miqdorida kredit tasdiqlandi. Oylik to'lov taxminan 551 995 so'm bo'ladi. To'sqinlik qildi: ish stajingiz qisqa — atigi 1 yil 6 oy; bankimiz bilan tarixingiz qisqa — 1 yil 11 oy, sizni hali yaxshi bilmaymiz. Foydangizga ishladi: bank hisobingizdagi tushum deklaratsiya bilan mos; bandlik turingiz (qurilish) barqaror daromad beradi; yangi kreditsiz ham qarz yukingiz past — daromadning 26% i. Nima qilish mumkin: Mavjud kreditlaringizdan birini yopsangiz, qarz yuki pasayadi va limit sezilarli oshadi.","Ma'qullandi: ball 637 (PD 3.3%), DTI 41.1% shift ichida. Asosiy ijobiy omillar: Bank oqimi / deklaratsiya (+14 ball), Bandlik turi (+9 ball), Mavjud qarz yuki (yangi kreditsiz) (+8 ball). Tasdiqlangan summa 5 719 799 so'm.",Ish staji (oy) (-15 ball),5719799,9000000,0.4109,0.1529,0.0245,v1
AP002226,663.2,0.013804,MAQULLANDI,Tabriklaymiz — kredit ma'qullandi. 16 439 110 so'm miqdorida kredit tasdiqlandi. Oylik to'lov taxminan 679 981 so'm bo'ladi. To'sqinlik qildi: xarajatlaringiz daromadning 70% ini yeb qo'yadi. Foydangizga ishladi: bank hisobingizdagi tushum deklaratsiya bilan mos; oylik daromadingiz 7 910 731 so'm — yetarli daraja; barcha to'lovlardan keyin oyiga 7 027 985 so'm qoladi. Nima qilish mumkin: Qo'shimcha shart yo'q — hujjatlarni tasdiqlash uchun bank xodimi siz bilan bog'lanadi.,"Ma'qullandi: ball 663 (PD 1.4%), DTI 11.2% shift ichida. Asosiy ijobiy omillar: Bank oqimi / deklaratsiya (+14 ball), Oylik daromad medianasi (+12 ball), To'lovlardan keyingi erkin pul (+9 ball). Tasdiqlangan summa 16 439 110 so'm.",Sarf intensivligi (chiqim/kirim) (-4 ball),16439110,66900000,0.1116,0.086,0.0321,v1
AP002227,619.3,0.060253,QOLDA_KORIB_CHIQISH,"Arizangiz bank xodimiga ko'rib chiqishga yuborildi. Ko'rsatkichlaringiz chegaraviy zonada — avtomatik qaror o'rniga bank xodimi arizangizni qo'lda ko'rib chiqadi. To'sqinlik qildi: ish stajingiz qisqa — atigi 5 oy; bankimiz bilan tarixingiz qisqa — 4 oy, sizni hali yaxshi bilmaymiz; daromadning 20% i naqd yechib olinadi — bank uchun bu ko'rinmas pul. Foydangizga ishladi: barcha to'lovlardan keyin oyiga 8 547 491 so'm qoladi; bandlik turingiz (qurilish) barqaror daromad beradi; oylik daromadingiz 10 414 562 so'm — yetarli daraja. Nima qilish mumkin: Qo'shimcha shart yo'q — hujjatlarni tasdiqlash uchun bank xodimi siz bilan bog'lanadi.","Qo'lda ko'rib chiqish: Ball 619 — avtomatik ma'qullash chegarasi 630 dan past. Diqqat talab qiladigan omillar: Ish staji (oy) (-15), Bank bilan tarix (oy) (-4). Ball 619, tavsiya etilgan limit 45 138 034 so'm.",Ish staji (oy) (-15 ball),45138034,0,0.1793,0.1793,0.0322,v1
AP002228,591.6,0.143328,RAD_ETILDI,"Afsuski, hozircha kredit bera olmaymiz. Sabab: hozirgi daromadingiz mavjud to'lovlardan keyin yangi kreditni ko'tara olmaydi. To'sqinlik qildi: yangi kreditgacha ham mavjud to'lovlaringiz daromadning 75% ini oladi; mavjud qarz qoldig'i yillik daromadingizdan 0.3 barobar; xarajatlaringiz daromadning 69% ini yeb qo'yadi. Foydangizga ishladi: ish stajingiz uzoq — 11 yil 1 oy; bandlik turingiz (qurilish) barqaror daromad beradi; oylik daromadingiz 3 814 538 so'm — yetarli daraja. Nima qilish mumkin: Mavjud kreditlaringizdan birini yopsangiz, qarz yuki pasayadi va limit sezilarli oshadi.","Rad etildi: So'ralgan summada DTI 103.5% — shift 50.0%; to'lov qobiliyati qolmagan. Ballga eng ko'p salbiy ta'sir: Mavjud qarz yuki (yangi kreditsiz) (-19 ball), Qarz qoldig'i / yillik daromad (-11 ball). Yakuniy ball 592.",Mavjud qarz yuki (yangi kreditsiz) (-19 ball),0,0,1.0354,0.2887,0.1408,v1
AP002229,532.2,0.567039,RAD_ETILDI,"Afsuski, hozircha kredit bera olmaymiz. Sabab: hozirda doimiy ish joyingiz va muntazam daromadingiz yo'q. To'sqinlik qildi: bandlik turingiz (ishsiz) yuqori xavfli guruhda; ish stajingiz qisqa — atigi 0 oy; mavjud qarz qoldig'i yillik daromadingizdan 0.3 barobar. Foydangizga ishladi: yangi kreditsiz ham qarz yukingiz past — daromadning 23% i; oxirgi oylarda daromadingiz o'sgan; xarajatlaringiz daromadning 66% i — tejamkor. Nima qilish mumkin: Rasmiy ish joyi va muntazam daromad tasdiqlangach murojaat qiling — bu asosiy shart.","Rad etildi: Bandlik holati: ishsiz — doimiy daromad manbai yo'q; Defolt ehtimoli 56.7% — shift 20.0%. Ballga eng ko'p salbiy ta'sir: Bandlik turi (-68 ball), Ish staji (oy) (-15 ball). Yakuniy ball 532.",Bandlik turi (-68 ball),0,0,0.4658,0.2342,0.3421,v1
AP002230,628.9,0.043936,QOLDA_KORIB_CHIQISH,"Arizangiz bank xodimiga ko'rib chiqishga yuborildi. Ko'rsatkichlaringiz chegaraviy zonada — avtomatik qaror o'rniga bank xodimi arizangizni qo'lda ko'rib chiqadi. To'sqinlik qildi: ish stajingiz qisqa — atigi 7 oy; bankimiz bilan tarixingiz qisqa — 2 yil 2 oy, sizni hali yaxshi bilmaymiz; xarajatlaringiz daromadning 68% ini yeb qo'yadi. Foydangizga ishladi: yangi kreditsiz ham qarz yukingiz past — daromadning 6% i; barcha to'lovlardan keyin oyiga 11 201 410 so'm qoladi; oylik daromadingiz 13 180 921 so'm — yetarli daraja. Nima qilish mumkin: Qo'shimcha shart yo'q — hujjatlarni tasdiqlash uchun bank xodimi siz bilan bog'lanadi.","Qo'lda ko'rib chiqish: Ball 629 — avtomatik ma'qullash chegarasi 630 dan past. Diqqat talab qiladigan omillar: Ish staji (oy) (-15), Bank bilan tarix (oy) (-4). Ball 629, tavsiya etilgan limit 37 292 820 so'm.",Ish staji (oy) (-15 ball),37292820,0,0.1502,0.0881,0.2784,v1
AP002231,623.9,0.051698,QOLDA_KORIB_CHIQISH,"Arizangiz bank xodimiga ko'rib chiqishga yuborildi. Ko'rsatkichlaringiz chegaraviy zonada — avtomatik qaror o'rniga bank xodimi arizangizni qo'lda ko'rib chiqadi. To'sqinlik qildi: ish stajingiz qisqa — atigi 1 oy; bankimiz bilan tarixingiz qisqa — 3 yil 1 oy, sizni hali yaxshi bilmaymiz; xarajatlaringiz daromadning 69% ini yeb qo'yadi. Foydangizga ishladi: oylik daromadingiz 6 474 573 so'm — yetarli daraja; bandlik turingiz (byudjet) barqaror daromad beradi; barcha to'lovlardan keyin oyiga 5 934 332 so'm qoladi. Nima qilish mumkin: Ish stajingiz 3 oyga yetganda qayta murojaat qiling — hozir 1 oy.","Qo'lda ko'rib chiqish: Ish staji 1 oy — minimal talab 3 oy; Ball 624 — avtomatik ma'qullash chegarasi 630 dan past. Diqqat talab qiladigan omillar: Ish staji (oy) (-15), Bank bilan tarix (oy) (-4). Ball 624, tavsiya etilgan limit 5 598 005 so'm.",Ish staji (oy) (-15 ball),5598005,0,0.0834,0.0834,0.032,v1
AP002232,620.5,0.057813,QOLDA_KORIB_CHIQISH,"Arizangiz bank xodimiga ko'rib chiqishga yuborildi. So'ragan 56 215 189 so'm ni to'liq bera olmaymiz, lekin 20 200 000 so'm sizning to'lov qobiliyatingizga to'g'ri keladi — bunda oylik to'lov 628 944 so'm bo'ladi. Yakuniy qarorni bank xodimi tasdiqlaydi. To'sqinlik qildi: mavjud qarz qoldig'i yillik daromadingizdan 0.7 barobar; xarajatlaringiz daromadning 72% ini yeb qo'yadi; oylik daromadingiz 2 823 676 so'm — so'ralgan summa uchun kam. Foydangizga ishladi: bank hisobingizdagi tushum deklaratsiya bilan mos; bandlik turingiz (qurilish) barqaror daromad beradi; yangi kreditsiz ham qarz yukingiz past — daromadning 28% i. Nima qilish mumkin: So'rovni 15 500 000 so'm gacha kamaytiring — bu summada ma'qullanish ehtimoli sezilarli oshadi. Mavjud kreditlaringizdan birini yopsangiz, qarz yuki pasayadi va limit sezilarli oshadi.","Qo'lda ko'rib chiqish: So'ralgan summada DTI 89.7% — shift 50.0%; taklif: 20 200 000 so'm; Yangi to'lov daromadning 62.0% ini oladi — shift 35.0%. Diqqat talab qiladigan omillar: Qarz qoldig'i / yillik daromad (-11), Sarf intensivligi (chiqim/kirim) (-4). Ball 621, tavsiya etilgan limit 20 200 000 so'm.",Qarz qoldig'i / yillik daromad (-11 ball),20200000,15500000,0.8968,0.6199,0.037,v1
AP002233,622.0,0.055088,QOLDA_KORIB_CHIQISH,"Arizangiz bank xodimiga ko'rib chiqishga yuborildi. So'ragan 11 360 150 so'm ni to'liq bera olmaymiz, lekin 4 600 000 so'm sizning to'lov qobiliyatingizga to'g'ri keladi — bunda oylik to'lov 830 481 so'm bo'ladi. Yakuniy qarorni bank xodimi tasdiqlaydi. To'sqinlik qildi: oylik daromadingiz 2 404 532 so'm — so'ralgan summa uchun kam; bankimiz bilan tarixingiz qisqa — 1 yil 9 oy, sizni hali yaxshi bilmaymiz. Foydangizga ishladi: bank hisobingizdagi tushum deklaratsiya bilan mos; oxirgi oylarda daromadingiz o'sgan; xarajatlaringiz daromadning 73% i — tejamkor. Nima qilish mumkin: So'rovni 4 600 000 so'm gacha kamaytiring — bu summada ma'qullanish ehtimoli sezilarli oshadi. Muddatni uzaytiring (hozir 6 oy) — oylik to'lov kamayadi va qarz yuki chegara ichiga tushadi.","Qo'lda ko'rib chiqish: So'ralgan summada DTI 85.3% — shift 50.0%; taklif: 4 600 000 so'm; Yangi to'lov daromadning 85.3% ini oladi — shift 35.0%. Diqqat talab qiladigan omillar: Oylik daromad medianasi (-11), Bank bilan tarix (oy) (-4). Ball 622, tavsiya etilgan limit 4 600 000 so'm.",Oylik daromad medianasi (-11 ball),4600000,4600000,0.853,0.853,0.0315,v1
AP002234,525.7,0.621726,RAD_ETILDI,"Afsuski, hozircha kredit bera olmaymiz. Sabab: hozirgi daromadingiz mavjud to'lovlardan keyin yangi kreditni ko'tara olmaydi. To'sqinlik qildi: yangi kreditgacha ham mavjud to'lovlaringiz daromadning 90% ini oladi; barcha to'lovlardan keyin qo'lingizda pul umuman qolmaydi; ish stajingiz qisqa — atigi 1 yil 11 oy. Foydangizga ishladi: bankimiz bilan tarixingiz uzoq — 5 yil 10 oy. Nima qilish mumkin: Mavjud kreditlaringizdan birini yopsangiz, qarz yuki pasayadi va limit sezilarli oshadi.","Rad etildi: So'ralgan summada DTI 152.3% — shift 50.0%; to'lov qobiliyati qolmagan; Yangi to'lov daromadning 62.8% ini oladi — shift 35.0%. Ballga eng ko'p salbiy ta'sir: Mavjud qarz yuki (yangi kreditsiz) (-19 ball), To'lovlardan keyingi erkin pul (-15 ball). Yakuniy ball 526.",Mavjud qarz yuki (yangi kreditsiz) (-19 ball),0,0,1.5226,0.6275,0.0344,v1
AP002235,630.6,0.041552,MAQULLANDI,Tabriklaymiz — kredit ma'qullandi. 12 547 644 so'm miqdorida kredit tasdiqlandi. Oylik to'lov taxminan 2 265 343 so'm bo'ladi. To'sqinlik qildi: oxirgi oylarda daromadingiz kamaygan; bank hisobingizdagi tushum deklaratsiya bilan mos. Foydangizga ishladi: barcha to'lovlardan keyin oyiga 8 054 267 so'm qoladi; bandlik turingiz (xususiy) barqaror daromad beradi; oylik daromadingiz 10 319 610 so'm — yetarli daraja. Nima qilish mumkin: Qo'shimcha shart yo'q — hujjatlarni tasdiqlash uchun bank xodimi siz bilan bog'lanadi.,"Ma'qullandi: ball 631 (PD 4.2%), DTI 22.0% shift ichida. Asosiy ijobiy omillar: To'lovlardan keyingi erkin pul (+9 ball), Bandlik turi (+9 ball), Oylik daromad medianasi (+9 ball). Tasdiqlangan summa 12 547 644 so'm.",Daromad trendi (2-yarim/1-yarim) (-7 ball),12547644,15500000,0.2195,0.2195,0.274,v1
AP002236,596.8,0.122662,QOLDA_KORIB_CHIQISH,Arizangiz bank xodimiga ko'rib chiqishga yuborildi. Ko'rsatkichlaringiz chegaraviy zonada — avtomatik qaror o'rniga bank xodimi arizangizni qo'lda ko'rib chiqadi. To'sqinlik qildi: ish stajingiz qisqa — atigi 11 oy; oylik daromadingiz 1 421 222 so'm — so'ralgan summa uchun kam; oila a'zosiga oyiga atigi 203 032 so'm to'g'ri keladi. Foydangizga ishladi: bandlik turingiz (byudjet) barqaror daromad beradi; oxirgi oylarda daromadingiz o'sgan; yangi kreditsiz ham qarz yukingiz past — daromadning 0% i. Nima qilish mumkin: Qo'shimcha shart yo'q — hujjatlarni tasdiqlash uchun bank xodimi siz bilan bog'lanadi.,"Qo'lda ko'rib chiqish: Ball 597 — avtomatik ma'qullash chegarasi 630 dan past. Diqqat talab qiladigan omillar: Ish staji (oy) (-15), Oylik daromad medianasi (-11). Ball 597, tavsiya etilgan limit 8 667 109 so'm.",Ish staji (oy) (-15 ball),8667109,0,0.3347,0.3347,0.0332,v1
AP002237,636.7,0.033828,MAQULLANDI,Tabriklaymiz — kredit ma'qullandi. 23 777 313 so'm miqdorida kredit tasdiqlandi. Oylik to'lov taxminan 740 326 so'm bo'ladi. To'sqinlik qildi: bank hisobingizdagi tushum deklaratsiya bilan mos; daromadning 19% i naqd yechib olinadi — bank uchun bu ko'rinmas pul. Foydangizga ishladi: oylik daromadingiz 5 996 444 so'm — yetarli daraja; bandlik turingiz (byudjet) barqaror daromad beradi; barcha to'lovlardan keyin oyiga 5 256 118 so'm qoladi. Nima qilish mumkin: Qo'shimcha shart yo'q — hujjatlarni tasdiqlash uchun bank xodimi siz bilan bog'lanadi.,"Ma'qullandi: ball 637 (PD 3.4%), DTI 12.3% shift ichida. Asosiy ijobiy omillar: Oylik daromad medianasi (+12 ball), Bandlik turi (+11 ball), To'lovlardan keyingi erkin pul (+8 ball). Tasdiqlangan summa 23 777 313 so'm.",Bank oqimi / deklaratsiya (-4 ball),23777313,67400000,0.1235,0.1235,0.0366,v1
AP002238,644.7,0.025865,QOLDA_KORIB_CHIQISH,Arizangiz bank xodimiga ko'rib chiqishga yuborildi. Ko'rsatkichlaringiz chegaraviy zonada — avtomatik qaror o'rniga bank xodimi arizangizni qo'lda ko'rib chiqadi. To'sqinlik qildi: daromadning 20% i naqd yechib olinadi — bank uchun bu ko'rinmas pul; xarajatlaringiz daromadning 64% ini yeb qo'yadi. Foydangizga ishladi: oylik daromadingiz 7 708 617 so'm — yetarli daraja; bandlik turingiz (xususiy) barqaror daromad beradi; barcha to'lovlardan keyin oyiga 4 060 468 so'm qoladi. Nima qilish mumkin: Daromadingizni muntazam bank hisobiga o'tkazing — barqaror oqim ballni oshiradi.,"Qo'lda ko'rib chiqish: Daromad juda o'zgaruvchan (CV 0.41) — barqarorlik past. Diqqat talab qiladigan omillar: Naqd yechish ulushi (-4), Sarf intensivligi (chiqim/kirim) (-3). Ball 645, tavsiya etilgan limit 60 504 539 so'm.",Naqd yechish ulushi (-4 ball),60504539,67100000,0.4733,0.2444,0.411,v1
AP002239,609.7,0.082061,QOLDA_KORIB_CHIQISH,Arizangiz bank xodimiga ko'rib chiqishga yuborildi. Ko'rsatkichlaringiz chegaraviy zonada — avtomatik qaror o'rniga bank xodimi arizangizni qo'lda ko'rib chiqadi. To'sqinlik qildi: mavjud qarz qoldig'i yillik daromadingizdan 0.3 barobar; daromadning 19% i naqd yechib olinadi — bank uchun bu ko'rinmas pul; oylik daromadingiz 2 869 163 so'm — so'ralgan summa uchun kam. Foydangizga ishladi: yangi kreditsiz ham qarz yukingiz past — daromadning 17% i; bandlik turingiz (qurilish) barqaror daromad beradi; barcha to'lovlardan keyin oyiga 2 253 036 so'm qoladi. Nima qilish mumkin: Daromadingizni muntazam bank hisobiga o'tkazing — barqaror oqim ballni oshiradi.,"Qo'lda ko'rib chiqish: Ball 610 — avtomatik ma'qullash chegarasi 630 dan past; Daromad juda o'zgaruvchan (CV 0.43) — barqarorlik past. Diqqat talab qiladigan omillar: Qarz qoldig'i / yillik daromad (-11), Naqd yechish ulushi (-4). Ball 610, tavsiya etilgan limit 4 273 931 so'm.",Qarz qoldig'i / yillik daromad (-11 ball),4273931,0,0.2147,0.0464,0.4265,v1
AP002240,622.0,0.055087,QOLDA_KORIB_CHIQISH,"Arizangiz bank xodimiga ko'rib chiqishga yuborildi. Ko'rsatkichlaringiz chegaraviy zonada — avtomatik qaror o'rniga bank xodimi arizangizni qo'lda ko'rib chiqadi. To'sqinlik qildi: ish stajingiz qisqa — atigi 1 oy; bankimiz bilan tarixingiz qisqa — 1 yil 5 oy, sizni hali yaxshi bilmaymiz; oxirgi oylarda daromadingiz kamaygan. Foydangizga ishladi: oylik daromadingiz 5 836 601 so'm — yetarli daraja; bandlik turingiz (qurilish) barqaror daromad beradi; barcha to'lovlardan keyin oyiga 5 176 097 so'm qoladi. Nima qilish mumkin: Ish stajingiz 3 oyga yetganda qayta murojaat qiling — hozir 1 oy.","Qo'lda ko'rib chiqish: Ish staji 1 oy — minimal talab 3 oy; Ball 622 — avtomatik ma'qullash chegarasi 630 dan past. Diqqat talab qiladigan omillar: Ish staji (oy) (-15), Bank bilan tarix (oy) (-4). Ball 622, tavsiya etilgan limit 12 033 551 so'm.",Ish staji (oy) (-15 ball),12033551,0,0.1132,0.1132,0.2837,v1
AP002241,624.0,0.051558,QOLDA_KORIB_CHIQISH,"Arizangiz bank xodimiga ko'rib chiqishga yuborildi. Ko'rsatkichlaringiz chegaraviy zonada — avtomatik qaror o'rniga bank xodimi arizangizni qo'lda ko'rib chiqadi. To'sqinlik qildi: bankimiz bilan tarixingiz qisqa — 1 yil 3 oy, sizni hali yaxshi bilmaymiz; oylik daromadingiz 3 248 098 so'm — so'ralgan summa uchun kam; oila a'zosiga oyiga atigi 464 014 so'm to'g'ri keladi. Foydangizga ishladi: ish stajingiz uzoq — 10 yil 1 oy; bandlik turingiz (qurilish) barqaror daromad beradi; barcha to'lovlardan keyin oyiga 3 207 582 so'm qoladi. Nima qilish mumkin: Qo'shimcha shart yo'q — hujjatlarni tasdiqlash uchun bank xodimi siz bilan bog'lanadi.","Qo'lda ko'rib chiqish: Ball 624 — avtomatik ma'qullash chegarasi 630 dan past. Diqqat talab qiladigan omillar: Bank bilan tarix (oy) (-4), Oylik daromad medianasi (-3). Ball 624, tavsiya etilgan limit 1 301 240 so'm.",Bank bilan tarix (oy) (-4 ball),1301240,0,0.0125,0.0125,0.2646,v1
AP002242,606.5,0.090752,QOLDA_KORIB_CHIQISH,Arizangiz bank xodimiga ko'rib chiqishga yuborildi. Ko'rsatkichlaringiz chegaraviy zonada — avtomatik qaror o'rniga bank xodimi arizangizni qo'lda ko'rib chiqadi. To'sqinlik qildi: bank hisobingizdagi tushum deklaratsiya bilan mos; oxirgi oylarda daromadingiz kamaygan; daromadning 20% i naqd yechib olinadi — bank uchun bu ko'rinmas pul. Foydangizga ishladi: bandlik turingiz (xususiy) barqaror daromad beradi; barcha to'lovlardan keyin oyiga 4 152 328 so'm qoladi; yangi kreditsiz ham qarz yukingiz past — daromadning 0% i. Nima qilish mumkin: Qo'shimcha shart yo'q — hujjatlarni tasdiqlash uchun bank xodimi siz bilan bog'lanadi.,"Qo'lda ko'rib chiqish: Ball 606 — avtomatik ma'qullash chegarasi 630 dan past. Diqqat talab qiladigan omillar: Bank oqimi / deklaratsiya (-11), Daromad trendi (2-yarim/1-yarim) (-7). Ball 606, tavsiya etilgan limit 39 207 874 so'm.",Bank oqimi / deklaratsiya (-11 ball),39207874,0,0.2272,0.2272,0.2599,v1
AP002243,567.7,0.276962,RAD_ETILDI,"Afsuski, hozircha kredit bera olmaymiz. Sabab: umumiy risk bahosi bankimiz chegarasidan yuqori chiqdi — quyidagi omillar hal qiluvchi bo'ldi. To'sqinlik qildi: barcha to'lovlardan keyin qo'lingizda pul umuman qolmaydi; mavjud qarz qoldig'i yillik daromadingizdan 0.6 barobar; oylik daromadingiz 984 156 so'm — so'ralgan summa uchun kam. Foydangizga ishladi: bank hisobingizdagi tushum deklaratsiya bilan mos; yangi kreditsiz ham qarz yukingiz past — daromadning 26% i; ish stajingiz uzoq — 14 yil 10 oy. Nima qilish mumkin: To'lov qobiliyatingiz 2 400 000 so'm ga yetadi. Shu summani so'rasangiz, ariza qo'lda ko'rib chiqishga tushadi. Muddatni uzaytiring (hozir 1 yil) — oylik to'lov kamayadi va qarz yuki chegara ichiga tushadi. Mavjud kreditlaringizdan birini yopsangiz, qarz yuki pasayadi va limit sezilarli oshadi.","Rad etildi: Defolt ehtimoli 27.7% — shift 20.0%; Ball 567.7 — minimal chegara 580. Ballga eng ko'p salbiy ta'sir: To'lovlardan keyingi erkin pul (-15 ball), Qarz qoldig'i / yillik daromad (-11 ball). Yakuniy ball 568.",To'lovlardan keyingi erkin pul (-15 ball),0,0,5.0,4.9051,0.3163,v1
AP002244,571.4,0.25205,RAD_ETILDI,"Afsuski, hozircha kredit bera olmaymiz. Sabab: hozirgi daromadingiz mavjud to'lovlardan keyin yangi kreditni ko'tara olmaydi. To'sqinlik qildi: yangi kreditgacha ham mavjud to'lovlaringiz daromadning 79% ini oladi; barcha to'lovlardan keyin qo'lingizda pul umuman qolmaydi; daromadning 19% i naqd yechib olinadi — bank uchun bu ko'rinmas pul. Foydangizga ishladi: bank hisobingizdagi tushum deklaratsiya bilan mos; mavjud qarz qoldig'i yillik daromadingizga nisbatan kichik; bandlik turingiz (o'z_ishi) barqaror daromad beradi. Nima qilish mumkin: Mavjud kreditlaringizdan birini yopsangiz, qarz yuki pasayadi va limit sezilarli oshadi.","Rad etildi: So'ralgan summada DTI 171.6% — shift 50.0%; to'lov qobiliyati qolmagan; Yangi to'lov daromadning 92.8% ini oladi — shift 35.0%. Ballga eng ko'p salbiy ta'sir: Mavjud qarz yuki (yangi kreditsiz) (-19 ball), To'lovlardan keyingi erkin pul (-15 ball). Yakuniy ball 571.",Mavjud qarz yuki (yangi kreditsiz) (-19 ball),0,0,1.7162,0.9285,0.031,v1
AP002245,631.4,0.040365,MAQULLANDI,Tabriklaymiz — kredit ma'qullandi. 23 762 406 so'm miqdorida kredit tasdiqlandi. Oylik to'lov taxminan 1 304 283 so'm bo'ladi. To'sqinlik qildi: bank hisobingizdagi tushum deklaratsiya bilan mos; oxirgi oylarda daromadingiz kamaygan; xarajatlaringiz daromadning 68% ini yeb qo'yadi. Foydangizga ishladi: yangi kreditsiz ham qarz yukingiz past — daromadning 13% i; oylik daromadingiz 7 671 128 so'm — yetarli daraja; bandlik turingiz (xususiy) barqaror daromad beradi. Nima qilish mumkin: Qo'shimcha shart yo'q — hujjatlarni tasdiqlash uchun bank xodimi siz bilan bog'lanadi.,"Ma'qullandi: ball 631 (PD 4.0%), DTI 30.2% shift ichida. Asosiy ijobiy omillar: Mavjud qarz yuki (yangi kreditsiz) (+14 ball), Oylik daromad medianasi (+12 ball), Bandlik turi (+9 ball). Tasdiqlangan summa 23 762 406 so'm.",Bank oqimi / deklaratsiya (-11 ball),23762406,48900000,0.3024,0.17,0.3333,v1
AP002246,539.1,0.507601,RAD_ETILDI,"Afsuski, hozircha kredit bera olmaymiz. Sabab: hozirgi daromadingiz mavjud to'lovlardan keyin yangi kreditni ko'tara olmaydi. To'sqinlik qildi: yangi kreditgacha ham mavjud to'lovlaringiz daromadning 257% ini oladi; barcha to'lovlardan keyin qo'lingizda pul umuman qolmaydi; ish stajingiz qisqa — atigi 1 yil 2 oy. Foydangizga ishladi: bandlik turingiz (xususiy) barqaror daromad beradi; oila a'zosiga oyiga 3 242 204 so'm to'g'ri keladi — yetarli; so'ralgan summa daromadingizga mos. Nima qilish mumkin: Mavjud kreditlaringizdan birini yopsangiz, qarz yuki pasayadi va limit sezilarli oshadi.","Rad etildi: So'ralgan summada DTI 269.3% — shift 50.0%; to'lov qobiliyati qolmagan; Defolt ehtimoli 50.8% — shift 20.0%. Ballga eng ko'p salbiy ta'sir: Mavjud qarz yuki (yangi kreditsiz) (-19 ball), To'lovlardan keyingi erkin pul (-15 ball). Yakuniy ball 539.",Mavjud qarz yuki (yangi kreditsiz) (-19 ball),0,0,2.693,0.1193,0.1813,v1
AP002247,546.1,0.447745,RAD_ETILDI,"Afsuski, hozircha kredit bera olmaymiz. Sabab: hozirgi daromadingiz mavjud to'lovlardan keyin yangi kreditni ko'tara olmaydi. To'sqinlik qildi: yangi kreditgacha ham mavjud to'lovlaringiz daromadning 225% ini oladi; barcha to'lovlardan keyin qo'lingizda pul umuman qolmaydi; mavjud qarz qoldig'i yillik daromadingizdan 1.4 barobar. Foydangizga ishladi: oxirgi oylarda daromadingiz o'sgan; bankimiz bilan tarixingiz uzoq — 9 yil 4 oy; bandlik turingiz (o'z_ishi) barqaror daromad beradi. Nima qilish mumkin: Mavjud kreditlaringizdan birini yopsangiz, qarz yuki pasayadi va limit sezilarli oshadi.","Rad etildi: So'ralgan summada DTI 500.0% — shift 50.0%; to'lov qobiliyati qolmagan; Yangi to'lov daromadning 299.6% ini oladi — shift 35.0%. Ballga eng ko'p salbiy ta'sir: Mavjud qarz yuki (yangi kreditsiz) (-19 ball), To'lovlardan keyingi erkin pul (-15 ball). Yakuniy ball 546.",Mavjud qarz yuki (yangi kreditsiz) (-19 ball),0,0,5.0,2.9964,0.0408,v1
AP002248,628.9,0.04395,QOLDA_KORIB_CHIQISH,Arizangiz bank xodimiga ko'rib chiqishga yuborildi. Ko'rsatkichlaringiz chegaraviy zonada — avtomatik qaror o'rniga bank xodimi arizangizni qo'lda ko'rib chiqadi. To'sqinlik qildi: oxirgi oylarda daromadingiz kamaygan; bank hisobingizdagi tushum deklaratsiya bilan mos. Foydangizga ishladi: ish stajingiz uzoq — 12 yil 4 oy; barcha to'lovlardan keyin oyiga 4 022 373 so'm qoladi; yangi kreditsiz ham qarz yukingiz past — daromadning 0% i. Nima qilish mumkin: Qo'shimcha shart yo'q — hujjatlarni tasdiqlash uchun bank xodimi siz bilan bog'lanadi.,"Qo'lda ko'rib chiqish: Ball 629 — avtomatik ma'qullash chegarasi 630 dan past. Diqqat talab qiladigan omillar: Daromad trendi (2-yarim/1-yarim) (-7), Bank oqimi / deklaratsiya (-2). Ball 629, tavsiya etilgan limit 3 392 669 so'm.",Daromad trendi (2-yarim/1-yarim) (-7 ball),3392669,0,0.0442,0.0442,0.0414,v1
AP002249,622.3,0.054607,QOLDA_KORIB_CHIQISH,"Arizangiz bank xodimiga ko'rib chiqishga yuborildi. So'ragan 54 418 470 so'm ni to'liq bera olmaymiz, lekin 19 100 000 so'm sizning to'lov qobiliyatingizga to'g'ri keladi — bunda oylik to'lov 1 048 370 so'm bo'ladi. Yakuniy qarorni bank xodimi tasdiqlaydi. To'sqinlik qildi: bank hisobingizdagi tushum deklaratsiya bilan mos; oylik daromadingiz 3 002 168 so'm — so'ralgan summa uchun kam. Foydangizga ishladi: yangi kreditsiz ham qarz yukingiz past — daromadning 11% i; xarajatlaringiz daromadning 66% i — tejamkor; mavjud qarz qoldig'i yillik daromadingizga nisbatan kichik. Nima qilish mumkin: So'rovni 19 100 000 so'm gacha kamaytiring — bu summada ma'qullanish ehtimoli sezilarli oshadi. Muddatni uzaytiring (hozir 2 yil) — oylik to'lov kamayadi va qarz yuki chegara ichiga tushadi.","Qo'lda ko'rib chiqish: So'ralgan summada DTI 110.9% — shift 50.0%; taklif: 19 100 000 so'm; Yangi to'lov daromadning 99.5% ini oladi — shift 35.0%. Diqqat talab qiladigan omillar: Bank oqimi / deklaratsiya (-4), Oylik daromad medianasi (-3). Ball 622, tavsiya etilgan limit 19 100 000 so'm.",Bank oqimi / deklaratsiya (-4 ball),19100000,19100000,1.1089,0.9949,0.0312,v1
AP002250,627.4,0.046188,QOLDA_KORIB_CHIQISH,"Arizangiz bank xodimiga ko'rib chiqishga yuborildi. So'ragan 11 344 990 so'm ni to'liq bera olmaymiz, lekin 10 200 000 so'm sizning to'lov qobiliyatingizga to'g'ri keladi — bunda oylik to'lov 559 863 so'm bo'ladi. Yakuniy qarorni bank xodimi tasdiqlaydi. To'sqinlik qildi: oylik daromadingiz 1 605 534 so'm — so'ralgan summa uchun kam. Foydangizga ishladi: bandlik turingiz (byudjet) barqaror daromad beradi; bank hisobingizdagi tushum deklaratsiya bilan mos; xarajatlaringiz daromadning 67% i — tejamkor. Nima qilish mumkin: So'rovni 9 700 000 so'm gacha kamaytiring — bu summada ma'qullanish ehtimoli sezilarli oshadi. Muddatni uzaytiring (hozir 2 yil) — oylik to'lov kamayadi va qarz yuki chegara ichiga tushadi.","Qo'lda ko'rib chiqish: Yangi to'lov daromadning 38.8% ini oladi — shift 35.0%; Ball 627 — avtomatik ma'qullash chegarasi 630 dan past. Diqqat talab qiladigan omillar: Oylik daromad medianasi (-11), Daromad trendi (2-yarim/1-yarim) (-2). Ball 627, tavsiya etilgan limit 10 200 000 so'm.",Oylik daromad medianasi (-11 ball),10200000,9700000,0.3879,0.3879,0.0349,v1
AP002251,551.5,0.402024,RAD_ETILDI,"Afsuski, hozircha kredit bera olmaymiz. Sabab: hozirgi daromadingiz mavjud to'lovlardan keyin yangi kreditni ko'tara olmaydi. To'sqinlik qildi: yangi kreditgacha ham mavjud to'lovlaringiz daromadning 78% ini oladi; mavjud qarz qoldig'i yillik daromadingizdan 0.7 barobar; oylik daromadingiz 1 887 613 so'm — so'ralgan summa uchun kam. Foydangizga ishladi: ish stajingiz uzoq — 13 yil 8 oy. Nima qilish mumkin: Mavjud kreditlaringizdan birini yopsangiz, qarz yuki pasayadi va limit sezilarli oshadi.","Rad etildi: So'ralgan summada DTI 128.6% — shift 50.0%; to'lov qobiliyati qolmagan; Yangi to'lov daromadning 51.0% ini oladi — shift 35.0%. Ballga eng ko'p salbiy ta'sir: Mavjud qarz yuki (yangi kreditsiz) (-19 ball), Qarz qoldig'i / yillik daromad (-11 ball). Yakuniy ball 551.",Mavjud qarz yuki (yangi kreditsiz) (-19 ball),0,0,1.2862,0.5095,0.2903,v1
AP002252,633.2,0.038111,MAQULLANDI,"Tabriklaymiz — kredit ma'qullandi. 13 719 953 so'm miqdorida kredit tasdiqlandi. Oylik to'lov taxminan 753 068 so'm bo'ladi. To'sqinlik qildi: oxirgi oylarda daromadingiz kamaygan; bankimiz bilan tarixingiz qisqa — 3 oy, sizni hali yaxshi bilmaymiz; xarajatlaringiz daromadning 70% ini yeb qo'yadi. Foydangizga ishladi: barcha to'lovlardan keyin oyiga 8 144 655 so'm qoladi; bandlik turingiz (xususiy) barqaror daromad beradi; oylik daromadingiz 8 979 134 so'm — yetarli daraja. Nima qilish mumkin: Qo'shimcha shart yo'q — hujjatlarni tasdiqlash uchun bank xodimi siz bilan bog'lanadi.","Ma'qullandi: ball 633 (PD 3.8%), DTI 9.3% shift ichida. Asosiy ijobiy omillar: To'lovlardan keyingi erkin pul (+9 ball), Bandlik turi (+9 ball), Oylik daromad medianasi (+9 ball). Tasdiqlangan summa 13 719 953 so'm.",Daromad trendi (2-yarim/1-yarim) (-7 ball),13719953,57200000,0.0929,0.0839,0.2129,v1
AP002253,623.5,0.052435,QOLDA_KORIB_CHIQISH,"Arizangiz bank xodimiga ko'rib chiqishga yuborildi. So'ragan 9 027 484 so'm ni to'liq bera olmaymiz, lekin 300 000 so'm sizning to'lov qobiliyatingizga to'g'ri keladi — bunda oylik to'lov 54 162 so'm bo'ladi. Yakuniy qarorni bank xodimi tasdiqlaydi. To'sqinlik qildi: oylik daromadingiz 2 239 495 so'm — so'ralgan summa uchun kam; oxirgi oylarda daromadingiz kamaygan. Foydangizga ishladi: bandlik turingiz (qurilish) barqaror daromad beradi; bank hisobingizdagi tushum deklaratsiya bilan mos; yangi kreditsiz ham qarz yukingiz past — daromadning 47% i. Nima qilish mumkin: So'rovni 300 000 so'm gacha kamaytiring — bu summada ma'qullanish ehtimoli sezilarli oshadi. Muddatni uzaytiring (hozir 6 oy) — oylik to'lov kamayadi va qarz yuki chegara ichiga tushadi. Mavjud kreditlaringizdan birini yopsangiz, qarz yuki pasayadi va limit sezilarli oshadi.","Qo'lda ko'rib chiqish: So'ralgan summada DTI 120.2% — shift 50.0%; taklif: 300 000 so'm; Yangi to'lov daromadning 72.8% ini oladi — shift 35.0%. Diqqat talab qiladigan omillar: Oylik daromad medianasi (-11), Daromad trendi (2-yarim/1-yarim) (-2). Ball 624, tavsiya etilgan limit 300 000 so'm.",Oylik daromad medianasi (-11 ball),300000,300000,1.2017,0.7278,0.2688,v1
AP002254,630.2,0.042075,QOLDA_KORIB_CHIQISH,Arizangiz bank xodimiga ko'rib chiqishga yuborildi. Ko'rsatkichlaringiz chegaraviy zonada — avtomatik qaror o'rniga bank xodimi arizangizni qo'lda ko'rib chiqadi. To'sqinlik qildi: mavjud qarz qoldig'i yillik daromadingizdan 0.2 barobar; oxirgi oylarda daromadingiz kamaygan. Foydangizga ishladi: yangi kreditsiz ham qarz yukingiz past — daromadning 15% i; ish stajingiz uzoq — 11 yil 9 oy; barcha to'lovlardan keyin oyiga 4 378 074 so'm qoladi. Nima qilish mumkin: Qo'shimcha shart yo'q — hujjatlarni tasdiqlash uchun bank xodimi siz bilan bog'lanadi.,"Qo'lda ko'rib chiqish: so'ralgan 1 573 313 so'm o'rniga to'lov qobiliyati 0 so'm ga yetadi (skorkarta bali / PD chegarasi). Diqqat talab qiladigan omillar: Qarz qoldig'i / yillik daromad (-11), Daromad trendi (2-yarim/1-yarim) (-2). Ball 630, tavsiya etilgan limit 0 so'm.",Qarz qoldig'i / yillik daromad (-11 ball),0,0,0.1583,0.0125,0.3148,v1
AP002255,645.6,0.025116,MAQULLANDI,Tabriklaymiz — kredit ma'qullandi. 8 076 376 so'm miqdorida kredit tasdiqlandi. Oylik to'lov taxminan 443 300 so'm bo'ladi. To'sqinlik qildi: daromadning 20% i naqd yechib olinadi — bank uchun bu ko'rinmas pul; bank hisobingizdagi tushum deklaratsiya bilan mos. Foydangizga ishladi: ish stajingiz uzoq — 10 yil 9 oy; oylik daromadingiz 7 551 676 so'm — yetarli daraja; barcha to'lovlardan keyin oyiga 7 108 376 so'm qoladi. Nima qilish mumkin: Qo'shimcha shart yo'q — hujjatlarni tasdiqlash uchun bank xodimi siz bilan bog'lanadi.,"Ma'qullandi: ball 646 (PD 2.5%), DTI 5.9% shift ichida. Asosiy ijobiy omillar: Ish staji (oy) (+13 ball), Oylik daromad medianasi (+12 ball), To'lovlardan keyingi erkin pul (+9 ball). Tasdiqlangan summa 8 076 376 so'm.",Naqd yechish ulushi (-4 ball),8076376,48100000,0.0587,0.0587,0.0291,v1
AP002256,584.9,0.173984,QOLDA_KORIB_CHIQISH,Arizangiz bank xodimiga ko'rib chiqishga yuborildi. Ko'rsatkichlaringiz chegaraviy zonada — avtomatik qaror o'rniga bank xodimi arizangizni qo'lda ko'rib chiqadi. To'sqinlik qildi: ish stajingiz qisqa — atigi 1 yil 9 oy; oylik daromadingiz 2 120 826 so'm — so'ralgan summa uchun kam; bank hisobingizdagi tushum deklaratsiya bilan mos. Foydangizga ishladi: bandlik turingiz (xususiy) barqaror daromad beradi; barcha to'lovlardan keyin oyiga 1 661 896 so'm qoladi; yangi kreditsiz ham qarz yukingiz past — daromadning 0% i. Nima qilish mumkin: Qo'shimcha shart yo'q — hujjatlarni tasdiqlash uchun bank xodimi siz bilan bog'lanadi.,"Qo'lda ko'rib chiqish: Ball 585 — avtomatik ma'qullash chegarasi 630 dan past. Diqqat talab qiladigan omillar: Ish staji (oy) (-15), Oylik daromad medianasi (-11). Ball 585, tavsiya etilgan limit 14 739 610 so'm.",Ish staji (oy) (-15 ball),14739610,0,0.2164,0.2164,0.0343,v1
AP002257,642.2,0.02813,QOLDA_KORIB_CHIQISH,"Arizangiz bank xodimiga ko'rib chiqishga yuborildi. So'ragan 16 064 650 so'm ni to'liq bera olmaymiz, lekin 800 000 so'm sizning to'lov qobiliyatingizga to'g'ri keladi — bunda oylik to'lov 43 911 so'm bo'ladi. Yakuniy qarorni bank xodimi tasdiqlaydi. To'sqinlik qildi: o'tmishda 45 kunlik kechikish qayd etilgan; oxirgi oylarda daromadingiz kamaygan. Foydangizga ishladi: oylik daromadingiz 6 976 444 so'm — yetarli daraja; bank hisobingizdagi tushum deklaratsiya bilan mos; yangi kreditsiz ham qarz yukingiz past — daromadning 49% i. Nima qilish mumkin: So'rovni 800 000 so'm gacha kamaytiring — bu summada ma'qullanish ehtimoli sezilarli oshadi. Muddatni uzaytiring (hozir 2 yil) — oylik to'lov kamayadi va qarz yuki chegara ichiga tushadi. Mavjud kreditlaringizdan birini yopsangiz, qarz yuki pasayadi va limit sezilarli oshadi.","Qo'lda ko'rib chiqish: So'ralgan summada DTI 62.0% — shift 50.0%; taklif: 800 000 so'm. Diqqat talab qiladigan omillar: O'tmishdagi maks. kechikish (kun) (-3), Daromad trendi (2-yarim/1-yarim) (-2). Ball 642, tavsiya etilgan limit 800 000 so'm.",O'tmishdagi maks. kechikish (kun) (-3 ball),800000,800000,0.6201,0.1264,0.3222,v1
AP002258,643.4,0.026992,MAQULLANDI,Tabriklaymiz — kredit ma'qullandi. 15 460 207 so'm miqdorida kredit tasdiqlandi. Oylik to'lov taxminan 481 366 so'm bo'ladi. To'sqinlik qildi: bank hisobingizdagi tushum deklaratsiya bilan mos; xarajatlaringiz daromadning 68% ini yeb qo'yadi. Foydangizga ishladi: barcha to'lovlardan keyin oyiga 19 576 687 so'm qoladi; bandlik turingiz (xususiy) barqaror daromad beradi; oylik daromadingiz 20 426 000 so'm — yetarli daraja. Nima qilish mumkin: Qo'shimcha shart yo'q — hujjatlarni tasdiqlash uchun bank xodimi siz bilan bog'lanadi.,"Ma'qullandi: ball 643 (PD 2.7%), DTI 4.2% shift ichida. Asosiy ijobiy omillar: To'lovlardan keyingi erkin pul (+9 ball), Bandlik turi (+9 ball), Oylik daromad medianasi (+9 ball). Tasdiqlangan summa 15 460 207 so'm.",Bank oqimi / deklaratsiya (-4 ball),15460207,229600000,0.0416,0.0236,0.0319,v1
AP002259,628.9,0.043962,QOLDA_KORIB_CHIQISH,Arizangiz bank xodimiga ko'rib chiqishga yuborildi. Ko'rsatkichlaringiz chegaraviy zonada — avtomatik qaror o'rniga bank xodimi arizangizni qo'lda ko'rib chiqadi. To'sqinlik qildi: bank hisobingizdagi tushum deklaratsiya bilan mos; xarajatlaringiz daromadning 72% ini yeb qo'yadi. Foydangizga ishladi: oylik daromadingiz 6 641 619 so'm — yetarli daraja; barcha to'lovlardan keyin oyiga 5 308 561 so'm qoladi; oxirgi oylarda daromadingiz o'sgan. Nima qilish mumkin: Qo'shimcha shart yo'q — hujjatlarni tasdiqlash uchun bank xodimi siz bilan bog'lanadi.,"Qo'lda ko'rib chiqish: Ball 629 — avtomatik ma'qullash chegarasi 630 dan past. Diqqat talab qiladigan omillar: Bank oqimi / deklaratsiya (-11), Sarf intensivligi (chiqim/kirim) (-4). Ball 629, tavsiya etilgan limit 42 814 286 so'm.",Bank oqimi / deklaratsiya (-11 ball),42814286,0,0.2007,0.2007,0.0388,v1
AP002260,617.5,0.063899,QOLDA_KORIB_CHIQISH,"Arizangiz bank xodimiga ko'rib chiqishga yuborildi. So'ragan 51 944 210 so'm ni to'liq bera olmaymiz, lekin 18 100 000 so'm sizning to'lov qobiliyatingizga to'g'ri keladi — bunda oylik to'lov 993 482 so'm bo'ladi. Yakuniy qarorni bank xodimi tasdiqlaydi. To'sqinlik qildi: bank hisobingizdagi tushum deklaratsiya bilan mos; oxirgi oylarda daromadingiz kamaygan. Foydangizga ishladi: oylik daromadingiz 10 798 356 so'm — yetarli daraja; yangi kreditsiz ham qarz yukingiz past — daromadning 41% i; xarajatlaringiz daromadning 74% i — tejamkor. Nima qilish mumkin: To'lov qobiliyatingiz 18 100 000 so'm ga yetadi. Shu summani so'rasangiz, ariza qo'lda ko'rib chiqishga tushadi. Muddatni uzaytiring (hozir 2 yil) — oylik to'lov kamayadi va qarz yuki chegara ichiga tushadi. Mavjud kreditlaringizdan birini yopsangiz, qarz yuki pasayadi va limit sezilarli oshadi.","Qo'lda ko'rib chiqish: So'ralgan summada DTI 67.2% — shift 50.0%; taklif: 18 100 000 so'm; Ball 617 — avtomatik ma'qullash chegarasi 630 dan past. Diqqat talab qiladigan omillar: Bank oqimi / deklaratsiya (-11), Daromad trendi (2-yarim/1-yarim) (-7). Ball 617, tavsiya etilgan limit 18 100 000 so'm.",Bank oqimi / deklaratsiya (-11 ball),18100000,0,0.6717,0.264,0.3488,v1
AP002261,655.9,0.017717,RAD_ETILDI,"Afsuski, hozircha kredit bera olmaymiz. Sabab: kredit tarixingizda 95 kunlik kechikish bor. To'sqinlik qildi: o'tmishda 95 kunlik kechikish qayd etilgan; xarajatlaringiz daromadning 64% ini yeb qo'yadi. Foydangizga ishladi: yangi kreditsiz ham qarz yukingiz past — daromadning 6% i; bandlik turingiz (byudjet) barqaror daromad beradi; barcha to'lovlardan keyin oyiga 7 976 256 so'm qoladi. Nima qilish mumkin: Kechikish yopilgandan keyin 12 oy toza to'lov tarixi to'plang, so'ng qayta murojaat qiling.","Rad etildi: O'tmishda 95 kunlik kechikish (90+ kun — qattiq to'siq). Ballga eng ko'p salbiy ta'sir: O'tmishdagi maks. kechikish (kun) (-16 ball), Sarf intensivligi (chiqim/kirim) (-3 ball). Yakuniy ball 656.",O'tmishdagi maks. kechikish (kun) (-16 ball),0,0,0.1161,0.055,0.0274,v1
AP002262,612.5,0.0749,QOLDA_KORIB_CHIQISH,"Arizangiz bank xodimiga ko'rib chiqishga yuborildi. Ko'rsatkichlaringiz chegaraviy zonada — avtomatik qaror o'rniga bank xodimi arizangizni qo'lda ko'rib chiqadi. To'sqinlik qildi: bank hisobingizdagi tushum deklaratsiya bilan mos; bankimiz bilan tarixingiz qisqa — 1 yil, sizni hali yaxshi bilmaymiz; oylik daromadingiz 3 113 360 so'm — so'ralgan summa uchun kam. Foydangizga ishladi: yangi kreditsiz ham qarz yukingiz past — daromadning 22% i; barcha to'lovlardan keyin oyiga 1 762 828 so'm qoladi; mavjud qarz qoldig'i yillik daromadingizga nisbatan kichik. Nima qilish mumkin: Qo'shimcha shart yo'q — hujjatlarni tasdiqlash uchun bank xodimi siz bilan bog'lanadi.","Qo'lda ko'rib chiqish: Ball 613 — avtomatik ma'qullash chegarasi 630 dan past. Diqqat talab qiladigan omillar: Bank oqimi / deklaratsiya (-4), Bank bilan tarix (oy) (-4). Ball 613, tavsiya etilgan limit 11 990 708 so'm.",Bank oqimi / deklaratsiya (-4 ball),11990708,0,0.4338,0.2114,0.0278,v1
AP002263,669.6,0.011081,MAQULLANDI,Tabriklaymiz — kredit ma'qullandi. 18 400 224 so'm miqdorida kredit tasdiqlandi. Oylik to'lov taxminan 1 009 961 so'm bo'ladi. To'sqinlik qildi: bank hisobingizdagi tushum deklaratsiya bilan mos. Foydangizga ishladi: ish stajingiz uzoq — 11 yil 10 oy; barcha to'lovlardan keyin oyiga 12 679 984 so'm qoladi; bandlik turingiz (qurilish) barqaror daromad beradi. Nima qilish mumkin: Qo'shimcha shart yo'q — hujjatlarni tasdiqlash uchun bank xodimi siz bilan bog'lanadi.,"Ma'qullandi: ball 670 (PD 1.1%), DTI 7.4% shift ichida. Asosiy ijobiy omillar: Ish staji (oy) (+13 ball), To'lovlardan keyingi erkin pul (+9 ball), Bandlik turi (+9 ball). Tasdiqlangan summa 18 400 224 so'm.",Bank oqimi / deklaratsiya (-2 ball),18400224,87200000,0.0738,0.0738,0.0316,v1
AP002264,657.5,0.016777,MAQULLANDI,Tabriklaymiz — kredit ma'qullandi. 13 280 279 so'm miqdorida kredit tasdiqlandi. Oylik to'lov taxminan 1 281 626 so'm bo'ladi. To'sqinlik qildi: bank hisobingizdagi tushum deklaratsiya bilan mos. Foydangizga ishladi: ish stajingiz uzoq — 10 yil 3 oy; oylik daromadingiz 6 757 819 so'm — yetarli daraja; barcha to'lovlardan keyin oyiga 5 476 193 so'm qoladi. Nima qilish mumkin: Qo'shimcha shart yo'q — hujjatlarni tasdiqlash uchun bank xodimi siz bilan bog'lanadi.,"Ma'qullandi: ball 657 (PD 1.7%), DTI 19.0% shift ichida. Asosiy ijobiy omillar: Ish staji (oy) (+13 ball), Oylik daromad medianasi (+12 ball), To'lovlardan keyingi erkin pul (+8 ball). Tasdiqlangan summa 13 280 279 so'm.",Bank oqimi / deklaratsiya (-2 ball),13280279,24500000,0.1897,0.1897,0.0321,v1
AP002265,607.2,0.088723,QOLDA_KORIB_CHIQISH,"Arizangiz bank xodimiga ko'rib chiqishga yuborildi. Ko'rsatkichlaringiz chegaraviy zonada — avtomatik qaror o'rniga bank xodimi arizangizni qo'lda ko'rib chiqadi. To'sqinlik qildi: mavjud qarz qoldig'i yillik daromadingizdan 0.9 barobar; bankimiz bilan tarixingiz qisqa — 5 oy, sizni hali yaxshi bilmaymiz; daromadning 19% i naqd yechib olinadi — bank uchun bu ko'rinmas pul. Foydangizga ishladi: bank hisobingizdagi tushum deklaratsiya bilan mos; yangi kreditsiz ham qarz yukingiz past — daromadning 31% i; barcha to'lovlardan keyin oyiga 1 983 778 so'm qoladi. Nima qilish mumkin: Mavjud kreditlaringizdan birini yopsangiz, qarz yuki pasayadi va limit sezilarli oshadi.","Qo'lda ko'rib chiqish: Ball 607 — avtomatik ma'qullash chegarasi 630 dan past. Diqqat talab qiladigan omillar: Qarz qoldig'i / yillik daromad (-11), Bank bilan tarix (oy) (-4). Ball 607, tavsiya etilgan limit 21 247 707 so'm.",Qarz qoldig'i / yillik daromad (-11 ball),21247707,0,0.481,0.1731,0.1305,v1
AP002266,555.5,0.369044,RAD_ETILDI,"Afsuski, hozircha kredit bera olmaymiz. Sabab: hozirgi daromadingiz mavjud to'lovlardan keyin yangi kreditni ko'tara olmaydi. To'sqinlik qildi: yangi kreditgacha ham mavjud to'lovlaringiz daromadning 66% ini oladi; ish stajingiz qisqa — atigi 1 yil 3 oy; mavjud qarz qoldig'i yillik daromadingizdan 0.6 barobar. Foydangizga ishladi: bandlik turingiz (qurilish) barqaror daromad beradi; oxirgi oylarda daromadingiz o'sgan; bankimiz bilan tarixingiz uzoq — 8 yil. Nima qilish mumkin: Mavjud kreditlaringizdan birini yopsangiz, qarz yuki pasayadi va limit sezilarli oshadi.","Rad etildi: So'ralgan summada DTI 90.8% — shift 50.0%; to'lov qobiliyati qolmagan; Defolt ehtimoli 36.9% — shift 20.0%. Ballga eng ko'p salbiy ta'sir: Mavjud qarz yuki (yangi kreditsiz) (-19 ball), Ish staji (oy) (-15 ball). Yakuniy ball 555.",Mavjud qarz yuki (yangi kreditsiz) (-19 ball),0,0,0.9083,0.2509,0.0298,v1
AP002267,617.6,0.063552,RAD_ETILDI,"Afsuski, hozircha kredit bera olmaymiz. Sabab: hozirgi daromadingiz mavjud to'lovlardan keyin yangi kreditni ko'tara olmaydi. To'sqinlik qildi: mavjud qarz qoldig'i yillik daromadingizdan 0.6 barobar; oylik daromadingiz 2 808 550 so'm — so'ralgan summa uchun kam; xarajatlaringiz daromadning 69% ini yeb qo'yadi. Foydangizga ishladi: bandlik turingiz (qurilish) barqaror daromad beradi; bank hisobingizdagi tushum deklaratsiya bilan mos; yangi kreditsiz ham qarz yukingiz past — daromadning 50% i. Nima qilish mumkin: Mavjud kreditlaringizdan birini yopsangiz, qarz yuki pasayadi va limit sezilarli oshadi.","Rad etildi: So'ralgan summada DTI 63.4% — shift 50.0%; to'lov qobiliyati qolmagan. Ballga eng ko'p salbiy ta'sir: Qarz qoldig'i / yillik daromad (-11 ball), Oylik daromad medianasi (-3 ball). Yakuniy ball 618.",Qarz qoldig'i / yillik daromad (-11 ball),0,0,0.6341,0.1305,0.1565,v1
AP002268,610.5,0.079842,QOLDA_KORIB_CHIQISH,Arizangiz bank xodimiga ko'rib chiqishga yuborildi. Ko'rsatkichlaringiz chegaraviy zonada — avtomatik qaror o'rniga bank xodimi arizangizni qo'lda ko'rib chiqadi. To'sqinlik qildi: bank hisobingizdagi tushum deklaratsiya bilan mos; daromadning 19% i naqd yechib olinadi — bank uchun bu ko'rinmas pul; xarajatlaringiz daromadning 71% ini yeb qo'yadi. Foydangizga ishladi: bandlik turingiz (byudjet) barqaror daromad beradi; barcha to'lovlardan keyin oyiga 3 551 067 so'm qoladi; yangi kreditsiz ham qarz yukingiz past — daromadning 0% i. Nima qilish mumkin: Qo'shimcha shart yo'q — hujjatlarni tasdiqlash uchun bank xodimi siz bilan bog'lanadi.,"Qo'lda ko'rib chiqish: Ball 611 — avtomatik ma'qullash chegarasi 630 dan past. Diqqat talab qiladigan omillar: Bank oqimi / deklaratsiya (-11), Naqd yechish ulushi (-4). Ball 611, tavsiya etilgan limit 20 735 559 so'm.",Bank oqimi / deklaratsiya (-11 ball),20735559,0,0.1945,0.1945,0.0322,v1
AP002269,609.9,0.081382,QOLDA_KORIB_CHIQISH,"Arizangiz bank xodimiga ko'rib chiqishga yuborildi. So'ragan 47 671 365 so'm ni to'liq bera olmaymiz, lekin 29 300 000 so'm sizning to'lov qobiliyatingizga to'g'ri keladi — bunda oylik to'lov 5 289 802 so'm bo'ladi. Yakuniy qarorni bank xodimi tasdiqlaydi. To'sqinlik qildi: bank hisobingizdagi tushum deklaratsiya bilan mos; oxirgi oylarda daromadingiz kamaygan; bankimiz bilan tarixingiz qisqa — 1 yil, sizni hali yaxshi bilmaymiz. Foydangizga ishladi: yangi kreditsiz ham qarz yukingiz past — daromadning 5% i; oylik daromadingiz 15 147 967 so'm — yetarli daraja; barcha to'lovlardan keyin oyiga 5 822 031 so'm qoladi. Nima qilish mumkin: To'lov qobiliyatingiz 29 300 000 so'm ga yetadi. Shu summani so'rasangiz, ariza qo'lda ko'rib chiqishga tushadi. Muddatni uzaytiring (hozir 6 oy) — oylik to'lov kamayadi va qarz yuki chegara ichiga tushadi.","Qo'lda ko'rib chiqish: So'ralgan summada DTI 61.6% — shift 50.0%; taklif: 29 300 000 so'm; Yangi to'lov daromadning 56.8% ini oladi — shift 35.0%. Diqqat talab qiladigan omillar: Bank oqimi / deklaratsiya (-11), Daromad trendi (2-yarim/1-yarim) (-7). Ball 610, tavsiya etilgan limit 29 300 000 so'm.",Bank oqimi / deklaratsiya (-11 ball),29300000,0,0.6157,0.5682,0.3169,v1
AP002270,545.8,0.450163,RAD_ETILDI,"Afsuski, hozircha kredit bera olmaymiz. Sabab: hozirgi daromadingiz mavjud to'lovlardan keyin yangi kreditni ko'tara olmaydi. To'sqinlik qildi: yangi kreditgacha ham mavjud to'lovlaringiz daromadning 114% ini oladi; barcha to'lovlardan keyin qo'lingizda pul umuman qolmaydi; mavjud qarz qoldig'i yillik daromadingizdan 0.4 barobar. Foydangizga ishladi: oylik daromadingiz 3 747 702 so'm — yetarli daraja; bankimiz bilan tarixingiz uzoq — 5 yil 3 oy. Nima qilish mumkin: Mavjud kreditlaringizdan birini yopsangiz, qarz yuki pasayadi va limit sezilarli oshadi.","Rad etildi: So'ralgan summada DTI 179.1% — shift 50.0%; to'lov qobiliyati qolmagan; Yangi to'lov daromadning 65.5% ini oladi — shift 35.0%. Ballga eng ko'p salbiy ta'sir: Mavjud qarz yuki (yangi kreditsiz) (-19 ball), To'lovlardan keyingi erkin pul (-15 ball). Yakuniy ball 546.",Mavjud qarz yuki (yangi kreditsiz) (-19 ball),0,0,1.7909,0.6547,0.0294,v1
AP002271,610.9,0.07882,QOLDA_KORIB_CHIQISH,"Arizangiz bank xodimiga ko'rib chiqishga yuborildi. So'ragan 45 984 992 so'm ni to'liq bera olmaymiz, lekin 17 100 000 so'm sizning to'lov qobiliyatingizga to'g'ri keladi — bunda oylik to'lov 3 087 222 so'm bo'ladi. Yakuniy qarorni bank xodimi tasdiqlaydi. To'sqinlik qildi: bank hisobingizdagi tushum deklaratsiya bilan mos; bankimiz bilan tarixingiz qisqa — 2 yil 2 oy, sizni hali yaxshi bilmaymiz; xarajatlaringiz daromadning 62% ini yeb qo'yadi. Foydangizga ishladi: bandlik turingiz (xususiy) barqaror daromad beradi; oylik daromadingiz 8 856 732 so'm — yetarli daraja; yangi kreditsiz ham qarz yukingiz past — daromadning 0% i. Nima qilish mumkin: To'lov qobiliyatingiz 17 100 000 so'm ga yetadi. Shu summani so'rasangiz, ariza qo'lda ko'rib chiqishga tushadi. Muddatni uzaytiring (hozir 6 oy) — oylik to'lov kamayadi va qarz yuki chegara ichiga tushadi.","Qo'lda ko'rib chiqish: So'ralgan summada DTI 93.7% — shift 50.0%; taklif: 17 100 000 so'm; Yangi to'lov daromadning 93.7% ini oladi — shift 35.0%. Diqqat talab qiladigan omillar: Bank oqimi / deklaratsiya (-11), Bank bilan tarix (oy) (-4). Ball 611, tavsiya etilgan limit 17 100 000 so'm.",Bank oqimi / deklaratsiya (-11 ball),17100000,0,0.9374,0.9374,0.2773,v1
AP002272,655.3,0.018027,MAQULLANDI,"Tabriklaymiz — kredit ma'qullandi. 12 684 553 so'm miqdorida kredit tasdiqlandi. Oylik to'lov taxminan 2 290 060 so'm bo'ladi. To'sqinlik qildi: bankimiz bilan tarixingiz qisqa — 1 yil 7 oy, sizni hali yaxshi bilmaymiz; xarajatlaringiz daromadning 72% ini yeb qo'yadi. Foydangizga ishladi: bank hisobingizdagi tushum deklaratsiya bilan mos; ish stajingiz uzoq — 11 yil 5 oy; oylik daromadingiz 7 048 230 so'm — yetarli daraja. Nima qilish mumkin: Qo'shimcha shart yo'q — hujjatlarni tasdiqlash uchun bank xodimi siz bilan bog'lanadi.","Ma'qullandi: ball 655 (PD 1.8%), DTI 32.5% shift ichida. Asosiy ijobiy omillar: Bank oqimi / deklaratsiya (+14 ball), Ish staji (oy) (+13 ball), Oylik daromad medianasi (+12 ball). Tasdiqlangan summa 12 684 553 so'm.",Bank bilan tarix (oy) (-4 ball),12684553,13600000,0.3249,0.3249,0.0296,v1
AP002273,640.3,0.030007,MAQULLANDI,"Tabriklaymiz — kredit ma'qullandi. 9 762 538 so'm miqdorida kredit tasdiqlandi. Oylik to'lov taxminan 1 762 522 so'm bo'ladi. To'sqinlik qildi: bankimiz bilan tarixingiz qisqa — 6 oy, sizni hali yaxshi bilmaymiz; bank hisobingizdagi tushum deklaratsiya bilan mos. Foydangizga ishladi: yangi kreditsiz ham qarz yukingiz past — daromadning 15% i; oylik daromadingiz 5 886 313 so'm — yetarli daraja; ish stajingiz uzoq — 8 yil 6 oy. Nima qilish mumkin: Qo'shimcha shart yo'q — hujjatlarni tasdiqlash uchun bank xodimi siz bilan bog'lanadi.","Ma'qullandi: ball 640 (PD 3.0%), DTI 44.6% shift ichida. Asosiy ijobiy omillar: Mavjud qarz yuki (yangi kreditsiz) (+14 ball), Oylik daromad medianasi (+12 ball), Ish staji (oy) (+5 ball). Tasdiqlangan summa 9 762 538 so'm.",Bank bilan tarix (oy) (-4 ball),9762538,11400000,0.4456,0.2994,0.031,v1
AP002274,600.4,0.109837,QOLDA_KORIB_CHIQISH,"Arizangiz bank xodimiga ko'rib chiqishga yuborildi. Ko'rsatkichlaringiz chegaraviy zonada — avtomatik qaror o'rniga bank xodimi arizangizni qo'lda ko'rib chiqadi. To'sqinlik qildi: mavjud qarz qoldig'i yillik daromadingizdan 0.4 barobar; bank hisobingizdagi tushum deklaratsiya bilan mos; xarajatlaringiz daromadning 71% ini yeb qo'yadi. Foydangizga ishladi: bandlik turingiz (xususiy) barqaror daromad beradi; yangi kreditsiz ham qarz yukingiz past — daromadning 37% i; barcha to'lovlardan keyin oyiga 1 448 195 so'm qoladi. Nima qilish mumkin: Mavjud kreditlaringizdan birini yopsangiz, qarz yuki pasayadi va limit sezilarli oshadi.","Qo'lda ko'rib chiqish: Ball 600 — avtomatik ma'qullash chegarasi 630 dan past. Diqqat talab qiladigan omillar: Qarz qoldig'i / yillik daromad (-11), Bank oqimi / deklaratsiya (-11). Ball 600, tavsiya etilgan limit 6 239 626 so'm.",Qarz qoldig'i / yillik daromad (-11 ball),6239626,0,0.442,0.0749,0.027,v1
AP002275,655.3,0.018034,RAD_ETILDI,"Afsuski, hozircha kredit bera olmaymiz. Sabab: hozirgi daromadingiz mavjud to'lovlardan keyin yangi kreditni ko'tara olmaydi. To'sqinlik qildi: xarajatlaringiz daromadning 63% ini yeb qo'yadi; oila a'zosiga oyiga atigi 516 819 so'm to'g'ri keladi. Foydangizga ishladi: bank hisobingizdagi tushum deklaratsiya bilan mos; ish stajingiz uzoq — 11 yil 3 oy; yangi kreditsiz ham qarz yukingiz past — daromadning 51% i. Nima qilish mumkin: Mavjud kreditlaringizdan birini yopsangiz, qarz yuki pasayadi va limit sezilarli oshadi.","Rad etildi: So'ralgan summada DTI 65.0% — shift 50.0%; to'lov qobiliyati qolmagan. Ballga eng ko'p salbiy ta'sir: Sarf intensivligi (chiqim/kirim) (-3 ball), Jon boshiga daromad (-3 ball). Yakuniy ball 655.",Sarf intensivligi (chiqim/kirim) (-3 ball),0,0,0.6502,0.1448,0.0294,v1
AP002276,593.8,0.134088,QOLDA_KORIB_CHIQISH,"Arizangiz bank xodimiga ko'rib chiqishga yuborildi. So'ragan 37 772 590 so'm ni to'liq bera olmaymiz, lekin 7 900 000 so'm sizning to'lov qobiliyatingizga to'g'ri keladi — bunda oylik to'lov 762 397 so'm bo'ladi. Yakuniy qarorni bank xodimi tasdiqlaydi. To'sqinlik qildi: barcha to'lovlardan keyin qo'lingizda pul umuman qolmaydi; mavjud qarz qoldig'i yillik daromadingizdan 0.3 barobar; daromadning 19% i naqd yechib olinadi — bank uchun bu ko'rinmas pul. Foydangizga ishladi: bandlik turingiz (xususiy) barqaror daromad beradi; bank hisobingizdagi tushum deklaratsiya bilan mos; yangi kreditsiz ham qarz yukingiz past — daromadning 19% i. Nima qilish mumkin: To'lov qobiliyatingiz 7 900 000 so'm ga yetadi. Shu summani so'rasangiz, ariza qo'lda ko'rib chiqishga tushadi. Muddatni uzaytiring (hozir 1 yil) — oylik to'lov kamayadi va qarz yuki chegara ichiga tushadi.","Qo'lda ko'rib chiqish: So'ralgan summada DTI 167.1% — shift 50.0%; taklif: 7 900 000 so'm; Yangi to'lov daromadning 148.2% ini oladi — shift 35.0%. Diqqat talab qiladigan omillar: To'lovlardan keyingi erkin pul (-15), Qarz qoldig'i / yillik daromad (-11). Ball 594, tavsiya etilgan limit 7 900 000 so'm.",To'lovlardan keyingi erkin pul (-15 ball),7900000,0,1.6711,1.4819,0.0366,v1
AP002277,613.1,0.07349,QOLDA_KORIB_CHIQISH,"Arizangiz bank xodimiga ko'rib chiqishga yuborildi. Ko'rsatkichlaringiz chegaraviy zonada — avtomatik qaror o'rniga bank xodimi arizangizni qo'lda ko'rib chiqadi. To'sqinlik qildi: ish stajingiz qisqa — atigi 2 yil; bank hisobingizdagi tushum deklaratsiya bilan mos; bankimiz bilan tarixingiz qisqa — 7 oy, sizni hali yaxshi bilmaymiz. Foydangizga ishladi: barcha to'lovlardan keyin oyiga 3 981 246 so'm qoladi; oxirgi oylarda daromadingiz o'sgan; xarajatlaringiz daromadning 74% i — tejamkor. Nima qilish mumkin: Qo'shimcha shart yo'q — hujjatlarni tasdiqlash uchun bank xodimi siz bilan bog'lanadi.","Qo'lda ko'rib chiqish: Ball 613 — avtomatik ma'qullash chegarasi 630 dan past. Diqqat talab qiladigan omillar: Ish staji (oy) (-15), Bank oqimi / deklaratsiya (-4). Ball 613, tavsiya etilgan limit 6 797 902 so'm.",Ish staji (oy) (-15 ball),6797902,0,0.0857,0.0857,0.0296,v1
AP002278,680.7,0.007565,MAQULLANDI,Tabriklaymiz — kredit ma'qullandi. 18 178 816 so'm miqdorida kredit tasdiqlandi. Oylik to'lov taxminan 997 808 so'm bo'ladi. To'sqinlik qildi: xarajatlaringiz daromadning 63% ini yeb qo'yadi. Foydangizga ishladi: bank hisobingizdagi tushum deklaratsiya bilan mos; yangi kreditsiz ham qarz yukingiz past — daromadning 15% i; ish stajingiz uzoq — 10 yil 9 oy. Nima qilish mumkin: Qo'shimcha shart yo'q — hujjatlarni tasdiqlash uchun bank xodimi siz bilan bog'lanadi.,"Ma'qullandi: ball 681 (PD 0.8%), DTI 23.0% shift ichida. Asosiy ijobiy omillar: Bank oqimi / deklaratsiya (+14 ball), Mavjud qarz yuki (yangi kreditsiz) (+14 ball), Ish staji (oy) (+13 ball). Tasdiqlangan summa 18 178 816 so'm.",Sarf intensivligi (chiqim/kirim) (-3 ball),18178816,79500000,0.2297,0.0799,0.034,v1
AP002279,522.5,0.647506,RAD_ETILDI,"Afsuski, hozircha kredit bera olmaymiz. Sabab: hozirda doimiy ish joyingiz va muntazam daromadingiz yo'q. To'sqinlik qildi: bandlik turingiz (ishsiz) yuqori xavfli guruhda; ish stajingiz qisqa — atigi 0 oy; oylik daromadingiz 1 669 600 so'm — so'ralgan summa uchun kam. Foydangizga ishladi: bank hisobingizdagi tushum deklaratsiya bilan mos; oxirgi oylarda daromadingiz o'sgan; yangi kreditsiz ham qarz yukingiz past — daromadning 0% i. Nima qilish mumkin: Rasmiy ish joyi va muntazam daromad tasdiqlangach murojaat qiling — bu asosiy shart.","Rad etildi: Bandlik holati: ishsiz — doimiy daromad manbai yo'q; So'ralgan summada DTI 85.1% — shift 50.0%; to'lov qobiliyati qolmagan. Ballga eng ko'p salbiy ta'sir: Bandlik turi (-68 ball), Ish staji (oy) (-15 ball). Yakuniy ball 522.",Bandlik turi (-68 ball),0,0,0.8508,0.8508,0.0288,v1
AP002280,608.8,0.084311,QOLDA_KORIB_CHIQISH,"Arizangiz bank xodimiga ko'rib chiqishga yuborildi. So'ragan 16 875 687 so'm ni to'liq bera olmaymiz, lekin 13 600 000 so'm sizning to'lov qobiliyatingizga to'g'ri keladi — bunda oylik to'lov 1 312 481 so'm bo'ladi. Yakuniy qarorni bank xodimi tasdiqlaydi. To'sqinlik qildi: oxirgi oylarda daromadingiz kamaygan; bankimiz bilan tarixingiz qisqa — 1 yil, sizni hali yaxshi bilmaymiz; daromadning 20% i naqd yechib olinadi — bank uchun bu ko'rinmas pul. Foydangizga ishladi: xarajatlaringiz daromadning 67% i — tejamkor; barcha to'lovlardan keyin oyiga 2 124 364 so'm qoladi; yangi kreditsiz ham qarz yukingiz past — daromadning 0% i. Nima qilish mumkin: To'lov qobiliyatingiz 13 600 000 so'm ga yetadi. Shu summani so'rasangiz, ariza qo'lda ko'rib chiqishga tushadi. Muddatni uzaytiring (hozir 1 yil) — oylik to'lov kamayadi va qarz yuki chegara ichiga tushadi.","Qo'lda ko'rib chiqish: Yangi to'lov daromadning 43.4% ini oladi — shift 35.0%; Ball 609 — avtomatik ma'qullash chegarasi 630 dan past. Diqqat talab qiladigan omillar: Daromad trendi (2-yarim/1-yarim) (-7), Bank bilan tarix (oy) (-4). Ball 609, tavsiya etilgan limit 13 600 000 so'm.",Daromad trendi (2-yarim/1-yarim) (-7 ball),13600000,0,0.434,0.434,0.2952,v1
AP002281,627.3,0.04628,QOLDA_KORIB_CHIQISH,"Arizangiz bank xodimiga ko'rib chiqishga yuborildi. So'ragan 20 746 946 so'm ni to'liq bera olmaymiz, lekin 1 700 000 so'm sizning to'lov qobiliyatingizga to'g'ri keladi — bunda oylik to'lov 70 318 so'm bo'ladi. Yakuniy qarorni bank xodimi tasdiqlaydi. To'sqinlik qildi: oylik daromadingiz 1 304 636 so'm — so'ralgan summa uchun kam; daromadning 20% i naqd yechib olinadi — bank uchun bu ko'rinmas pul; oila a'zosiga oyiga atigi 326 159 so'm to'g'ri keladi. Foydangizga ishladi: bank hisobingizdagi tushum deklaratsiya bilan mos; bandlik turingiz (byudjet) barqaror daromad beradi; yangi kreditsiz ham qarz yukingiz past — daromadning 44% i. Nima qilish mumkin: So'rovni 1 700 000 so'm gacha kamaytiring — bu summada ma'qullanish ehtimoli sezilarli oshadi. Muddatni uzaytiring (hozir 3 yil) — oylik to'lov kamayadi va qarz yuki chegara ichiga tushadi. Mavjud kreditlaringizdan birini yopsangiz, qarz yuki pasayadi va limit sezilarli oshadi.","Qo'lda ko'rib chiqish: So'ralgan summada DTI 110.2% — shift 50.0%; taklif: 1 700 000 so'm; Yangi to'lov daromadning 65.8% ini oladi — shift 35.0%. Diqqat talab qiladigan omillar: Oylik daromad medianasi (-11), Naqd yechish ulushi (-4). Ball 627, tavsiya etilgan limit 1 700 000 so'm.",Oylik daromad medianasi (-11 ball),1700000,1700000,1.102,0.6578,0.0237,v1
AP002282,631.0,0.040894,QOLDA_KORIB_CHIQISH,Arizangiz bank xodimiga ko'rib chiqishga yuborildi. Ko'rsatkichlaringiz chegaraviy zonada — avtomatik qaror o'rniga bank xodimi arizangizni qo'lda ko'rib chiqadi. To'sqinlik qildi: bank hisobingizdagi tushum deklaratsiya bilan mos; xarajatlaringiz daromadning 69% ini yeb qo'yadi. Foydangizga ishladi: barcha to'lovlardan keyin oyiga 7 990 743 so'm qoladi; oylik daromadingiz 8 570 229 so'm — yetarli daraja; ish stajingiz uzoq — 9 yil 1 oy. Nima qilish mumkin: Qo'shimcha shart yo'q — hujjatlarni tasdiqlash uchun bank xodimi siz bilan bog'lanadi.,"Qo'lda ko'rib chiqish: so'ralgan 18 611 559 so'm o'rniga to'lov qobiliyati 0 so'm ga yetadi (skorkarta bali / PD chegarasi). Diqqat talab qiladigan omillar: Bank oqimi / deklaratsiya (-4), Sarf intensivligi (chiqim/kirim) (-2). Ball 631, tavsiya etilgan limit 0 so'm.",Bank oqimi / deklaratsiya (-4 ball),0,0,0.0676,0.0676,0.0258,v1
AP002283,558.2,0.347235,RAD_ETILDI,"Afsuski, hozircha kredit bera olmaymiz. Sabab: hozirgi daromadingiz mavjud to'lovlardan keyin yangi kreditni ko'tara olmaydi. To'sqinlik qildi: yangi kreditgacha ham mavjud to'lovlaringiz daromadning 88% ini oladi; barcha to'lovlardan keyin qo'lingizda pul umuman qolmaydi; mavjud qarz qoldig'i yillik daromadingizdan 0.6 barobar. Foydangizga ishladi: bandlik turingiz (byudjet) barqaror daromad beradi; ish stajingiz uzoq — 13 yil 11 oy; bankimiz bilan tarixingiz uzoq — 6 yil 2 oy. Nima qilish mumkin: Mavjud kreditlaringizdan birini yopsangiz, qarz yuki pasayadi va limit sezilarli oshadi.","Rad etildi: So'ralgan summada DTI 190.8% — shift 50.0%; to'lov qobiliyati qolmagan; Yangi to'lov daromadning 102.3% ini oladi — shift 35.0%. Ballga eng ko'p salbiy ta'sir: Mavjud qarz yuki (yangi kreditsiz) (-19 ball), To'lovlardan keyingi erkin pul (-15 ball). Yakuniy ball 558.",Mavjud qarz yuki (yangi kreditsiz) (-19 ball),0,0,1.908,1.0231,0.0312,v1
AP002284,620.8,0.057311,QOLDA_KORIB_CHIQISH,"Arizangiz bank xodimiga ko'rib chiqishga yuborildi. Ko'rsatkichlaringiz chegaraviy zonada — avtomatik qaror o'rniga bank xodimi arizangizni qo'lda ko'rib chiqadi. To'sqinlik qildi: bankimiz bilan tarixingiz qisqa — 2 yil 8 oy, sizni hali yaxshi bilmaymiz; xarajatlaringiz daromadning 64% ini yeb qo'yadi; oxirgi oylarda daromadingiz kamaygan. Foydangizga ishladi: barcha to'lovlardan keyin oyiga 7 738 476 so'm qoladi; oylik daromadingiz 9 268 310 so'm — yetarli daraja; yangi kreditsiz ham qarz yukingiz past — daromadning 0% i. Nima qilish mumkin: Qo'shimcha shart yo'q — hujjatlarni tasdiqlash uchun bank xodimi siz bilan bog'lanadi.","Qo'lda ko'rib chiqish: Ball 621 — avtomatik ma'qullash chegarasi 630 dan past. Diqqat talab qiladigan omillar: Bank bilan tarix (oy) (-4), Sarf intensivligi (chiqim/kirim) (-3). Ball 621, tavsiya etilgan limit 36 985 032 so'm.",Bank bilan tarix (oy) (-4 ball),36985032,0,0.1651,0.1651,0.2323,v1
AP002285,628.7,0.044203,QOLDA_KORIB_CHIQISH,"Arizangiz bank xodimiga ko'rib chiqishga yuborildi. So'ragan 10 686 331 so'm ni to'liq bera olmaymiz, lekin 7 200 000 so'm sizning to'lov qobiliyatingizga to'g'ri keladi — bunda oylik to'lov 694 843 so'm bo'ladi. Yakuniy qarorni bank xodimi tasdiqlaydi. To'sqinlik qildi: mavjud qarz qoldig'i yillik daromadingizdan 0.2 barobar; bankimiz bilan tarixingiz qisqa — 1 yil 5 oy, sizni hali yaxshi bilmaymiz; oylik daromadingiz 2 989 364 so'm — so'ralgan summa uchun kam. Foydangizga ishladi: bank hisobingizdagi tushum deklaratsiya bilan mos; ish stajingiz uzoq — 10 yil 2 oy; bandlik turingiz (xususiy) barqaror daromad beradi. Nima qilish mumkin: So'rovni 4 500 000 so'm gacha kamaytiring — bu summada ma'qullanish ehtimoli sezilarli oshadi. Muddatni uzaytiring (hozir 1 yil) — oylik to'lov kamayadi va qarz yuki chegara ichiga tushadi. Mavjud kreditlaringizdan birini yopsangiz, qarz yuki pasayadi va limit sezilarli oshadi.","Qo'lda ko'rib chiqish: So'ralgan summada DTI 61.2% — shift 50.0%; taklif: 7 200 000 so'm; Ball 629 — avtomatik ma'qullash chegarasi 630 dan past. Diqqat talab qiladigan omillar: Qarz qoldig'i / yillik daromad (-11), Bank bilan tarix (oy) (-4). Ball 629, tavsiya etilgan limit 7 200 000 so'm.",Qarz qoldig'i / yillik daromad (-11 ball),7200000,4500000,0.6125,0.345,0.2503,v1
AP002286,580.3,0.198375,RAD_ETILDI,"Afsuski, hozircha kredit bera olmaymiz. Sabab: hozirgi daromadingiz mavjud to'lovlardan keyin yangi kreditni ko'tara olmaydi. To'sqinlik qildi: yangi kreditgacha ham mavjud to'lovlaringiz daromadning 89% ini oladi; mavjud qarz qoldig'i yillik daromadingizdan 0.6 barobar; oylik daromadingiz 2 103 660 so'm — so'ralgan summa uchun kam. Foydangizga ishladi: bank hisobingizdagi tushum deklaratsiya bilan mos; ish stajingiz uzoq — 7 yil 10 oy; xarajatlaringiz daromadning 72% i — tejamkor. Nima qilish mumkin: Mavjud kreditlaringizdan birini yopsangiz, qarz yuki pasayadi va limit sezilarli oshadi.","Rad etildi: So'ralgan summada DTI 108.5% — shift 50.0%; to'lov qobiliyati qolmagan. Ballga eng ko'p salbiy ta'sir: Mavjud qarz yuki (yangi kreditsiz) (-19 ball), Qarz qoldig'i / yillik daromad (-11 ball). Yakuniy ball 580.",Mavjud qarz yuki (yangi kreditsiz) (-19 ball),0,0,1.0848,0.1963,0.027,v1
AP002287,547.3,0.437413,RAD_ETILDI,"Afsuski, hozircha kredit bera olmaymiz. Sabab: hozirda doimiy ish joyingiz va muntazam daromadingiz yo'q. To'sqinlik qildi: bandlik turingiz (ishsiz) yuqori xavfli guruhda; ish stajingiz qisqa — atigi 0 oy; bank hisobingizdagi tushum deklaratsiya bilan mos. Foydangizga ishladi: yangi kreditsiz ham qarz yukingiz past — daromadning 19% i; oxirgi oylarda daromadingiz o'sgan; xarajatlaringiz daromadning 72% i — tejamkor. Nima qilish mumkin: Rasmiy ish joyi va muntazam daromad tasdiqlangach murojaat qiling — bu asosiy shart.","Rad etildi: Bandlik holati: ishsiz — doimiy daromad manbai yo'q; So'ralgan summada DTI 78.9% — shift 50.0%; to'lov qobiliyati qolmagan. Ballga eng ko'p salbiy ta'sir: Bandlik turi (-68 ball), Ish staji (oy) (-15 ball). Yakuniy ball 547.",Bandlik turi (-68 ball),0,0,0.7894,0.6023,0.1589,v1
AP002288,542.2,0.481087,RAD_ETILDI,"Afsuski, hozircha kredit bera olmaymiz. Sabab: hozirda doimiy ish joyingiz va muntazam daromadingiz yo'q. To'sqinlik qildi: bandlik turingiz (ishsiz) yuqori xavfli guruhda; ish stajingiz qisqa — atigi 0 oy; xarajatlaringiz daromadning 66% ini yeb qo'yadi. Foydangizga ishladi: oylik daromadingiz 6 302 021 so'm — yetarli daraja; barcha to'lovlardan keyin oyiga 5 359 053 so'm qoladi; yangi kreditsiz ham qarz yukingiz past — daromadning 0% i. Nima qilish mumkin: Rasmiy ish joyi va muntazam daromad tasdiqlangach murojaat qiling — bu asosiy shart.","Rad etildi: Bandlik holati: ishsiz — doimiy daromad manbai yo'q; Defolt ehtimoli 48.1% — shift 20.0%. Ballga eng ko'p salbiy ta'sir: Bandlik turi (-68 ball), Ish staji (oy) (-15 ball). Yakuniy ball 542.",Bandlik turi (-68 ball),0,0,0.1496,0.1496,0.307,v1
AP002289,631.9,0.039687,MAQULLANDI,Tabriklaymiz — kredit ma'qullandi. 1 855 178 so'm miqdorida kredit tasdiqlandi. Oylik to'lov taxminan 76 737 so'm bo'ladi. To'sqinlik qildi: ish stajingiz qisqa — atigi 1 yil 5 oy; oylik daromadingiz 2 483 500 so'm — so'ralgan summa uchun kam; bank hisobingizdagi tushum deklaratsiya bilan mos. Foydangizga ishladi: yangi kreditsiz ham qarz yukingiz past — daromadning 6% i; bandlik turingiz (byudjet) barqaror daromad beradi; barcha to'lovlardan keyin oyiga 2 250 662 so'm qoladi. Nima qilish mumkin: Qo'shimcha shart yo'q — hujjatlarni tasdiqlash uchun bank xodimi siz bilan bog'lanadi.,"Ma'qullandi: ball 632 (PD 4.0%), DTI 9.4% shift ichida. Asosiy ijobiy omillar: Mavjud qarz yuki (yangi kreditsiz) (+14 ball), Bandlik turi (+11 ball), To'lovlardan keyingi erkin pul (+7 ball). Tasdiqlangan summa 1 855 178 so'm.",Ish staji (oy) (-15 ball),1855178,13600000,0.0938,0.0309,0.0265,v1
AP002290,629.5,0.043098,QOLDA_KORIB_CHIQISH,"Arizangiz bank xodimiga ko'rib chiqishga yuborildi. So'ragan 50 909 734 so'm ni to'liq bera olmaymiz, lekin 12 900 000 so'm sizning to'lov qobiliyatingizga to'g'ri keladi — bunda oylik to'lov 1 244 927 so'm bo'ladi. Yakuniy qarorni bank xodimi tasdiqlaydi. To'sqinlik qildi: barcha to'lovlardan keyin qo'lingizda pul umuman qolmaydi. Foydangizga ishladi: bank hisobingizdagi tushum deklaratsiya bilan mos; oxirgi oylarda daromadingiz o'sgan; xarajatlaringiz daromadning 72% i — tejamkor. Nima qilish mumkin: So'rovni 12 900 000 so'm gacha kamaytiring — bu summada ma'qullanish ehtimoli sezilarli oshadi. Muddatni uzaytiring (hozir 1 yil) — oylik to'lov kamayadi va qarz yuki chegara ichiga tushadi.","Qo'lda ko'rib chiqish: So'ralgan summada DTI 138.1% — shift 50.0%; taklif: 12 900 000 so'm; Yangi to'lov daromadning 138.1% ini oladi — shift 35.0%. Diqqat talab qiladigan omillar: To'lovlardan keyingi erkin pul (-15), So'ralgan summa / yillik daromad (-2). Ball 629, tavsiya etilgan limit 12 900 000 so'm.",To'lovlardan keyingi erkin pul (-15 ball),12900000,12900000,1.3809,1.3809,0.0311,v1
AP002291,610.4,0.080278,QOLDA_KORIB_CHIQISH,"Arizangiz bank xodimiga ko'rib chiqishga yuborildi. So'ragan 17 994 878 so'm ni to'liq bera olmaymiz, lekin 4 000 000 so'm sizning to'lov qobiliyatingizga to'g'ri keladi — bunda oylik to'lov 722 157 so'm bo'ladi. Yakuniy qarorni bank xodimi tasdiqlaydi. To'sqinlik qildi: barcha to'lovlardan keyin qo'lingizda pul umuman qolmaydi; oylik daromadingiz 2 093 336 so'm — so'ralgan summa uchun kam; bank hisobingizdagi tushum deklaratsiya bilan mos. Foydangizga ishladi: yangi kreditsiz ham qarz yukingiz past — daromadning 12% i; ish stajingiz uzoq — 10 yil 3 oy; oxirgi oylarda daromadingiz o'sgan. Nima qilish mumkin: So'rovni 4 000 000 so'm gacha kamaytiring — bu summada ma'qullanish ehtimoli sezilarli oshadi. Muddatni uzaytiring (hozir 6 oy) — oylik to'lov kamayadi va qarz yuki chegara ichiga tushadi.","Qo'lda ko'rib chiqish: So'ralgan summada DTI 167.5% — shift 50.0%; taklif: 4 000 000 so'm; Yangi to'lov daromadning 155.2% ini oladi — shift 35.0%. Diqqat talab qiladigan omillar: To'lovlardan keyingi erkin pul (-15), Oylik daromad medianasi (-11). Ball 610, tavsiya etilgan limit 4 000 000 so'm.",To'lovlardan keyingi erkin pul (-15 ball),4000000,4000000,1.6754,1.552,0.028,v1
AP002292,630.2,0.042032,MAQULLANDI,Tabriklaymiz — kredit ma'qullandi. 8 167 870 so'm miqdorida kredit tasdiqlandi. Oylik to'lov taxminan 1 474 622 so'm bo'ladi. To'sqinlik qildi: oxirgi oylarda daromadingiz kamaygan; xarajatlaringiz daromadning 65% ini yeb qo'yadi. Foydangizga ishladi: barcha to'lovlardan keyin oyiga 7 347 834 so'm qoladi; bandlik turingiz (xususiy) barqaror daromad beradi; oylik daromadingiz 8 822 456 so'm — yetarli daraja. Nima qilish mumkin: Qo'shimcha shart yo'q — hujjatlarni tasdiqlash uchun bank xodimi siz bilan bog'lanadi.,"Ma'qullandi: ball 630 (PD 4.2%), DTI 16.7% shift ichida. Asosiy ijobiy omillar: To'lovlardan keyingi erkin pul (+9 ball), Bandlik turi (+9 ball), Oylik daromad medianasi (+9 ball). Tasdiqlangan summa 8 167 870 so'm.",Daromad trendi (2-yarim/1-yarim) (-7 ball),8167870,13300000,0.1671,0.1671,0.1966,v1
AP002293,618.0,0.062869,QOLDA_KORIB_CHIQISH,"Arizangiz bank xodimiga ko'rib chiqishga yuborildi. So'ragan 45 231 244 so'm ni to'liq bera olmaymiz, lekin 14 100 000 so'm sizning to'lov qobiliyatingizga to'g'ri keladi — bunda oylik to'lov 1 360 734 so'm bo'ladi. Yakuniy qarorni bank xodimi tasdiqlaydi. To'sqinlik qildi: barcha to'lovlardan keyin qo'lingizda pul umuman qolmaydi; bank hisobingizdagi tushum deklaratsiya bilan mos; bankimiz bilan tarixingiz qisqa — 1 yil 1 oy, sizni hali yaxshi bilmaymiz. Foydangizga ishladi: yangi kreditsiz ham qarz yukingiz past — daromadning 10% i; ish stajingiz uzoq — 12 yil 2 oy; bandlik turingiz (xususiy) barqaror daromad beradi. Nima qilish mumkin: So'rovni 14 100 000 so'm gacha kamaytiring — bu summada ma'qullanish ehtimoli sezilarli oshadi. Muddatni uzaytiring (hozir 1 yil) — oylik to'lov kamayadi va qarz yuki chegara ichiga tushadi.","Qo'lda ko'rib chiqish: So'ralgan summada DTI 122.0% — shift 50.0%; taklif: 14 100 000 so'm; Yangi to'lov daromadning 111.9% ini oladi — shift 35.0%. Diqqat talab qiladigan omillar: To'lovlardan keyingi erkin pul (-15), Bank oqimi / deklaratsiya (-4). Ball 618, tavsiya etilgan limit 14 100 000 so'm.",To'lovlardan keyingi erkin pul (-15 ball),14100000,14100000,1.2203,1.1194,0.0297,v1
AP002294,624.6,0.050644,QOLDA_KORIB_CHIQISH,Arizangiz bank xodimiga ko'rib chiqishga yuborildi. Ko'rsatkichlaringiz chegaraviy zonada — avtomatik qaror o'rniga bank xodimi arizangizni qo'lda ko'rib chiqadi. To'sqinlik qildi: bank hisobingizdagi tushum deklaratsiya bilan mos; xarajatlaringiz daromadning 63% ini yeb qo'yadi. Foydangizga ishladi: bandlik turingiz (xususiy) barqaror daromad beradi; barcha to'lovlardan keyin oyiga 3 657 172 so'm qoladi; yangi kreditsiz ham qarz yukingiz past — daromadning 0% i. Nima qilish mumkin: Qo'shimcha shart yo'q — hujjatlarni tasdiqlash uchun bank xodimi siz bilan bog'lanadi.,"Qo'lda ko'rib chiqish: Ball 625 — avtomatik ma'qullash chegarasi 630 dan past. Diqqat talab qiladigan omillar: Bank oqimi / deklaratsiya (-4), Sarf intensivligi (chiqim/kirim) (-3). Ball 625, tavsiya etilgan limit 8 456 056 so'm.",Bank oqimi / deklaratsiya (-4 ball),8456056,0,0.0873,0.0873,0.0328,v1
AP002295,637.9,0.032536,QOLDA_KORIB_CHIQISH,"Arizangiz bank xodimiga ko'rib chiqishga yuborildi. So'ragan 39 748 772 so'm ni to'liq bera olmaymiz, lekin 9 800 000 so'm sizning to'lov qobiliyatingizga to'g'ri keladi — bunda oylik to'lov 945 759 so'm bo'ladi. Yakuniy qarorni bank xodimi tasdiqlaydi. To'sqinlik qildi: xarajatlaringiz daromadning 70% ini yeb qo'yadi; bank hisobingizdagi tushum deklaratsiya bilan mos. Foydangizga ishladi: ish stajingiz uzoq — 11 yil 10 oy; bandlik turingiz (xususiy) barqaror daromad beradi; yangi kreditsiz ham qarz yukingiz past — daromadning 29% i. Nima qilish mumkin: So'rovni 9 800 000 so'm gacha kamaytiring — bu summada ma'qullanish ehtimoli sezilarli oshadi. Muddatni uzaytiring (hozir 1 yil) — oylik to'lov kamayadi va qarz yuki chegara ichiga tushadi. Mavjud kreditlaringizdan birini yopsangiz, qarz yuki pasayadi va limit sezilarli oshadi.","Qo'lda ko'rib chiqish: So'ralgan summada DTI 112.6% — shift 50.0%; taklif: 9 800 000 so'm; Yangi to'lov daromadning 83.1% ini oladi — shift 35.0%. Diqqat talab qiladigan omillar: Sarf intensivligi (chiqim/kirim) (-2), Bank oqimi / deklaratsiya (-2). Ball 638, tavsiya etilgan limit 9 800 000 so'm.",Sarf intensivligi (chiqim/kirim) (-2 ball),9800000,9800000,1.1262,0.8313,0.03,v1
AP002296,632.0,0.039635,MAQULLANDI,Tabriklaymiz — kredit ma'qullandi. 10 378 727 so'm miqdorida kredit tasdiqlandi. Oylik to'lov taxminan 569 673 so'm bo'ladi. To'sqinlik qildi: oylik daromadingiz 1 761 783 so'm — so'ralgan summa uchun kam; xarajatlaringiz daromadning 71% ini yeb qo'yadi; oila a'zosiga oyiga atigi 352 357 so'm to'g'ri keladi. Foydangizga ishladi: bandlik turingiz (qurilish) barqaror daromad beradi; bank hisobingizdagi tushum deklaratsiya bilan mos; oxirgi oylarda daromadingiz o'sgan. Nima qilish mumkin: Qo'shimcha shart yo'q — hujjatlarni tasdiqlash uchun bank xodimi siz bilan bog'lanadi.,"Ma'qullandi: ball 632 (PD 4.0%), DTI 32.3% shift ichida. Asosiy ijobiy omillar: Bandlik turi (+9 ball), Bank oqimi / deklaratsiya (+8 ball), Daromad trendi (2-yarim/1-yarim) (+8 ball). Tasdiqlangan summa 10 378 727 so'm.",Oylik daromad medianasi (-11 ball),10378727,11200000,0.3234,0.3234,0.0354,v1
AP002297,587.6,0.160966,QOLDA_KORIB_CHIQISH,"Arizangiz bank xodimiga ko'rib chiqishga yuborildi. So'ragan 14 590 301 so'm ni to'liq bera olmaymiz, lekin 13 000 000 so'm sizning to'lov qobiliyatingizga to'g'ri keladi — bunda oylik to'lov 537 727 so'm bo'ladi. Yakuniy qarorni bank xodimi tasdiqlaydi. To'sqinlik qildi: ish stajingiz qisqa — atigi 2 yil 1 oy; oylik daromadingiz 1 547 232 so'm — so'ralgan summa uchun kam; bank hisobingizdagi tushum deklaratsiya bilan mos. Foydangizga ishladi: xarajatlaringiz daromadning 67% i — tejamkor; yangi kreditsiz ham qarz yukingiz past — daromadning 0% i; pul harakatingiz shaffof, naqd yechish kam. Nima qilish mumkin: To'lov qobiliyatingiz 13 000 000 so'm ga yetadi. Shu summani so'rasangiz, ariza qo'lda ko'rib chiqishga tushadi. Muddatni uzaytiring (hozir 3 yil) — oylik to'lov kamayadi va qarz yuki chegara ichiga tushadi.","Qo'lda ko'rib chiqish: Yangi to'lov daromadning 39.0% ini oladi — shift 35.0%; Ball 588 — avtomatik ma'qullash chegarasi 630 dan past. Diqqat talab qiladigan omillar: Ish staji (oy) (-15), Oylik daromad medianasi (-11). Ball 588, tavsiya etilgan limit 13 000 000 so'm.",Ish staji (oy) (-15 ball),13000000,0,0.3901,0.3901,0.0327,v1
AP002298,651.0,0.020928,MAQULLANDI,Tabriklaymiz — kredit ma'qullandi. 11 107 923 so'm miqdorida kredit tasdiqlandi. Oylik to'lov taxminan 1 071 981 so'm bo'ladi. To'sqinlik qildi: oila a'zosiga oyiga atigi 555 469 so'm to'g'ri keladi; oxirgi oylarda daromadingiz kamaygan. Foydangizga ishladi: bank hisobingizdagi tushum deklaratsiya bilan mos; ish stajingiz uzoq — 11 yil 7 oy; xarajatlaringiz daromadning 68% i — tejamkor. Nima qilish mumkin: Qo'shimcha shart yo'q — hujjatlarni tasdiqlash uchun bank xodimi siz bilan bog'lanadi.,"Ma'qullandi: ball 651 (PD 2.1%), DTI 27.6% shift ichida. Asosiy ijobiy omillar: Bank oqimi / deklaratsiya (+14 ball), Ish staji (oy) (+13 ball), Sarf intensivligi (chiqim/kirim) (+7 ball). Tasdiqlangan summa 11 107 923 so'm.",Jon boshiga daromad (-3 ball),11107923,14100000,0.2757,0.2757,0.1253,v1
AP002299,611.5,0.077388,RAD_ETILDI,"Afsuski, hozircha kredit bera olmaymiz. Sabab: kredit tarixingizda 95 kunlik kechikish bor. To'sqinlik qildi: o'tmishda 95 kunlik kechikish qayd etilgan; bank hisobingizdagi tushum deklaratsiya bilan mos; bankimiz bilan tarixingiz qisqa — 1 yil 11 oy, sizni hali yaxshi bilmaymiz. Foydangizga ishladi: yangi kreditsiz ham qarz yukingiz past — daromadning 13% i; barcha to'lovlardan keyin oyiga 1 575 142 so'm qoladi; xarajatlaringiz daromadning 72% i — tejamkor. Nima qilish mumkin: Kechikish yopilgandan keyin 12 oy toza to'lov tarixi to'plang, so'ng qayta murojaat qiling.","Rad etildi: O'tmishda 95 kunlik kechikish (90+ kun — qattiq to'siq); So'ralgan summada DTI 58.2% — shift 50.0%; to'lov qobiliyati qolmagan. Ballga eng ko'p salbiy ta'sir: O'tmishdagi maks. kechikish (kun) (-16 ball), Bank oqimi / deklaratsiya (-4 ball). Yakuniy ball 612.",O'tmishdagi maks. kechikish (kun) (-16 ball),0,0,0.5819,0.4496,0.218,v1
AP002300,628.2,0.045,QOLDA_KORIB_CHIQISH,"Arizangiz bank xodimiga ko'rib chiqishga yuborildi. Ko'rsatkichlaringiz chegaraviy zonada — avtomatik qaror o'rniga bank xodimi arizangizni qo'lda ko'rib chiqadi. To'sqinlik qildi: oylik daromadingiz 2 272 313 so'm — so'ralgan summa uchun kam; bank hisobingizdagi tushum deklaratsiya bilan mos; bankimiz bilan tarixingiz qisqa — 2 yil 6 oy, sizni hali yaxshi bilmaymiz. Foydangizga ishladi: yangi kreditsiz ham qarz yukingiz past — daromadning 16% i; bandlik turingiz (xususiy) barqaror daromad beradi; oxirgi oylarda daromadingiz o'sgan. Nima qilish mumkin: Qo'shimcha shart yo'q — hujjatlarni tasdiqlash uchun bank xodimi siz bilan bog'lanadi.","Qo'lda ko'rib chiqish: Ball 628 — avtomatik ma'qullash chegarasi 630 dan past. Diqqat talab qiladigan omillar: Oylik daromad medianasi (-11), Bank oqimi / deklaratsiya (-4). Ball 628, tavsiya etilgan limit 2 230 302 so'm.",Oylik daromad medianasi (-11 ball),2230302,0,0.1939,0.0306,0.0305,v1
AP002301,616.3,0.066412,QOLDA_KORIB_CHIQISH,"Arizangiz bank xodimiga ko'rib chiqishga yuborildi. So'ragan 54 285 126 so'm ni to'liq bera olmaymiz, lekin 20 900 000 so'm sizning to'lov qobiliyatingizga to'g'ri keladi — bunda oylik to'lov 864 499 so'm bo'ladi. Yakuniy qarorni bank xodimi tasdiqlaydi. To'sqinlik qildi: oylik daromadingiz 2 479 086 so'm — so'ralgan summa uchun kam; xarajatlaringiz daromadning 69% ini yeb qo'yadi; bank hisobingizdagi tushum deklaratsiya bilan mos. Foydangizga ishladi: oxirgi oylarda daromadingiz o'sgan; yangi kreditsiz ham qarz yukingiz past — daromadning 0% i; pul harakatingiz shaffof, naqd yechish kam. Nima qilish mumkin: To'lov qobiliyatingiz 20 900 000 so'm ga yetadi. Shu summani so'rasangiz, ariza qo'lda ko'rib chiqishga tushadi. Muddatni uzaytiring (hozir 3 yil) — oylik to'lov kamayadi va qarz yuki chegara ichiga tushadi.","Qo'lda ko'rib chiqish: So'ralgan summada DTI 90.6% — shift 50.0%; taklif: 20 900 000 so'm; Yangi to'lov daromadning 90.6% ini oladi — shift 35.0%. Diqqat talab qiladigan omillar: Oylik daromad medianasi (-3), Sarf intensivligi (chiqim/kirim) (-2). Ball 616, tavsiya etilgan limit 20 900 000 so'm.",Oylik daromad medianasi (-3 ball),20900000,0,0.9057,0.9057,0.0258,v1
AP002302,658.4,0.016222,MAQULLANDI,Tabriklaymiz — kredit ma'qullandi. 12 999 609 so'm miqdorida kredit tasdiqlandi. Oylik to'lov taxminan 537 710 so'm bo'ladi. To'sqinlik qildi: xarajatlaringiz daromadning 70% ini yeb qo'yadi. Foydangizga ishladi: bank hisobingizdagi tushum deklaratsiya bilan mos; yangi kreditsiz ham qarz yukingiz past — daromadning 7% i; oylik daromadingiz 5 941 599 so'm — yetarli daraja. Nima qilish mumkin: Qo'shimcha shart yo'q — hujjatlarni tasdiqlash uchun bank xodimi siz bilan bog'lanadi.,"Ma'qullandi: ball 658 (PD 1.6%), DTI 16.1% shift ichida. Asosiy ijobiy omillar: Bank oqimi / deklaratsiya (+14 ball), Mavjud qarz yuki (yangi kreditsiz) (+14 ball), Oylik daromad medianasi (+12 ball). Tasdiqlangan summa 12 999 609 so'm.",Sarf intensivligi (chiqim/kirim) (-4 ball),12999609,50200000,0.1613,0.0905,0.0233,v1
AP002303,653.8,0.018986,QOLDA_KORIB_CHIQISH,"Arizangiz bank xodimiga ko'rib chiqishga yuborildi. So'ragan 21 037 425 so'm ni to'liq bera olmaymiz, lekin 1 400 000 so'm sizning to'lov qobiliyatingizga to'g'ri keladi — bunda oylik to'lov 43 590 so'm bo'ladi. Yakuniy qarorni bank xodimi tasdiqlaydi. To'sqinlik qildi: bank hisobingizdagi tushum deklaratsiya bilan mos; o'tmishda 45 kunlik kechikish qayd etilgan. Foydangizga ishladi: ish stajingiz uzoq — 10 yil 7 oy; oylik daromadingiz 6 665 723 so'm — yetarli daraja; yangi kreditsiz ham qarz yukingiz past — daromadning 49% i. Nima qilish mumkin: So'rovni 1 400 000 so'm gacha kamaytiring — bu summada ma'qullanish ehtimoli sezilarli oshadi. Mavjud kreditlaringizdan birini yopsangiz, qarz yuki pasayadi va limit sezilarli oshadi.","Qo'lda ko'rib chiqish: So'ralgan summada DTI 59.1% — shift 50.0%; taklif: 1 400 000 so'm. Diqqat talab qiladigan omillar: Bank oqimi / deklaratsiya (-4), O'tmishdagi maks. kechikish (kun) (-3). Ball 654, tavsiya etilgan limit 1 400 000 so'm.",Bank oqimi / deklaratsiya (-4 ball),1400000,1400000,0.5914,0.0983,0.0284,v1
AP002304,585.6,0.170566,QOLDA_KORIB_CHIQISH,"Arizangiz bank xodimiga ko'rib chiqishga yuborildi. So'ragan 17 301 452 so'm ni to'liq bera olmaymiz, lekin 13 500 000 so'm sizning to'lov qobiliyatingizga to'g'ri keladi — bunda oylik to'lov 558 408 so'm bo'ladi. Yakuniy qarorni bank xodimi tasdiqlaydi. To'sqinlik qildi: mavjud qarz qoldig'i yillik daromadingizdan 0.3 barobar; oylik daromadingiz 2 309 756 so'm — so'ralgan summa uchun kam; bank hisobingizdagi tushum deklaratsiya bilan mos. Foydangizga ishladi: ish stajingiz uzoq — 10 yil 5 oy; yangi kreditsiz ham qarz yukingiz past — daromadning 26% i; xarajatlaringiz daromadning 72% i — tejamkor. Nima qilish mumkin: To'lov qobiliyatingiz 13 500 000 so'm ga yetadi. Shu summani so'rasangiz, ariza qo'lda ko'rib chiqishga tushadi. Muddatni uzaytiring (hozir 3 yil) — oylik to'lov kamayadi va qarz yuki chegara ichiga tushadi. Mavjud kreditlaringizdan birini yopsangiz, qarz yuki pasayadi va limit sezilarli oshadi.","Qo'lda ko'rib chiqish: So'ralgan summada DTI 56.8% — shift 50.0%; taklif: 13 500 000 so'm; Ball 586 — avtomatik ma'qullash chegarasi 630 dan past. Diqqat talab qiladigan omillar: Qarz qoldig'i / yillik daromad (-11), Oylik daromad medianasi (-11). Ball 586, tavsiya etilgan limit 13 500 000 so'm.",Qarz qoldig'i / yillik daromad (-11 ball),13500000,0,0.568,0.3098,0.2533,v1
AP002305,614.0,0.071432,QOLDA_KORIB_CHIQISH,"Arizangiz bank xodimiga ko'rib chiqishga yuborildi. Ko'rsatkichlaringiz chegaraviy zonada — avtomatik qaror o'rniga bank xodimi arizangizni qo'lda ko'rib chiqadi. To'sqinlik qildi: bank hisobingizdagi tushum deklaratsiya bilan mos. Foydangizga ishladi: barcha to'lovlardan keyin oyiga 3 203 130 so'm qoladi; yangi kreditsiz ham qarz yukingiz past — daromadning 0% i; pul harakatingiz shaffof, naqd yechish kam. Nima qilish mumkin: Qo'shimcha shart yo'q — hujjatlarni tasdiqlash uchun bank xodimi siz bilan bog'lanadi.","Qo'lda ko'rib chiqish: Ball 614 — avtomatik ma'qullash chegarasi 630 dan past. Diqqat talab qiladigan omillar: Bank oqimi / deklaratsiya (-11), Sarf intensivligi (chiqim/kirim) (-1). Ball 614, tavsiya etilgan limit 20 971 491 so'm.",Bank oqimi / deklaratsiya (-11 ball),20971491,0,0.2131,0.2131,0.1483,v1
AP002306,554.9,0.373462,RAD_ETILDI,"Afsuski, hozircha kredit bera olmaymiz. Sabab: hozirgi daromadingiz mavjud to'lovlardan keyin yangi kreditni ko'tara olmaydi. To'sqinlik qildi: yangi kreditgacha ham mavjud to'lovlaringiz daromadning 249% ini oladi; barcha to'lovlardan keyin qo'lingizda pul umuman qolmaydi; mavjud qarz qoldig'i yillik daromadingizdan 0.9 barobar. Foydangizga ishladi: bank hisobingizdagi tushum deklaratsiya bilan mos; oxirgi oylarda daromadingiz o'sgan; bandlik turingiz (o'z_ishi) barqaror daromad beradi. Nima qilish mumkin: Mavjud kreditlaringizdan birini yopsangiz, qarz yuki pasayadi va limit sezilarli oshadi.","Rad etildi: So'ralgan summada DTI 306.9% — shift 50.0%; to'lov qobiliyati qolmagan; Yangi to'lov daromadning 58.1% ini oladi — shift 35.0%. Ballga eng ko'p salbiy ta'sir: Mavjud qarz yuki (yangi kreditsiz) (-19 ball), To'lovlardan keyingi erkin pul (-15 ball). Yakuniy ball 555.",Mavjud qarz yuki (yangi kreditsiz) (-19 ball),0,0,3.0689,0.5806,0.0346,v1
AP002307,589.4,0.15291,RAD_ETILDI,"Afsuski, hozircha kredit bera olmaymiz. Sabab: hozirgi daromadingiz mavjud to'lovlardan keyin yangi kreditni ko'tara olmaydi. To'sqinlik qildi: yangi kreditgacha ham mavjud to'lovlaringiz daromadning 91% ini oladi; barcha to'lovlardan keyin qo'lingizda pul umuman qolmaydi; mavjud qarz qoldig'i yillik daromadingizdan 0.4 barobar. Foydangizga ishladi: ish stajingiz uzoq — 11 yil 10 oy; oylik daromadingiz 6 725 112 so'm — yetarli daraja; bandlik turingiz (xususiy) barqaror daromad beradi. Nima qilish mumkin: Mavjud kreditlaringizdan birini yopsangiz, qarz yuki pasayadi va limit sezilarli oshadi.","Rad etildi: So'ralgan summada DTI 124.1% — shift 50.0%; to'lov qobiliyati qolmagan. Ballga eng ko'p salbiy ta'sir: Mavjud qarz yuki (yangi kreditsiz) (-19 ball), To'lovlardan keyingi erkin pul (-15 ball). Yakuniy ball 589.",Mavjud qarz yuki (yangi kreditsiz) (-19 ball),0,0,1.2408,0.334,0.1701,v1
AP002308,616.0,0.066882,RAD_ETILDI,"Afsuski, hozircha kredit bera olmaymiz. Sabab: kredit tarixingizda 95 kunlik kechikish bor. To'sqinlik qildi: o'tmishda 95 kunlik kechikish qayd etilgan; mavjud qarz qoldig'i yillik daromadingizdan 0.6 barobar; bankimiz bilan tarixingiz qisqa — 2 yil 3 oy, sizni hali yaxshi bilmaymiz. Foydangizga ishladi: ish stajingiz uzoq — 12 yil 2 oy; bandlik turingiz (xususiy) barqaror daromad beradi; yangi kreditsiz ham qarz yukingiz past — daromadning 31% i. Nima qilish mumkin: Mavjud kreditlaringizdan birini yopsangiz, qarz yuki pasayadi va limit sezilarli oshadi. Kechikish yopilgandan keyin 12 oy toza to'lov tarixi to'plang, so'ng qayta murojaat qiling.","Rad etildi: O'tmishda 95 kunlik kechikish (90+ kun — qattiq to'siq). Ballga eng ko'p salbiy ta'sir: O'tmishdagi maks. kechikish (kun) (-16 ball), Qarz qoldig'i / yillik daromad (-11 ball). Yakuniy ball 616.",O'tmishdagi maks. kechikish (kun) (-16 ball),0,0,0.3722,0.0624,0.0288,v1
AP002309,617.5,0.06385,QOLDA_KORIB_CHIQISH,"Arizangiz bank xodimiga ko'rib chiqishga yuborildi. Ko'rsatkichlaringiz chegaraviy zonada — avtomatik qaror o'rniga bank xodimi arizangizni qo'lda ko'rib chiqadi. To'sqinlik qildi: ish stajingiz qisqa — atigi 2 yil; bank hisobingizdagi tushum deklaratsiya bilan mos; bankimiz bilan tarixingiz qisqa — 2 yil 9 oy, sizni hali yaxshi bilmaymiz. Foydangizga ishladi: bandlik turingiz (byudjet) barqaror daromad beradi; barcha to'lovlardan keyin oyiga 3 714 943 so'm qoladi; oxirgi oylarda daromadingiz o'sgan. Nima qilish mumkin: Qo'shimcha shart yo'q — hujjatlarni tasdiqlash uchun bank xodimi siz bilan bog'lanadi.","Qo'lda ko'rib chiqish: Ball 617 — avtomatik ma'qullash chegarasi 630 dan past. Diqqat talab qiladigan omillar: Ish staji (oy) (-15), Bank oqimi / deklaratsiya (-11). Ball 617, tavsiya etilgan limit 11 228 182 so'm.",Ish staji (oy) (-15 ball),11228182,0,0.1111,0.1111,0.0263,v1
AP002310,615.4,0.0684,QOLDA_KORIB_CHIQISH,"Arizangiz bank xodimiga ko'rib chiqishga yuborildi. So'ragan 35 826 709 so'm ni to'liq bera olmaymiz, lekin 12 200 000 so'm sizning to'lov qobiliyatingizga to'g'ri keladi — bunda oylik to'lov 1 177 373 so'm bo'ladi. Yakuniy qarorni bank xodimi tasdiqlaydi. To'sqinlik qildi: bankimiz bilan tarixingiz qisqa — 2 yil 5 oy, sizni hali yaxshi bilmaymiz; oylik daromadingiz 3 370 192 so'm — so'ralgan summa uchun kam; bank hisobingizdagi tushum deklaratsiya bilan mos. Foydangizga ishladi: bandlik turingiz (byudjet) barqaror daromad beradi; xarajatlaringiz daromadning 74% i — tejamkor; yangi kreditsiz ham qarz yukingiz past — daromadning 0% i. Nima qilish mumkin: To'lov qobiliyatingiz 12 200 000 so'm ga yetadi. Shu summani so'rasangiz, ariza qo'lda ko'rib chiqishga tushadi. Muddatni uzaytiring (hozir 1 yil) — oylik to'lov kamayadi va qarz yuki chegara ichiga tushadi.","Qo'lda ko'rib chiqish: So'ralgan summada DTI 102.6% — shift 50.0%; taklif: 12 200 000 so'm; Yangi to'lov daromadning 102.6% ini oladi — shift 35.0%. Diqqat talab qiladigan omillar: Bank bilan tarix (oy) (-4), Oylik daromad medianasi (-3). Ball 615, tavsiya etilgan limit 12 200 000 so'm.",Bank bilan tarix (oy) (-4 ball),12200000,0,1.0259,1.0259,0.0299,v1
AP002311,556.1,0.364328,RAD_ETILDI,"Afsuski, hozircha kredit bera olmaymiz. Sabab: hozirgi daromadingiz mavjud to'lovlardan keyin yangi kreditni ko'tara olmaydi. To'sqinlik qildi: yangi kreditgacha ham mavjud to'lovlaringiz daromadning 156% ini oladi; barcha to'lovlardan keyin qo'lingizda pul umuman qolmaydi; oylik daromadingiz 1 963 676 so'm — so'ralgan summa uchun kam. Foydangizga ishladi: oxirgi oylarda daromadingiz o'sgan; ish stajingiz uzoq — 8 yil 8 oy; mavjud qarz qoldig'i yillik daromadingizga nisbatan kichik. Nima qilish mumkin: Mavjud kreditlaringizdan birini yopsangiz, qarz yuki pasayadi va limit sezilarli oshadi.","Rad etildi: So'ralgan summada DTI 292.9% — shift 50.0%; to'lov qobiliyati qolmagan; Yangi to'lov daromadning 136.9% ini oladi — shift 35.0%. Ballga eng ko'p salbiy ta'sir: Mavjud qarz yuki (yangi kreditsiz) (-19 ball), To'lovlardan keyingi erkin pul (-15 ball). Yakuniy ball 556.",Mavjud qarz yuki (yangi kreditsiz) (-19 ball),0,0,2.9292,1.3693,0.0226,v1
AP002312,625.9,0.048418,QOLDA_KORIB_CHIQISH,"Arizangiz bank xodimiga ko'rib chiqishga yuborildi. Ko'rsatkichlaringiz chegaraviy zonada — avtomatik qaror o'rniga bank xodimi arizangizni qo'lda ko'rib chiqadi. To'sqinlik qildi: o'tmishda 45 kunlik kechikish qayd etilgan; bank hisobingizdagi tushum deklaratsiya bilan mos. Foydangizga ishladi: yangi kreditsiz ham qarz yukingiz past — daromadning 28% i; oxirgi oylarda daromadingiz o'sgan; barcha to'lovlardan keyin oyiga 3 238 888 so'm qoladi. Nima qilish mumkin: Mavjud kreditlaringizdan birini yopsangiz, qarz yuki pasayadi va limit sezilarli oshadi.","Qo'lda ko'rib chiqish: Ball 626 — avtomatik ma'qullash chegarasi 630 dan past. Diqqat talab qiladigan omillar: O'tmishdagi maks. kechikish (kun) (-3), Bank oqimi / deklaratsiya (-2). Ball 626, tavsiya etilgan limit 8 658 752 so'm.",O'tmishdagi maks. kechikish (kun) (-3 ball),8658752,0,0.3382,0.0551,0.0257,v1
AP002313,614.4,0.070588,RAD_ETILDI,"Afsuski, hozircha kredit bera olmaymiz. Sabab: hozirgi daromadingiz mavjud to'lovlardan keyin yangi kreditni ko'tara olmaydi. To'sqinlik qildi: yangi kreditgacha ham mavjud to'lovlaringiz daromadning 87% ini oladi; bankimiz bilan tarixingiz qisqa — 1 yil 4 oy, sizni hali yaxshi bilmaymiz. Foydangizga ishladi: ish stajingiz uzoq — 12 yil 2 oy; oxirgi oylarda daromadingiz o'sgan; xarajatlaringiz daromadning 67% i — tejamkor. Nima qilish mumkin: Mavjud kreditlaringizdan birini yopsangiz, qarz yuki pasayadi va limit sezilarli oshadi.","Rad etildi: So'ralgan summada DTI 109.9% — shift 50.0%; to'lov qobiliyati qolmagan. Ballga eng ko'p salbiy ta'sir: Mavjud qarz yuki (yangi kreditsiz) (-19 ball), Bank bilan tarix (oy) (-4 ball). Yakuniy ball 614.",Mavjud qarz yuki (yangi kreditsiz) (-19 ball),0,0,1.0992,0.234,0.2417,v1
AP002314,646.4,0.024444,QOLDA_KORIB_CHIQISH,"Arizangiz bank xodimiga ko'rib chiqishga yuborildi. So'ragan 11 116 679 so'm ni to'liq bera olmaymiz, lekin 6 300 000 so'm sizning to'lov qobiliyatingizga to'g'ri keladi — bunda oylik to'lov 1 137 398 so'm bo'ladi. Yakuniy qarorni bank xodimi tasdiqlaydi. To'sqinlik qildi: oylik daromadingiz 3 258 806 so'm — so'ralgan summa uchun kam. Foydangizga ishladi: bank hisobingizdagi tushum deklaratsiya bilan mos; oxirgi oylarda daromadingiz o'sgan; barcha to'lovlardan keyin oyiga 1 251 808 so'm qoladi. Nima qilish mumkin: So'rovni 6 300 000 so'm gacha kamaytiring — bu summada ma'qullanish ehtimoli sezilarli oshadi. Muddatni uzaytiring (hozir 6 oy) — oylik to'lov kamayadi va qarz yuki chegara ichiga tushadi.","Qo'lda ko'rib chiqish: So'ralgan summada DTI 61.6% — shift 50.0%; taklif: 6 300 000 so'm; Yangi to'lov daromadning 61.6% ini oladi — shift 35.0%. Diqqat talab qiladigan omillar: Oylik daromad medianasi (-3), Sarf intensivligi (chiqim/kirim) (-1). Ball 646, tavsiya etilgan limit 6 300 000 so'm.",Oylik daromad medianasi (-3 ball),6300000,6300000,0.6159,0.6159,0.0282,v1
AP002315,664.4,0.013233,MAQULLANDI,Tabriklaymiz — kredit ma'qullandi. 20 303 117 so'm miqdorida kredit tasdiqlandi. Oylik to'lov taxminan 1 959 372 so'm bo'ladi. To'sqinlik qildi: xarajatlaringiz daromadning 64% ini yeb qo'yadi. Foydangizga ishladi: bank hisobingizdagi tushum deklaratsiya bilan mos; barcha to'lovlardan keyin oyiga 14 038 482 so'm qoladi; bandlik turingiz (xususiy) barqaror daromad beradi. Nima qilish mumkin: Qo'shimcha shart yo'q — hujjatlarni tasdiqlash uchun bank xodimi siz bilan bog'lanadi.,"Ma'qullandi: ball 664 (PD 1.3%), DTI 12.2% shift ichida. Asosiy ijobiy omillar: Bank oqimi / deklaratsiya (+14 ball), To'lovlardan keyingi erkin pul (+9 ball), Bandlik turi (+9 ball). Tasdiqlangan summa 20 303 117 so'm.",Sarf intensivligi (chiqim/kirim) (-3 ball),20303117,58000000,0.1225,0.1225,0.0302,v1
AP002316,639.3,0.031068,QOLDA_KORIB_CHIQISH,"Arizangiz bank xodimiga ko'rib chiqishga yuborildi. So'ragan 27 491 962 so'm ni to'liq bera olmaymiz, lekin 17 300 000 so'm sizning to'lov qobiliyatingizga to'g'ri keladi — bunda oylik to'lov 1 669 554 so'm bo'ladi. Yakuniy qarorni bank xodimi tasdiqlaydi. To'sqinlik qildi: bank hisobingizdagi tushum deklaratsiya bilan mos. Foydangizga ishladi: bandlik turingiz (xususiy) barqaror daromad beradi; xarajatlaringiz daromadning 66% i — tejamkor; barcha to'lovlardan keyin oyiga 2 141 551 so'm qoladi. Nima qilish mumkin: So'rovni 17 300 000 so'm gacha kamaytiring — bu summada ma'qullanish ehtimoli sezilarli oshadi. Muddatni uzaytiring (hozir 1 yil) — oylik to'lov kamayadi va qarz yuki chegara ichiga tushadi.","Qo'lda ko'rib chiqish: So'ralgan summada DTI 55.3% — shift 50.0%; taklif: 17 300 000 so'm; Yangi to'lov daromadning 55.3% ini oladi — shift 35.0%. Diqqat talab qiladigan omillar: Bank oqimi / deklaratsiya (-4), So'ralgan summa / yillik daromad (-1). Ball 639, tavsiya etilgan limit 17 300 000 so'm.",Bank oqimi / deklaratsiya (-4 ball),17300000,17300000,0.5533,0.5533,0.0352,v1
AP002317,566.2,0.287616,RAD_ETILDI,"Afsuski, hozircha kredit bera olmaymiz. Sabab: hozirgi daromadingiz mavjud to'lovlardan keyin yangi kreditni ko'tara olmaydi. To'sqinlik qildi: yangi kreditgacha ham mavjud to'lovlaringiz daromadning 65% ini oladi; barcha to'lovlardan keyin qo'lingizda pul umuman qolmaydi; oylik daromadingiz 1 533 964 so'm — so'ralgan summa uchun kam. Foydangizga ishladi: bandlik turingiz (qurilish) barqaror daromad beradi; bank hisobingizdagi tushum deklaratsiya bilan mos; mavjud qarz qoldig'i yillik daromadingizga nisbatan kichik. Nima qilish mumkin: Qo'shimcha shart yo'q — hujjatlarni tasdiqlash uchun bank xodimi siz bilan bog'lanadi.","Rad etildi: So'ralgan summada DTI 278.6% — shift 50.0%; to'lov qobiliyati qolmagan; Yangi to'lov daromadning 213.6% ini oladi — shift 35.0%. Ballga eng ko'p salbiy ta'sir: Mavjud qarz yuki (yangi kreditsiz) (-19 ball), To'lovlardan keyingi erkin pul (-15 ball). Yakuniy ball 566.",Mavjud qarz yuki (yangi kreditsiz) (-19 ball),0,0,2.7858,2.1356,0.1952,v1
AP002318,579.1,0.20488,RAD_ETILDI,"Afsuski, hozircha kredit bera olmaymiz. Sabab: hozirgi daromadingiz mavjud to'lovlardan keyin yangi kreditni ko'tara olmaydi. To'sqinlik qildi: yangi kreditgacha ham mavjud to'lovlaringiz daromadning 57% ini oladi; mavjud qarz qoldig'i yillik daromadingizdan 1.1 barobar; oylik daromadingiz 1 998 252 so'm — so'ralgan summa uchun kam. Foydangizga ishladi: bandlik turingiz (xususiy) barqaror daromad beradi; xarajatlaringiz daromadning 72% i — tejamkor; pul harakatingiz shaffof, naqd yechish kam. Nima qilish mumkin: Mavjud kreditlaringizdan birini yopsangiz, qarz yuki pasayadi va limit sezilarli oshadi.","Rad etildi: So'ralgan summada DTI 93.5% — shift 50.0%; to'lov qobiliyati qolmagan; Yangi to'lov daromadning 36.9% ini oladi — shift 35.0%. Ballga eng ko'p salbiy ta'sir: Mavjud qarz yuki (yangi kreditsiz) (-19 ball), Qarz qoldig'i / yillik daromad (-11 ball). Yakuniy ball 579.",Mavjud qarz yuki (yangi kreditsiz) (-19 ball),0,0,0.9348,0.3686,0.0313,v1
AP002319,626.6,0.047353,QOLDA_KORIB_CHIQISH,Arizangiz bank xodimiga ko'rib chiqishga yuborildi. Ko'rsatkichlaringiz chegaraviy zonada — avtomatik qaror o'rniga bank xodimi arizangizni qo'lda ko'rib chiqadi. To'sqinlik qildi: oylik daromadingiz 2 693 718 so'm — so'ralgan summa uchun kam; oila a'zosiga oyiga atigi 448 953 so'm to'g'ri keladi; bank hisobingizdagi tushum deklaratsiya bilan mos. Foydangizga ishladi: bandlik turingiz (qurilish) barqaror daromad beradi; oxirgi oylarda daromadingiz o'sgan; barcha to'lovlardan keyin oyiga 2 184 925 so'm qoladi. Nima qilish mumkin: Qo'shimcha shart yo'q — hujjatlarni tasdiqlash uchun bank xodimi siz bilan bog'lanadi.,"Qo'lda ko'rib chiqish: Ball 627 — avtomatik ma'qullash chegarasi 630 dan past. Diqqat talab qiladigan omillar: Oylik daromad medianasi (-3), Jon boshiga daromad (-3). Ball 627, tavsiya etilgan limit 16 341 094 so'm.",Oylik daromad medianasi (-3 ball),16341094,0,0.1889,0.1889,0.0323,v1
AP002320,632.0,0.039613,MAQULLANDI,Tabriklaymiz — kredit ma'qullandi. 27 403 254 so'm miqdorida kredit tasdiqlandi. Oylik to'lov taxminan 853 223 so'm bo'ladi. To'sqinlik qildi: xarajatlaringiz daromadning 70% ini yeb qo'yadi. Foydangizga ishladi: barcha to'lovlardan keyin oyiga 4 594 232 so'm qoladi; bank hisobingizdagi tushum deklaratsiya bilan mos; yangi kreditsiz ham qarz yukingiz past — daromadning 0% i. Nima qilish mumkin: Qo'shimcha shart yo'q — hujjatlarni tasdiqlash uchun bank xodimi siz bilan bog'lanadi.,"Ma'qullandi: ball 632 (PD 4.0%), DTI 15.7% shift ichida. Asosiy ijobiy omillar: To'lovlardan keyingi erkin pul (+8 ball), Bank oqimi / deklaratsiya (+8 ball), Mavjud qarz yuki (yangi kreditsiz) (+5 ball). Tasdiqlangan summa 27 403 254 so'm.",Sarf intensivligi (chiqim/kirim) (-2 ball),27403254,49400000,0.1566,0.1566,0.0349,v1
AP002321,654.1,0.018789,MAQULLANDI,Tabriklaymiz — kredit ma'qullandi. 3 880 025 so'm miqdorida kredit tasdiqlandi. Oylik to'lov taxminan 212 969 so'm bo'ladi. To'sqinlik qildi: daromadning 20% i naqd yechib olinadi — bank uchun bu ko'rinmas pul; bank hisobingizdagi tushum deklaratsiya bilan mos. Foydangizga ishladi: yangi kreditsiz ham qarz yukingiz past — daromadning 10% i; bandlik turingiz (byudjet) barqaror daromad beradi; oxirgi oylarda daromadingiz o'sgan. Nima qilish mumkin: Qo'shimcha shart yo'q — hujjatlarni tasdiqlash uchun bank xodimi siz bilan bog'lanadi.,"Ma'qullandi: ball 654 (PD 1.9%), DTI 15.3% shift ichida. Asosiy ijobiy omillar: Mavjud qarz yuki (yangi kreditsiz) (+14 ball), Bandlik turi (+11 ball), Daromad trendi (2-yarim/1-yarim) (+7 ball). Tasdiqlangan summa 3 880 025 so'm.",Naqd yechish ulushi (-4 ball),3880025,27000000,0.1526,0.0501,0.027,v1
AP002322,595.4,0.127695,QOLDA_KORIB_CHIQISH,"Arizangiz bank xodimiga ko'rib chiqishga yuborildi. So'ragan 49 252 726 so'm ni to'liq bera olmaymiz, lekin 21 000 000 so'm sizning to'lov qobiliyatingizga to'g'ri keladi — bunda oylik to'lov 653 852 so'm bo'ladi. Yakuniy qarorni bank xodimi tasdiqlaydi. To'sqinlik qildi: ish stajingiz qisqa — atigi 1 yil 9 oy; oxirgi oylarda daromadingiz kamaygan; daromadning 20% i naqd yechib olinadi — bank uchun bu ko'rinmas pul. Foydangizga ishladi: yangi kreditsiz ham qarz yukingiz past — daromadning 38% i; barcha to'lovlardan keyin oyiga 1 958 084 so'm qoladi; mavjud qarz qoldig'i yillik daromadingizga nisbatan kichik. Nima qilish mumkin: To'lov qobiliyatingiz 21 000 000 so'm ga yetadi. Shu summani so'rasangiz, ariza qo'lda ko'rib chiqishga tushadi. Mavjud kreditlaringizdan birini yopsangiz, qarz yuki pasayadi va limit sezilarli oshadi.","Qo'lda ko'rib chiqish: So'ralgan summada DTI 65.5% — shift 50.0%; taklif: 21 000 000 so'm; Ball 595 — avtomatik ma'qullash chegarasi 630 dan past. Diqqat talab qiladigan omillar: Ish staji (oy) (-15), Daromad trendi (2-yarim/1-yarim) (-7). Ball 595, tavsiya etilgan limit 21 000 000 so'm.",Ish staji (oy) (-15 ball),21000000,0,0.6547,0.2704,0.1646,v1
AP002323,648.7,0.022617,MAQULLANDI,Tabriklaymiz — kredit ma'qullandi. 49 329 821 so'm miqdorida kredit tasdiqlandi. Oylik to'lov taxminan 2 707 640 so'm bo'ladi. To'sqinlik qildi: bank hisobingizdagi tushum deklaratsiya bilan mos; xarajatlaringiz daromadning 70% ini yeb qo'yadi. Foydangizga ishladi: ish stajingiz uzoq — 12 yil; barcha to'lovlardan keyin oyiga 12 529 617 so'm qoladi; bandlik turingiz (qurilish) barqaror daromad beradi. Nima qilish mumkin: Qo'shimcha shart yo'q — hujjatlarni tasdiqlash uchun bank xodimi siz bilan bog'lanadi.,"Ma'qullandi: ball 649 (PD 2.3%), DTI 17.8% shift ichida. Asosiy ijobiy omillar: Ish staji (oy) (+13 ball), To'lovlardan keyingi erkin pul (+9 ball), Bandlik turi (+9 ball). Tasdiqlangan summa 49 329 821 so'm.",Bank oqimi / deklaratsiya (-4 ball),49329821,97100000,0.1777,0.1777,0.0283,v1
AP002324,641.7,0.02864,MAQULLANDI,Tabriklaymiz — kredit ma'qullandi. 11 393 725 so'm miqdorida kredit tasdiqlandi. Oylik to'lov taxminan 625 384 so'm bo'ladi. To'sqinlik qildi: bank hisobingizdagi tushum deklaratsiya bilan mos; xarajatlaringiz daromadning 64% ini yeb qo'yadi. Foydangizga ishladi: bandlik turingiz (byudjet) barqaror daromad beradi; barcha to'lovlardan keyin oyiga 10 431 612 so'm qoladi; oylik daromadingiz 11 056 996 so'm — yetarli daraja. Nima qilish mumkin: Qo'shimcha shart yo'q — hujjatlarni tasdiqlash uchun bank xodimi siz bilan bog'lanadi.,"Ma'qullandi: ball 642 (PD 2.9%), DTI 5.7% shift ichida. Asosiy ijobiy omillar: Bandlik turi (+11 ball), To'lovlardan keyingi erkin pul (+9 ball), Oylik daromad medianasi (+9 ball). Tasdiqlangan summa 11 393 725 so'm.",Bank oqimi / deklaratsiya (-4 ball),11393725,70500000,0.0566,0.0566,0.0265,v1
AP002325,624.3,0.051131,QOLDA_KORIB_CHIQISH,Arizangiz bank xodimiga ko'rib chiqishga yuborildi. Ko'rsatkichlaringiz chegaraviy zonada — avtomatik qaror o'rniga bank xodimi arizangizni qo'lda ko'rib chiqadi. To'sqinlik qildi: bank hisobingizdagi tushum deklaratsiya bilan mos; xarajatlaringiz daromadning 71% ini yeb qo'yadi; o'tmishda 45 kunlik kechikish qayd etilgan. Foydangizga ishladi: ish stajingiz uzoq — 10 yil 10 oy; bandlik turingiz (xususiy) barqaror daromad beradi; barcha to'lovlardan keyin oyiga 4 832 537 so'm qoladi. Nima qilish mumkin: Qo'shimcha shart yo'q — hujjatlarni tasdiqlash uchun bank xodimi siz bilan bog'lanadi.,"Qo'lda ko'rib chiqish: Ball 624 — avtomatik ma'qullash chegarasi 630 dan past. Diqqat talab qiladigan omillar: Bank oqimi / deklaratsiya (-11), Sarf intensivligi (chiqim/kirim) (-4). Ball 624, tavsiya etilgan limit 9 139 924 so'm.",Bank oqimi / deklaratsiya (-11 ball),9139924,0,0.0914,0.0535,0.0314,v1
AP002326,619.6,0.059584,RAD_ETILDI,"Afsuski, hozircha kredit bera olmaymiz. Sabab: kredit tarixingizda 95 kunlik kechikish bor. To'sqinlik qildi: o'tmishda 95 kunlik kechikish qayd etilgan; oylik daromadingiz 2 404 663 so'm — so'ralgan summa uchun kam; oila a'zosiga oyiga atigi 343 523 so'm to'g'ri keladi. Foydangizga ishladi: bank hisobingizdagi tushum deklaratsiya bilan mos; yangi kreditsiz ham qarz yukingiz past — daromadning 7% i; ish stajingiz uzoq — 8 yil 10 oy. Nima qilish mumkin: Kechikish yopilgandan keyin 12 oy toza to'lov tarixi to'plang, so'ng qayta murojaat qiling.","Rad etildi: O'tmishda 95 kunlik kechikish (90+ kun — qattiq to'siq); So'ralgan summada DTI 110.0% — shift 50.0%; to'lov qobiliyati qolmagan. Ballga eng ko'p salbiy ta'sir: O'tmishdagi maks. kechikish (kun) (-16 ball), Oylik daromad medianasi (-11 ball). Yakuniy ball 620.",O'tmishdagi maks. kechikish (kun) (-16 ball),0,0,1.1,1.0271,0.0329,v1
AP002327,640.1,0.030234,MAQULLANDI,Tabriklaymiz — kredit ma'qullandi. 6 435 500 so'm miqdorida kredit tasdiqlandi. Oylik to'lov taxminan 266 195 so'm bo'ladi. To'sqinlik qildi: oylik daromadingiz 1 441 008 so'm — so'ralgan summa uchun kam; bank hisobingizdagi tushum deklaratsiya bilan mos. Foydangizga ishladi: ish stajingiz uzoq — 11 yil 4 oy; bandlik turingiz (byudjet) barqaror daromad beradi; oxirgi oylarda daromadingiz o'sgan. Nima qilish mumkin: Qo'shimcha shart yo'q — hujjatlarni tasdiqlash uchun bank xodimi siz bilan bog'lanadi.,"Ma'qullandi: ball 640 (PD 3.0%), DTI 18.5% shift ichida. Asosiy ijobiy omillar: Ish staji (oy) (+13 ball), Bandlik turi (+11 ball), Daromad trendi (2-yarim/1-yarim) (+8 ball). Tasdiqlangan summa 6 435 500 so'm.",Oylik daromad medianasi (-11 ball),6435500,12100000,0.1847,0.1847,0.0352,v1
AP002328,634.2,0.036777,RAD_ETILDI,"Afsuski, hozircha kredit bera olmaymiz. Sabab: kredit tarixingizda 95 kunlik kechikish bor. To'sqinlik qildi: o'tmishda 95 kunlik kechikish qayd etilgan; bank hisobingizdagi tushum deklaratsiya bilan mos; xarajatlaringiz daromadning 72% ini yeb qo'yadi. Foydangizga ishladi: yangi kreditsiz ham qarz yukingiz past — daromadning 8% i; ish stajingiz uzoq — 10 yil 1 oy; barcha to'lovlardan keyin oyiga 6 802 183 so'm qoladi. Nima qilish mumkin: Kechikish yopilgandan keyin 12 oy toza to'lov tarixi to'plang, so'ng qayta murojaat qiling.","Rad etildi: O'tmishda 95 kunlik kechikish (90+ kun — qattiq to'siq). Ballga eng ko'p salbiy ta'sir: O'tmishdagi maks. kechikish (kun) (-16 ball), Bank oqimi / deklaratsiya (-4 ball). Yakuniy ball 634.",O'tmishdagi maks. kechikish (kun) (-16 ball),0,0,0.2552,0.1777,0.0273,v1
AP002329,626.6,0.047399,QOLDA_KORIB_CHIQISH,Arizangiz bank xodimiga ko'rib chiqishga yuborildi. Ko'rsatkichlaringiz chegaraviy zonada — avtomatik qaror o'rniga bank xodimi arizangizni qo'lda ko'rib chiqadi. To'sqinlik qildi: xarajatlaringiz daromadning 70% ini yeb qo'yadi; oylik daromadingiz 3 221 025 so'm — so'ralgan summa uchun kam. Foydangizga ishladi: bandlik turingiz (xususiy) barqaror daromad beradi; oxirgi oylarda daromadingiz o'sgan; barcha to'lovlardan keyin oyiga 2 410 091 so'm qoladi. Nima qilish mumkin: Qo'shimcha shart yo'q — hujjatlarni tasdiqlash uchun bank xodimi siz bilan bog'lanadi.,"Qo'lda ko'rib chiqish: Ball 627 — avtomatik ma'qullash chegarasi 630 dan past. Diqqat talab qiladigan omillar: Sarf intensivligi (chiqim/kirim) (-4), Oylik daromad medianasi (-3). Ball 627, tavsiya etilgan limit 19 605 022 so'm.",Sarf intensivligi (chiqim/kirim) (-4 ball),19605022,0,0.2518,0.2518,0.2318,v1
AP002330,623.9,0.051838,QOLDA_KORIB_CHIQISH,"Arizangiz bank xodimiga ko'rib chiqishga yuborildi. So'ragan 30 971 040 so'm ni to'liq bera olmaymiz, lekin 24 100 000 so'm sizning to'lov qobiliyatingizga to'g'ri keladi — bunda oylik to'lov 2 325 794 so'm bo'ladi. Yakuniy qarorni bank xodimi tasdiqlaydi. To'sqinlik qildi: oxirgi oylarda daromadingiz kamaygan; bankimiz bilan tarixingiz qisqa — 2 yil 11 oy, sizni hali yaxshi bilmaymiz. Foydangizga ishladi: oylik daromadingiz 6 655 244 so'm — yetarli daraja; bandlik turingiz (qurilish) barqaror daromad beradi; barcha to'lovlardan keyin oyiga 3 666 354 so'm qoladi. Nima qilish mumkin: To'lov qobiliyatingiz 24 100 000 so'm ga yetadi. Shu summani so'rasangiz, ariza qo'lda ko'rib chiqishga tushadi. Muddatni uzaytiring (hozir 1 yil) — oylik to'lov kamayadi va qarz yuki chegara ichiga tushadi.","Qo'lda ko'rib chiqish: Yangi to'lov daromadning 44.9% ini oladi — shift 35.0%; Ball 624 — avtomatik ma'qullash chegarasi 630 dan past. Diqqat talab qiladigan omillar: Daromad trendi (2-yarim/1-yarim) (-7), Bank bilan tarix (oy) (-4). Ball 624, tavsiya etilgan limit 24 100 000 so'm.",Daromad trendi (2-yarim/1-yarim) (-7 ball),24100000,0,0.4491,0.4491,0.2906,v1
AP002331,640.3,0.029953,MAQULLANDI,Tabriklaymiz — kredit ma'qullandi. 8 041 180 so'm miqdorida kredit tasdiqlandi. Oylik to'lov taxminan 250 369 so'm bo'ladi. To'sqinlik qildi: mavjud qarz qoldig'i yillik daromadingizdan 0.2 barobar; daromadning 19% i naqd yechib olinadi — bank uchun bu ko'rinmas pul; bank hisobingizdagi tushum deklaratsiya bilan mos. Foydangizga ishladi: yangi kreditsiz ham qarz yukingiz past — daromadning 8% i; ish stajingiz uzoq — 11 yil 9 oy; xarajatlaringiz daromadning 66% i — tejamkor. Nima qilish mumkin: Qo'shimcha shart yo'q — hujjatlarni tasdiqlash uchun bank xodimi siz bilan bog'lanadi.,"Ma'qullandi: ball 640 (PD 3.0%), DTI 15.5% shift ichida. Asosiy ijobiy omillar: Mavjud qarz yuki (yangi kreditsiz) (+14 ball), Ish staji (oy) (+13 ball), Sarf intensivligi (chiqim/kirim) (+7 ball). Tasdiqlangan summa 8 041 180 so'm.",Qarz qoldig'i / yillik daromad (-11 ball),8041180,39700000,0.1552,0.0708,0.0366,v1
AP002332,588.9,0.155091,RAD_ETILDI,"Afsuski, hozircha kredit bera olmaymiz. Sabab: hozirgi daromadingiz mavjud to'lovlardan keyin yangi kreditni ko'tara olmaydi. To'sqinlik qildi: yangi kreditgacha ham mavjud to'lovlaringiz daromadning 83% ini oladi; barcha to'lovlardan keyin qo'lingizda pul umuman qolmaydi; bank hisobingizdagi tushum deklaratsiya bilan mos. Foydangizga ishladi: oylik daromadingiz 6 011 418 so'm — yetarli daraja; bandlik turingiz (qurilish) barqaror daromad beradi; xarajatlaringiz daromadning 68% i — tejamkor. Nima qilish mumkin: Mavjud kreditlaringizdan birini yopsangiz, qarz yuki pasayadi va limit sezilarli oshadi.","Rad etildi: So'ralgan summada DTI 148.8% — shift 50.0%; to'lov qobiliyati qolmagan; Yangi to'lov daromadning 66.2% ini oladi — shift 35.0%. Ballga eng ko'p salbiy ta'sir: Mavjud qarz yuki (yangi kreditsiz) (-19 ball), To'lovlardan keyingi erkin pul (-15 ball). Yakuniy ball 589.",Mavjud qarz yuki (yangi kreditsiz) (-19 ball),0,0,1.4876,0.6616,0.3422,v1
AP002333,586.3,0.16714,QOLDA_KORIB_CHIQISH,"Arizangiz bank xodimiga ko'rib chiqishga yuborildi. So'ragan 15 799 923 so'm ni to'liq bera olmaymiz, lekin 8 500 000 so'm sizning to'lov qobiliyatingizga to'g'ri keladi — bunda oylik to'lov 820 301 so'm bo'ladi. Yakuniy qarorni bank xodimi tasdiqlaydi. To'sqinlik qildi: mavjud qarz qoldig'i yillik daromadingizdan 0.4 barobar; bank hisobingizdagi tushum deklaratsiya bilan mos; oxirgi oylarda daromadingiz kamaygan. Foydangizga ishladi: ish stajingiz uzoq — 12 yil 3 oy; yangi kreditsiz ham qarz yukingiz past — daromadning 22% i; pul harakatingiz shaffof, naqd yechish kam. Nima qilish mumkin: To'lov qobiliyatingiz 8 500 000 so'm ga yetadi. Shu summani so'rasangiz, ariza qo'lda ko'rib chiqishga tushadi. Muddatni uzaytiring (hozir 1 yil) — oylik to'lov kamayadi va qarz yuki chegara ichiga tushadi.","Qo'lda ko'rib chiqish: So'ralgan summada DTI 73.5% — shift 50.0%; taklif: 8 500 000 so'm; Yangi to'lov daromadning 51.2% ini oladi — shift 35.0%. Diqqat talab qiladigan omillar: Qarz qoldig'i / yillik daromad (-11), Bank oqimi / deklaratsiya (-11). Ball 586, tavsiya etilgan limit 8 500 000 so'm.",Qarz qoldig'i / yillik daromad (-11 ball),8500000,0,0.7346,0.5116,0.2655,v1
AP002334,651.4,0.020644,MAQULLANDI,"Tabriklaymiz — kredit ma'qullandi. 4 795 758 so'm miqdorida kredit tasdiqlandi. Oylik to'lov taxminan 263 232 so'm bo'ladi. To'sqinlik qildi: bankimiz bilan tarixingiz qisqa — 3 yil 2 oy, sizni hali yaxshi bilmaymiz; xarajatlaringiz daromadning 71% ini yeb qo'yadi; bank hisobingizdagi tushum deklaratsiya bilan mos. Foydangizga ishladi: ish stajingiz uzoq — 11 yil 6 oy; oylik daromadingiz 6 678 479 so'm — yetarli daraja; barcha to'lovlardan keyin oyiga 6 415 247 so'm qoladi. Nima qilish mumkin: Qo'shimcha shart yo'q — hujjatlarni tasdiqlash uchun bank xodimi siz bilan bog'lanadi.","Ma'qullandi: ball 651 (PD 2.1%), DTI 3.9% shift ichida. Asosiy ijobiy omillar: Ish staji (oy) (+13 ball), Oylik daromad medianasi (+12 ball), To'lovlardan keyingi erkin pul (+9 ball). Tasdiqlangan summa 4 795 758 so'm.",Bank bilan tarix (oy) (-4 ball),4795758,42500000,0.0394,0.0394,0.0321,v1
AP002335,640.1,0.030196,MAQULLANDI,"Tabriklaymiz — kredit ma'qullandi. 23 066 418 so'm miqdorida kredit tasdiqlandi. Oylik to'lov taxminan 954 110 so'm bo'ladi. To'sqinlik qildi: mavjud qarz qoldig'i yillik daromadingizdan 0.4 barobar; xarajatlaringiz daromadning 69% ini yeb qo'yadi. Foydangizga ishladi: oylik daromadingiz 7 235 350 so'm — yetarli daraja; bandlik turingiz (byudjet) barqaror daromad beradi; barcha to'lovlardan keyin oyiga 4 126 623 so'm qoladi. Nima qilish mumkin: Mavjud kreditlaringizdan birini yopsangiz, qarz yuki pasayadi va limit sezilarli oshadi.","Ma'qullandi: ball 640 (PD 3.0%), DTI 43.0% shift ichida. Asosiy ijobiy omillar: Oylik daromad medianasi (+12 ball), Bandlik turi (+11 ball), To'lovlardan keyingi erkin pul (+8 ball). Tasdiqlangan summa 23 066 418 so'm.",Qarz qoldig'i / yillik daromad (-11 ball),23066418,35300000,0.4297,0.1319,0.0333,v1
AP002336,641.2,0.029088,QOLDA_KORIB_CHIQISH,"Arizangiz bank xodimiga ko'rib chiqishga yuborildi. So'ragan 27 625 291 so'm ni to'liq bera olmaymiz, lekin 18 100 000 so'm sizning to'lov qobiliyatingizga to'g'ri keladi — bunda oylik to'lov 1 746 758 so'm bo'ladi. Yakuniy qarorni bank xodimi tasdiqlaydi. To'sqinlik qildi: bank hisobingizdagi tushum deklaratsiya bilan mos. Foydangizga ishladi: yangi kreditsiz ham qarz yukingiz past — daromadning 8% i; bandlik turingiz (xususiy) barqaror daromad beradi; barcha to'lovlardan keyin oyiga 1 934 483 so'm qoladi. Nima qilish mumkin: So'rovni 18 100 000 so'm gacha kamaytiring — bu summada ma'qullanish ehtimoli sezilarli oshadi. Muddatni uzaytiring (hozir 1 yil) — oylik to'lov kamayadi va qarz yuki chegara ichiga tushadi.","Qo'lda ko'rib chiqish: So'ralgan summada DTI 61.3% — shift 50.0%; taklif: 18 100 000 so'm; Yangi to'lov daromadning 53.3% ini oladi — shift 35.0%. Diqqat talab qiladigan omillar: Bank oqimi / deklaratsiya (-2), Daromad trendi (2-yarim/1-yarim) (-2). Ball 641, tavsiya etilgan limit 18 100 000 so'm.",Bank oqimi / deklaratsiya (-2 ball),18100000,18100000,0.6135,0.5327,0.0401,v1
AP002337,603.5,0.099643,QOLDA_KORIB_CHIQISH,"Arizangiz bank xodimiga ko'rib chiqishga yuborildi. Ko'rsatkichlaringiz chegaraviy zonada — avtomatik qaror o'rniga bank xodimi arizangizni qo'lda ko'rib chiqadi. To'sqinlik qildi: mavjud qarz qoldig'i yillik daromadingizdan 0.4 barobar; oylik daromadingiz 1 751 418 so'm — so'ralgan summa uchun kam; bank hisobingizdagi tushum deklaratsiya bilan mos. Foydangizga ishladi: bandlik turingiz (byudjet) barqaror daromad beradi; yangi kreditsiz ham qarz yukingiz past — daromadning 30% i; oxirgi oylarda daromadingiz o'sgan. Nima qilish mumkin: Mavjud kreditlaringizdan birini yopsangiz, qarz yuki pasayadi va limit sezilarli oshadi.","Qo'lda ko'rib chiqish: Ball 604 — avtomatik ma'qullash chegarasi 630 dan past. Diqqat talab qiladigan omillar: Qarz qoldig'i / yillik daromad (-11), Oylik daromad medianasi (-11). Ball 604, tavsiya etilgan limit 9 302 873 so'm.",Qarz qoldig'i / yillik daromad (-11 ball),9302873,0,0.4668,0.1654,0.0268,v1
AP002338,618.4,0.062063,QOLDA_KORIB_CHIQISH,"Arizangiz bank xodimiga ko'rib chiqishga yuborildi. So'ragan 12 577 756 so'm ni to'liq bera olmaymiz, lekin 12 500 000 so'm sizning to'lov qobiliyatingizga to'g'ri keladi — bunda oylik to'lov 1 206 325 so'm bo'ladi. Yakuniy qarorni bank xodimi tasdiqlaydi. To'sqinlik qildi: ish stajingiz qisqa — atigi 1 yil 2 oy; xarajatlaringiz daromadning 71% ini yeb qo'yadi. Foydangizga ishladi: yangi kreditsiz ham qarz yukingiz past — daromadning 8% i; bandlik turingiz (xususiy) barqaror daromad beradi; barcha to'lovlardan keyin oyiga 1 961 948 so'm qoladi. Nima qilish mumkin: To'lov qobiliyatingiz 12 500 000 so'm ga yetadi. Shu summani so'rasangiz, ariza qo'lda ko'rib chiqishga tushadi. Muddatni uzaytiring (hozir 1 yil) — oylik to'lov kamayadi va qarz yuki chegara ichiga tushadi.","Qo'lda ko'rib chiqish: Yangi to'lov daromadning 35.2% ini oladi — shift 35.0%; Ball 618 — avtomatik ma'qullash chegarasi 630 dan past. Diqqat talab qiladigan omillar: Ish staji (oy) (-15), Sarf intensivligi (chiqim/kirim) (-4). Ball 618, tavsiya etilgan limit 12 500 000 so'm.",Ish staji (oy) (-15 ball),12500000,0,0.4311,0.3519,0.3198,v1
AP002339,638.5,0.031842,MAQULLANDI,"Tabriklaymiz — kredit ma'qullandi. 13 727 971 so'm miqdorida kredit tasdiqlandi. Oylik to'lov taxminan 567 838 so'm bo'ladi. To'sqinlik qildi: bankimiz bilan tarixingiz qisqa — 2 yil 4 oy, sizni hali yaxshi bilmaymiz; xarajatlaringiz daromadning 70% ini yeb qo'yadi; oxirgi oylarda daromadingiz kamaygan. Foydangizga ishladi: ish stajingiz uzoq — 12 yil 1 oy; bandlik turingiz (xususiy) barqaror daromad beradi; barcha to'lovlardan keyin oyiga 4 290 947 so'm qoladi. Nima qilish mumkin: Qo'shimcha shart yo'q — hujjatlarni tasdiqlash uchun bank xodimi siz bilan bog'lanadi.","Ma'qullandi: ball 639 (PD 3.2%), DTI 11.7% shift ichida. Asosiy ijobiy omillar: Ish staji (oy) (+13 ball), Bandlik turi (+9 ball), To'lovlardan keyingi erkin pul (+8 ball). Tasdiqlangan summa 13 727 971 so'm.",Bank bilan tarix (oy) (-4 ball),13727971,41100000,0.1169,0.1169,0.0358,v1
AP002340,543.7,0.467678,RAD_ETILDI,"Afsuski, hozircha kredit bera olmaymiz. Sabab: hozirgi daromadingiz mavjud to'lovlardan keyin yangi kreditni ko'tara olmaydi. To'sqinlik qildi: yangi kreditgacha ham mavjud to'lovlaringiz daromadning 120% ini oladi; barcha to'lovlardan keyin qo'lingizda pul umuman qolmaydi; mavjud qarz qoldig'i yillik daromadingizdan 0.5 barobar. Foydangizga ishladi: xarajatlaringiz daromadning 73% i — tejamkor; bankimiz bilan tarixingiz uzoq — 9 yil 11 oy; ish stajingiz uzoq — 14 yil 1 oy. Nima qilish mumkin: Mavjud kreditlaringizdan birini yopsangiz, qarz yuki pasayadi va limit sezilarli oshadi.","Rad etildi: So'ralgan summada DTI 171.4% — shift 50.0%; to'lov qobiliyati qolmagan; Yangi to'lov daromadning 51.8% ini oladi — shift 35.0%. Ballga eng ko'p salbiy ta'sir: Mavjud qarz yuki (yangi kreditsiz) (-19 ball), To'lovlardan keyingi erkin pul (-15 ball). Yakuniy ball 544.",Mavjud qarz yuki (yangi kreditsiz) (-19 ball),0,0,1.7137,0.5185,0.0286,v1
AP002341,582.9,0.184288,QOLDA_KORIB_CHIQISH,"Arizangiz bank xodimiga ko'rib chiqishga yuborildi. So'ragan 24 629 271 so'm ni to'liq bera olmaymiz, lekin 4 700 000 so'm sizning to'lov qobiliyatingizga to'g'ri keladi — bunda oylik to'lov 848 535 so'm bo'ladi. Yakuniy qarorni bank xodimi tasdiqlaydi. To'sqinlik qildi: barcha to'lovlardan keyin qo'lingizda pul umuman qolmaydi; bank hisobingizdagi tushum deklaratsiya bilan mos; daromadning 20% i naqd yechib olinadi — bank uchun bu ko'rinmas pul. Foydangizga ishladi: xarajatlaringiz daromadning 67% i — tejamkor; ish stajingiz uzoq — 7 yil 3 oy; yangi kreditsiz ham qarz yukingiz past — daromadning 0% i. Nima qilish mumkin: To'lov qobiliyatingiz 4 700 000 so'm ga yetadi. Shu summani so'rasangiz, ariza qo'lda ko'rib chiqishga tushadi. Muddatni uzaytiring (hozir 6 oy) — oylik to'lov kamayadi va qarz yuki chegara ichiga tushadi.","Qo'lda ko'rib chiqish: So'ralgan summada DTI 179.7% — shift 50.0%; taklif: 4 700 000 so'm; Yangi to'lov daromadning 179.7% ini oladi — shift 35.0%. Diqqat talab qiladigan omillar: To'lovlardan keyingi erkin pul (-15), Bank oqimi / deklaratsiya (-11). Ball 583, tavsiya etilgan limit 4 700 000 so'm.",To'lovlardan keyingi erkin pul (-15 ball),4700000,0,1.7972,1.7972,0.138,v1
AP002342,624.1,0.051434,QOLDA_KORIB_CHIQISH,"Arizangiz bank xodimiga ko'rib chiqishga yuborildi. Ko'rsatkichlaringiz chegaraviy zonada — avtomatik qaror o'rniga bank xodimi arizangizni qo'lda ko'rib chiqadi. To'sqinlik qildi: oxirgi oylarda daromadingiz kamaygan; bankimiz bilan tarixingiz qisqa — 1 yil 8 oy, sizni hali yaxshi bilmaymiz. Foydangizga ishladi: oylik daromadingiz 6 536 430 so'm — yetarli daraja; barcha to'lovlardan keyin oyiga 5 269 331 so'm qoladi; yangi kreditsiz ham qarz yukingiz past — daromadning 0% i. Nima qilish mumkin: Qo'shimcha shart yo'q — hujjatlarni tasdiqlash uchun bank xodimi siz bilan bog'lanadi.","Qo'lda ko'rib chiqish: Ball 624 — avtomatik ma'qullash chegarasi 630 dan past. Diqqat talab qiladigan omillar: Daromad trendi (2-yarim/1-yarim) (-7), Bank bilan tarix (oy) (-4). Ball 624, tavsiya etilgan limit 30 633 194 so'm.",Daromad trendi (2-yarim/1-yarim) (-7 ball),30633194,0,0.1939,0.1939,0.2602,v1
AP002343,652.9,0.01961,MAQULLANDI,"Tabriklaymiz — kredit ma'qullandi. 9 979 079 so'm miqdorida kredit tasdiqlandi. Oylik to'lov taxminan 963 041 so'm bo'ladi. To'sqinlik qildi: bankimiz bilan tarixingiz qisqa — 2 yil 2 oy, sizni hali yaxshi bilmaymiz; xarajatlaringiz daromadning 70% ini yeb qo'yadi. Foydangizga ishladi: ish stajingiz uzoq — 10 yil 1 oy; barcha to'lovlardan keyin oyiga 11 050 995 so'm qoladi; bandlik turingiz (xususiy) barqaror daromad beradi. Nima qilish mumkin: Qo'shimcha shart yo'q — hujjatlarni tasdiqlash uchun bank xodimi siz bilan bog'lanadi.","Ma'qullandi: ball 653 (PD 2.0%), DTI 8.0% shift ichida. Asosiy ijobiy omillar: Ish staji (oy) (+13 ball), To'lovlardan keyingi erkin pul (+9 ball), Bandlik turi (+9 ball). Tasdiqlangan summa 9 979 079 so'm.",Bank bilan tarix (oy) (-4 ball),9979079,43500000,0.0802,0.0802,0.0306,v1
AP002344,652.5,0.019887,QOLDA_KORIB_CHIQISH,"Arizangiz bank xodimiga ko'rib chiqishga yuborildi. Ko'rsatkichlaringiz chegaraviy zonada — avtomatik qaror o'rniga bank xodimi arizangizni qo'lda ko'rib chiqadi. To'sqinlik qildi: oxirgi oylarda daromadingiz kamaygan; bankimiz bilan tarixingiz qisqa — 1 yil 7 oy, sizni hali yaxshi bilmaymiz; xarajatlaringiz daromadning 65% ini yeb qo'yadi. Foydangizga ishladi: ish stajingiz uzoq — 10 yil 5 oy; oylik daromadingiz 6 936 404 so'm — yetarli daraja; barcha to'lovlardan keyin oyiga 6 146 271 so'm qoladi. Nima qilish mumkin: Daromadingizni muntazam bank hisobiga o'tkazing — barqaror oqim ballni oshiradi.","Qo'lda ko'rib chiqish: Daromad juda o'zgaruvchan (CV 0.37) — barqarorlik past. Diqqat talab qiladigan omillar: Daromad trendi (2-yarim/1-yarim) (-7), Bank bilan tarix (oy) (-4). Ball 652, tavsiya etilgan limit 14 395 232 so'm.",Daromad trendi (2-yarim/1-yarim) (-7 ball),14395232,44200000,0.1139,0.1139,0.3652,v1
AP002345,609.0,0.083794,QOLDA_KORIB_CHIQISH,Arizangiz bank xodimiga ko'rib chiqishga yuborildi. Ko'rsatkichlaringiz chegaraviy zonada — avtomatik qaror o'rniga bank xodimi arizangizni qo'lda ko'rib chiqadi. To'sqinlik qildi: bank hisobingizdagi tushum deklaratsiya bilan mos; oxirgi oylarda daromadingiz kamaygan. Foydangizga ishladi: barcha to'lovlardan keyin oyiga 3 714 686 so'm qoladi; yangi kreditsiz ham qarz yukingiz past — daromadning 21% i; mavjud qarz qoldig'i yillik daromadingizga nisbatan kichik. Nima qilish mumkin: Qo'shimcha shart yo'q — hujjatlarni tasdiqlash uchun bank xodimi siz bilan bog'lanadi.,"Qo'lda ko'rib chiqish: Ball 609 — avtomatik ma'qullash chegarasi 630 dan past. Diqqat talab qiladigan omillar: Bank oqimi / deklaratsiya (-11), Daromad trendi (2-yarim/1-yarim) (-2). Ball 609, tavsiya etilgan limit 10 913 606 so'm.",Bank oqimi / deklaratsiya (-11 ball),10913606,0,0.2793,0.0659,0.2509,v1
AP002346,646.7,0.024177,MAQULLANDI,Tabriklaymiz — kredit ma'qullandi. 14 059 282 so'm miqdorida kredit tasdiqlandi. Oylik to'lov taxminan 581 542 so'm bo'ladi. To'sqinlik qildi: mavjud qarz qoldig'i yillik daromadingizdan 0.3 barobar; oxirgi oylarda daromadingiz kamaygan. Foydangizga ishladi: ish stajingiz uzoq — 11 yil 4 oy; oylik daromadingiz 6 488 662 so'm — yetarli daraja; bandlik turingiz (xususiy) barqaror daromad beradi. Nima qilish mumkin: Qo'shimcha shart yo'q — hujjatlarni tasdiqlash uchun bank xodimi siz bilan bog'lanadi.,"Ma'qullandi: ball 647 (PD 2.4%), DTI 28.2% shift ichida. Asosiy ijobiy omillar: Ish staji (oy) (+13 ball), Oylik daromad medianasi (+12 ball), Bandlik turi (+9 ball). Tasdiqlangan summa 14 059 282 so'm.",Qarz qoldig'i / yillik daromad (-11 ball),14059282,48200000,0.2819,0.0896,0.3233,v1
AP002347,633.4,0.037839,MAQULLANDI,Tabriklaymiz — kredit ma'qullandi. 10 913 631 so'm miqdorida kredit tasdiqlandi. Oylik to'lov taxminan 451 427 so'm bo'ladi. To'sqinlik qildi: oxirgi oylarda daromadingiz kamaygan; xarajatlaringiz daromadning 71% ini yeb qo'yadi. Foydangizga ishladi: oylik daromadingiz 7 208 166 so'm — yetarli daraja; barcha to'lovlardan keyin oyiga 6 756 739 so'm qoladi; bank hisobingizdagi tushum deklaratsiya bilan mos. Nima qilish mumkin: Qo'shimcha shart yo'q — hujjatlarni tasdiqlash uchun bank xodimi siz bilan bog'lanadi.,"Ma'qullandi: ball 633 (PD 3.8%), DTI 6.3% shift ichida. Asosiy ijobiy omillar: Oylik daromad medianasi (+12 ball), To'lovlardan keyingi erkin pul (+9 ball), Bank oqimi / deklaratsiya (+8 ball). Tasdiqlangan summa 10 913 631 so'm.",Daromad trendi (2-yarim/1-yarim) (-7 ball),10913631,60900000,0.0626,0.0626,0.2352,v1
AP002348,665.8,0.0126,MAQULLANDI,"Tabriklaymiz — kredit ma'qullandi. 16 700 203 so'm miqdorida kredit tasdiqlandi. Oylik to'lov taxminan 1 611 670 so'm bo'ladi. To'sqinlik qildi: bankimiz bilan tarixingiz qisqa — 1 oy, sizni hali yaxshi bilmaymiz; xarajatlaringiz daromadning 70% ini yeb qo'yadi; bank hisobingizdagi tushum deklaratsiya bilan mos. Foydangizga ishladi: yangi kreditsiz ham qarz yukingiz past — daromadning 11% i; ish stajingiz uzoq — 12 yil 5 oy; oylik daromadingiz 7 845 552 so'm — yetarli daraja. Nima qilish mumkin: Qo'shimcha shart yo'q — hujjatlarni tasdiqlash uchun bank xodimi siz bilan bog'lanadi.","Ma'qullandi: ball 666 (PD 1.3%), DTI 32.0% shift ichida. Asosiy ijobiy omillar: Mavjud qarz yuki (yangi kreditsiz) (+14 ball), Ish staji (oy) (+13 ball), Oylik daromad medianasi (+12 ball). Tasdiqlangan summa 16 700 203 so'm.",Bank bilan tarix (oy) (-4 ball),16700203,28400000,0.3203,0.2054,0.0287,v1
AP002349,589.8,0.151154,QOLDA_KORIB_CHIQISH,"Arizangiz bank xodimiga ko'rib chiqishga yuborildi. So'ragan 21 059 546 so'm ni to'liq bera olmaymiz, lekin 2 500 000 so'm sizning to'lov qobiliyatingizga to'g'ri keladi — bunda oylik to'lov 451 348 so'm bo'ladi. Yakuniy qarorni bank xodimi tasdiqlaydi. To'sqinlik qildi: barcha to'lovlardan keyin qo'lingizda pul umuman qolmaydi; ish stajingiz qisqa — atigi 4 oy; oylik daromadingiz 1 340 552 so'm — so'ralgan summa uchun kam. Foydangizga ishladi: bandlik turingiz (qurilish) barqaror daromad beradi; bank hisobingizdagi tushum deklaratsiya bilan mos; oxirgi oylarda daromadingiz o'sgan. Nima qilish mumkin: To'lov qobiliyatingiz 2 500 000 so'm ga yetadi. Shu summani so'rasangiz, ariza qo'lda ko'rib chiqishga tushadi. Muddatni uzaytiring (hozir 6 oy) — oylik to'lov kamayadi va qarz yuki chegara ichiga tushadi.","Qo'lda ko'rib chiqish: So'ralgan summada DTI 283.6% — shift 50.0%; taklif: 2 500 000 so'm; Yangi to'lov daromadning 283.6% ini oladi — shift 35.0%. Diqqat talab qiladigan omillar: To'lovlardan keyingi erkin pul (-15), Ish staji (oy) (-15). Ball 590, tavsiya etilgan limit 2 500 000 so'm.",To'lovlardan keyingi erkin pul (-15 ball),2500000,0,2.8362,2.8362,0.0327,v1
AP002350,620.3,0.05823,QOLDA_KORIB_CHIQISH,Arizangiz bank xodimiga ko'rib chiqishga yuborildi. Ko'rsatkichlaringiz chegaraviy zonada — avtomatik qaror o'rniga bank xodimi arizangizni qo'lda ko'rib chiqadi. To'sqinlik qildi: ish stajingiz qisqa — atigi 2 oy; xarajatlaringiz daromadning 69% ini yeb qo'yadi. Foydangizga ishladi: oylik daromadingiz 7 753 890 so'm — yetarli daraja; barcha to'lovlardan keyin oyiga 6 644 947 so'm qoladi; bank hisobingizdagi tushum deklaratsiya bilan mos. Nima qilish mumkin: Ish stajingiz 3 oyga yetganda qayta murojaat qiling — hozir 2 oy.,"Qo'lda ko'rib chiqish: Ish staji 2 oy — minimal talab 3 oy; Ball 620 — avtomatik ma'qullash chegarasi 630 dan past. Diqqat talab qiladigan omillar: Ish staji (oy) (-15), Sarf intensivligi (chiqim/kirim) (-2). Ball 620, tavsiya etilgan limit 20 203 565 so'm.",Ish staji (oy) (-15 ball),20203565,0,0.143,0.143,0.039,v1
AP002351,622.9,0.053558,QOLDA_KORIB_CHIQISH,"Arizangiz bank xodimiga ko'rib chiqishga yuborildi. So'ragan 9 484 049 so'm ni to'liq bera olmaymiz, lekin 2 500 000 so'm sizning to'lov qobiliyatingizga to'g'ri keladi — bunda oylik to'lov 451 348 so'm bo'ladi. Yakuniy qarorni bank xodimi tasdiqlaydi. To'sqinlik qildi: oylik daromadingiz 1 327 660 so'm — so'ralgan summa uchun kam; daromadning 20% i naqd yechib olinadi — bank uchun bu ko'rinmas pul. Foydangizga ishladi: bank hisobingizdagi tushum deklaratsiya bilan mos; bandlik turingiz (xususiy) barqaror daromad beradi; xarajatlaringiz daromadning 68% i — tejamkor. Nima qilish mumkin: So'rovni 1 400 000 so'm gacha kamaytiring — bu summada ma'qullanish ehtimoli sezilarli oshadi. Muddatni uzaytiring (hozir 6 oy) — oylik to'lov kamayadi va qarz yuki chegara ichiga tushadi.","Qo'lda ko'rib chiqish: So'ralgan summada DTI 129.0% — shift 50.0%; taklif: 2 500 000 so'm; Yangi to'lov daromadning 129.0% ini oladi — shift 35.0%. Diqqat talab qiladigan omillar: Oylik daromad medianasi (-11), Naqd yechish ulushi (-4). Ball 623, tavsiya etilgan limit 2 500 000 so'm.",Oylik daromad medianasi (-11 ball),2500000,1400000,1.2897,1.2897,0.0286,v1
AP002352,620.1,0.058608,QOLDA_KORIB_CHIQISH,"Arizangiz bank xodimiga ko'rib chiqishga yuborildi. So'ragan 26 887 088 so'm ni to'liq bera olmaymiz, lekin 6 000 000 so'm sizning to'lov qobiliyatingizga to'g'ri keladi — bunda oylik to'lov 1 083 236 so'm bo'ladi. Yakuniy qarorni bank xodimi tasdiqlaydi. To'sqinlik qildi: barcha to'lovlardan keyin qo'lingizda pul umuman qolmaydi; oylik daromadingiz 3 145 846 so'm — so'ralgan summa uchun kam. Foydangizga ishladi: bank hisobingizdagi tushum deklaratsiya bilan mos; oxirgi oylarda daromadingiz o'sgan; ish stajingiz uzoq — 8 yil 11 oy. Nima qilish mumkin: So'rovni 6 000 000 so'm gacha kamaytiring — bu summada ma'qullanish ehtimoli sezilarli oshadi. Muddatni uzaytiring (hozir 6 oy) — oylik to'lov kamayadi va qarz yuki chegara ichiga tushadi.","Qo'lda ko'rib chiqish: So'ralgan summada DTI 154.3% — shift 50.0%; taklif: 6 000 000 so'm; Yangi to'lov daromadning 154.3% ini oladi — shift 35.0%. Diqqat talab qiladigan omillar: To'lovlardan keyingi erkin pul (-15), Oylik daromad medianasi (-3). Ball 620, tavsiya etilgan limit 6 000 000 so'm.",To'lovlardan keyingi erkin pul (-15 ball),6000000,6000000,1.543,1.543,0.0278,v1
AP002353,656.5,0.01736,MAQULLANDI,"Tabriklaymiz — kredit ma'qullandi. 14 135 008 so'm miqdorida kredit tasdiqlandi. Oylik to'lov taxminan 1 364 113 so'm bo'ladi. To'sqinlik qildi: bank hisobingizdagi tushum deklaratsiya bilan mos. Foydangizga ishladi: bandlik turingiz (byudjet) barqaror daromad beradi; oylik daromadingiz 9 242 242 so'm — yetarli daraja; barcha to'lovlardan keyin oyiga 5 275 729 so'm qoladi. Nima qilish mumkin: Mavjud kreditlaringizdan birini yopsangiz, qarz yuki pasayadi va limit sezilarli oshadi.","Ma'qullandi: ball 656 (PD 1.7%), DTI 42.9% shift ichida. Asosiy ijobiy omillar: Bandlik turi (+11 ball), Oylik daromad medianasi (+9 ball), To'lovlardan keyingi erkin pul (+8 ball). Tasdiqlangan summa 14 135 008 so'm.",Bank oqimi / deklaratsiya (-4 ball),14135008,20900000,0.4292,0.1476,0.0308,v1
AP002354,553.1,0.388724,RAD_ETILDI,"Afsuski, hozircha kredit bera olmaymiz. Sabab: hozirda doimiy ish joyingiz va muntazam daromadingiz yo'q. To'sqinlik qildi: bandlik turingiz (ishsiz) yuqori xavfli guruhda; ish stajingiz qisqa — atigi 0 oy; bankimiz bilan tarixingiz qisqa — 2 yil 11 oy, sizni hali yaxshi bilmaymiz. Foydangizga ishladi: yangi kreditsiz ham qarz yukingiz past — daromadning 6% i; bank hisobingizdagi tushum deklaratsiya bilan mos; xarajatlaringiz daromadning 74% i — tejamkor. Nima qilish mumkin: Rasmiy ish joyi va muntazam daromad tasdiqlangach murojaat qiling — bu asosiy shart. Daromadingizni muntazam bank hisobiga o'tkazing — barqaror oqim ballni oshiradi.","Rad etildi: Bandlik holati: ishsiz — doimiy daromad manbai yo'q; Defolt ehtimoli 38.9% — shift 20.0%. Ballga eng ko'p salbiy ta'sir: Bandlik turi (-68 ball), Ish staji (oy) (-15 ball). Yakuniy ball 553.",Bandlik turi (-68 ball),0,0,0.2879,0.2232,0.3544,v1
AP002355,620.0,0.058807,QOLDA_KORIB_CHIQISH,"Arizangiz bank xodimiga ko'rib chiqishga yuborildi. Ko'rsatkichlaringiz chegaraviy zonada — avtomatik qaror o'rniga bank xodimi arizangizni qo'lda ko'rib chiqadi. To'sqinlik qildi: oxirgi oylarda daromadingiz kamaygan; daromadning 19% i naqd yechib olinadi — bank uchun bu ko'rinmas pul; bankimiz bilan tarixingiz qisqa — 3 yil 1 oy, sizni hali yaxshi bilmaymiz. Foydangizga ishladi: yangi kreditsiz ham qarz yukingiz past — daromadning 7% i; bandlik turingiz (xususiy) barqaror daromad beradi; barcha to'lovlardan keyin oyiga 2 912 599 so'm qoladi. Nima qilish mumkin: Qo'shimcha shart yo'q — hujjatlarni tasdiqlash uchun bank xodimi siz bilan bog'lanadi.","Qo'lda ko'rib chiqish: Ball 620 — avtomatik ma'qullash chegarasi 630 dan past. Diqqat talab qiladigan omillar: Daromad trendi (2-yarim/1-yarim) (-7), Naqd yechish ulushi (-4). Ball 620, tavsiya etilgan limit 4 409 366 so'm.",Daromad trendi (2-yarim/1-yarim) (-7 ball),4409366,0,0.185,0.1191,0.1384,v1
AP002356,634.6,0.036321,QOLDA_KORIB_CHIQISH,"Arizangiz bank xodimiga ko'rib chiqishga yuborildi. So'ragan 18 429 950 so'm ni to'liq bera olmaymiz, lekin 12 600 000 so'm sizning to'lov qobiliyatingizga to'g'ri keladi — bunda oylik to'lov 392 311 so'm bo'ladi. Yakuniy qarorni bank xodimi tasdiqlaydi. To'sqinlik qildi: bank hisobingizdagi tushum deklaratsiya bilan mos; xarajatlaringiz daromadning 65% ini yeb qo'yadi. Foydangizga ishladi: bandlik turingiz (xususiy) barqaror daromad beradi; yangi kreditsiz ham qarz yukingiz past — daromadning 42% i; barcha to'lovlardan keyin oyiga 2 172 934 so'm qoladi. Nima qilish mumkin: So'rovni 12 600 000 so'm gacha kamaytiring — bu summada ma'qullanish ehtimoli sezilarli oshadi. Mavjud kreditlaringizdan birini yopsangiz, qarz yuki pasayadi va limit sezilarli oshadi.","Qo'lda ko'rib chiqish: So'ralgan summada DTI 53.9% — shift 50.0%; taklif: 12 600 000 so'm. Diqqat talab qiladigan omillar: Bank oqimi / deklaratsiya (-4), Sarf intensivligi (chiqim/kirim) (-3). Ball 635, tavsiya etilgan limit 12 600 000 so'm.",Bank oqimi / deklaratsiya (-4 ball),12600000,12600000,0.5385,0.1219,0.0203,v1
AP002357,617.8,0.063109,QOLDA_KORIB_CHIQISH,"Arizangiz bank xodimiga ko'rib chiqishga yuborildi. Ko'rsatkichlaringiz chegaraviy zonada — avtomatik qaror o'rniga bank xodimi arizangizni qo'lda ko'rib chiqadi. To'sqinlik qildi: ish stajingiz qisqa — atigi 8 oy; bankimiz bilan tarixingiz qisqa — 1 yil 2 oy, sizni hali yaxshi bilmaymiz; oylik daromadingiz 2 730 947 so'm — so'ralgan summa uchun kam. Foydangizga ishladi: bandlik turingiz (byudjet) barqaror daromad beradi; bank hisobingizdagi tushum deklaratsiya bilan mos; oxirgi oylarda daromadingiz o'sgan. Nima qilish mumkin: Qo'shimcha shart yo'q — hujjatlarni tasdiqlash uchun bank xodimi siz bilan bog'lanadi.","Qo'lda ko'rib chiqish: Ball 618 — avtomatik ma'qullash chegarasi 630 dan past. Diqqat talab qiladigan omillar: Ish staji (oy) (-15), Bank bilan tarix (oy) (-4). Ball 618, tavsiya etilgan limit 8 589 764 so'm.",Ish staji (oy) (-15 ball),8589764,0,0.1301,0.1301,0.0395,v1
AP002358,651.8,0.020305,MAQULLANDI,Tabriklaymiz — kredit ma'qullandi. 7 328 359 so'm miqdorida kredit tasdiqlandi. Oylik to'lov taxminan 228 174 so'm bo'ladi. To'sqinlik qildi: xarajatlaringiz daromadning 66% ini yeb qo'yadi. Foydangizga ishladi: barcha to'lovlardan keyin oyiga 21 951 494 so'm qoladi; oylik daromadingiz 22 179 668 so'm — yetarli daraja; bank hisobingizdagi tushum deklaratsiya bilan mos. Nima qilish mumkin: Qo'shimcha shart yo'q — hujjatlarni tasdiqlash uchun bank xodimi siz bilan bog'lanadi.,"Ma'qullandi: ball 652 (PD 2.0%), DTI 1.0% shift ichida. Asosiy ijobiy omillar: To'lovlardan keyingi erkin pul (+9 ball), Oylik daromad medianasi (+9 ball), Bank oqimi / deklaratsiya (+8 ball). Tasdiqlangan summa 7 328 359 so'm.",Sarf intensivligi (chiqim/kirim) (-3 ball),7328359,249300000,0.0103,0.0103,0.0205,v1
AP002359,625.3,0.049367,QOLDA_KORIB_CHIQISH,Arizangiz bank xodimiga ko'rib chiqishga yuborildi. Ko'rsatkichlaringiz chegaraviy zonada — avtomatik qaror o'rniga bank xodimi arizangizni qo'lda ko'rib chiqadi. To'sqinlik qildi: bank hisobingizdagi tushum deklaratsiya bilan mos. Foydangizga ishladi: barcha to'lovlardan keyin oyiga 4 487 155 so'm qoladi; ish stajingiz uzoq — 7 yil 5 oy; yangi kreditsiz ham qarz yukingiz past — daromadning 0% i. Nima qilish mumkin: Qo'shimcha shart yo'q — hujjatlarni tasdiqlash uchun bank xodimi siz bilan bog'lanadi.,"Qo'lda ko'rib chiqish: Ball 625 — avtomatik ma'qullash chegarasi 630 dan past. Diqqat talab qiladigan omillar: Bank oqimi / deklaratsiya (-4), Sarf intensivligi (chiqim/kirim) (-1). Ball 625, tavsiya etilgan limit 7 487 409 so'm.",Bank oqimi / deklaratsiya (-4 ball),7487409,0,0.1387,0.1387,0.032,v1
AP002360,580.7,0.196355,RAD_ETILDI,"Afsuski, hozircha kredit bera olmaymiz. Sabab: hozirgi daromadingiz mavjud to'lovlardan keyin yangi kreditni ko'tara olmaydi. To'sqinlik qildi: yangi kreditgacha ham mavjud to'lovlaringiz daromadning 115% ini oladi; barcha to'lovlardan keyin qo'lingizda pul umuman qolmaydi; oylik daromadingiz 1 821 538 so'm — so'ralgan summa uchun kam. Foydangizga ishladi: bank hisobingizdagi tushum deklaratsiya bilan mos; bandlik turingiz (xususiy) barqaror daromad beradi; mavjud qarz qoldig'i yillik daromadingizga nisbatan kichik. Nima qilish mumkin: Mavjud kreditlaringizdan birini yopsangiz, qarz yuki pasayadi va limit sezilarli oshadi.","Rad etildi: So'ralgan summada DTI 214.6% — shift 50.0%; to'lov qobiliyati qolmagan; Yangi to'lov daromadning 100.0% ini oladi — shift 35.0%. Ballga eng ko'p salbiy ta'sir: Mavjud qarz yuki (yangi kreditsiz) (-19 ball), To'lovlardan keyingi erkin pul (-15 ball). Yakuniy ball 581.",Mavjud qarz yuki (yangi kreditsiz) (-19 ball),0,0,2.146,0.9996,0.027,v1
AP002361,573.2,0.240273,RAD_ETILDI,"Afsuski, hozircha kredit bera olmaymiz. Sabab: umumiy risk bahosi bankimiz chegarasidan yuqori chiqdi — quyidagi omillar hal qiluvchi bo'ldi. To'sqinlik qildi: barcha to'lovlardan keyin qo'lingizda pul umuman qolmaydi; mavjud qarz qoldig'i yillik daromadingizdan 0.3 barobar; oylik daromadingiz 2 208 200 so'm — so'ralgan summa uchun kam. Foydangizga ishladi: bandlik turingiz (xususiy) barqaror daromad beradi; yangi kreditsiz ham qarz yukingiz past — daromadning 38% i; oxirgi oylarda daromadingiz o'sgan. Nima qilish mumkin: To'lov qobiliyatingiz 2 700 000 so'm ga yetadi. Shu summani so'rasangiz, ariza qo'lda ko'rib chiqishga tushadi. Muddatni uzaytiring (hozir 1 yil) — oylik to'lov kamayadi va qarz yuki chegara ichiga tushadi. Mavjud kreditlaringizdan birini yopsangiz, qarz yuki pasayadi va limit sezilarli oshadi.","Rad etildi: Defolt ehtimoli 24.0% — shift 20.0%; Ball 573.2 — minimal chegara 580. Ballga eng ko'p salbiy ta'sir: To'lovlardan keyingi erkin pul (-15 ball), Qarz qoldig'i / yillik daromad (-11 ball). Yakuniy ball 573.",To'lovlardan keyingi erkin pul (-15 ball),0,0,1.9929,1.6115,0.0313,v1
AP002362,598.9,0.115102,QOLDA_KORIB_CHIQISH,"Arizangiz bank xodimiga ko'rib chiqishga yuborildi. So'ragan 33 154 169 so'm ni to'liq bera olmaymiz, lekin 22 600 000 so'm sizning to'lov qobiliyatingizga to'g'ri keladi — bunda oylik to'lov 1 240 480 so'm bo'ladi. Yakuniy qarorni bank xodimi tasdiqlaydi. To'sqinlik qildi: ish stajingiz qisqa — atigi 3 oy; oxirgi oylarda daromadingiz kamaygan; daromadning 19% i naqd yechib olinadi — bank uchun bu ko'rinmas pul. Foydangizga ishladi: bank hisobingizdagi tushum deklaratsiya bilan mos; barcha to'lovlardan keyin oyiga 1 736 603 so'm qoladi; yangi kreditsiz ham qarz yukingiz past — daromadning 0% i. Nima qilish mumkin: To'lov qobiliyatingiz 22 600 000 so'm ga yetadi. Shu summani so'rasangiz, ariza qo'lda ko'rib chiqishga tushadi. Muddatni uzaytiring (hozir 2 yil) — oylik to'lov kamayadi va qarz yuki chegara ichiga tushadi.","Qo'lda ko'rib chiqish: So'ralgan summada DTI 51.2% — shift 50.0%; taklif: 22 600 000 so'm; Yangi to'lov daromadning 51.2% ini oladi — shift 35.0%. Diqqat talab qiladigan omillar: Ish staji (oy) (-15), Daromad trendi (2-yarim/1-yarim) (-7). Ball 599, tavsiya etilgan limit 22 600 000 so'm.",Ish staji (oy) (-15 ball),22600000,0,0.5117,0.5117,0.339,v1
AP002363,598.7,0.11573,RAD_ETILDI,"Afsuski, hozircha kredit bera olmaymiz. Sabab: hozirgi daromadingiz mavjud to'lovlardan keyin yangi kreditni ko'tara olmaydi. To'sqinlik qildi: yangi kreditgacha ham mavjud to'lovlaringiz daromadning 60% ini oladi; mavjud qarz qoldig'i yillik daromadingizdan 0.6 barobar; oxirgi oylarda daromadingiz kamaygan. Foydangizga ishladi: bank hisobingizdagi tushum deklaratsiya bilan mos; bandlik turingiz (qurilish) barqaror daromad beradi; bankimiz bilan tarixingiz uzoq — 8 yil 10 oy. Nima qilish mumkin: Mavjud kreditlaringizdan birini yopsangiz, qarz yuki pasayadi va limit sezilarli oshadi. Daromadingizni muntazam bank hisobiga o'tkazing — barqaror oqim ballni oshiradi.","Rad etildi: So'ralgan summada DTI 77.4% — shift 50.0%; to'lov qobiliyati qolmagan. Ballga eng ko'p salbiy ta'sir: Mavjud qarz yuki (yangi kreditsiz) (-19 ball), Qarz qoldig'i / yillik daromad (-11 ball). Yakuniy ball 599.",Mavjud qarz yuki (yangi kreditsiz) (-19 ball),0,0,0.7742,0.1771,0.3615,v1
AP002364,631.4,0.040379,QOLDA_KORIB_CHIQISH,"Arizangiz bank xodimiga ko'rib chiqishga yuborildi. So'ragan 7 827 322 so'm ni to'liq bera olmaymiz, lekin 6 800 000 so'm sizning to'lov qobiliyatingizga to'g'ri keladi — bunda oylik to'lov 1 227 667 so'm bo'ladi. Yakuniy qarorni bank xodimi tasdiqlaydi. To'sqinlik qildi: bankimiz bilan tarixingiz qisqa — 1 yil 4 oy, sizni hali yaxshi bilmaymiz; bank hisobingizdagi tushum deklaratsiya bilan mos. Foydangizga ishladi: bandlik turingiz (qurilish) barqaror daromad beradi; xarajatlaringiz daromadning 67% i — tejamkor; barcha to'lovlardan keyin oyiga 2 145 017 so'm qoladi. Nima qilish mumkin: So'rovni 5 300 000 so'm gacha kamaytiring — bu summada ma'qullanish ehtimoli sezilarli oshadi. Muddatni uzaytiring (hozir 6 oy) — oylik to'lov kamayadi va qarz yuki chegara ichiga tushadi.","Qo'lda ko'rib chiqish: Yangi to'lov daromadning 39.7% ini oladi — shift 35.0%. Diqqat talab qiladigan omillar: Bank bilan tarix (oy) (-4), Bank oqimi / deklaratsiya (-2). Ball 631, tavsiya etilgan limit 6 800 000 so'm.",Bank bilan tarix (oy) (-4 ball),6800000,5300000,0.3972,0.3972,0.029,v1
AP002365,635.2,0.035538,MAQULLANDI,Tabriklaymiz — kredit ma'qullandi. 2 129 182 so'm miqdorida kredit tasdiqlandi. Oylik to'lov taxminan 66 294 so'm bo'ladi. To'sqinlik qildi: xarajatlaringiz daromadning 66% ini yeb qo'yadi. Foydangizga ishladi: barcha to'lovlardan keyin oyiga 8 114 405 so'm qoladi; oylik daromadingiz 8 180 698 so'm — yetarli daraja; ish stajingiz uzoq — 7 yil 8 oy. Nima qilish mumkin: Qo'shimcha shart yo'q — hujjatlarni tasdiqlash uchun bank xodimi siz bilan bog'lanadi.,"Ma'qullandi: ball 635 (PD 3.6%), DTI 0.8% shift ichida. Asosiy ijobiy omillar: To'lovlardan keyingi erkin pul (+9 ball), Oylik daromad medianasi (+9 ball), Ish staji (oy) (+5 ball). Tasdiqlangan summa 2 129 182 so'm.",Sarf intensivligi (chiqim/kirim) (-3 ball),2129182,91900000,0.0081,0.0081,0.209,v1
AP002366,587.3,0.162475,QOLDA_KORIB_CHIQISH,Arizangiz bank xodimiga ko'rib chiqishga yuborildi. Ko'rsatkichlaringiz chegaraviy zonada — avtomatik qaror o'rniga bank xodimi arizangizni qo'lda ko'rib chiqadi. To'sqinlik qildi: ish stajingiz qisqa — atigi 2 yil; oylik daromadingiz 1 824 104 so'm — so'ralgan summa uchun kam; oila a'zosiga oyiga atigi 260 586 so'm to'g'ri keladi. Foydangizga ishladi: barcha to'lovlardan keyin oyiga 1 655 632 so'm qoladi; yangi kreditsiz ham qarz yukingiz past — daromadning 0% i; mavjud qarz qoldig'i yillik daromadingizga nisbatan kichik. Nima qilish mumkin: Qo'shimcha shart yo'q — hujjatlarni tasdiqlash uchun bank xodimi siz bilan bog'lanadi.,"Qo'lda ko'rib chiqish: Ball 587 — avtomatik ma'qullash chegarasi 630 dan past. Diqqat talab qiladigan omillar: Ish staji (oy) (-15), Oylik daromad medianasi (-11). Ball 587, tavsiya etilgan limit 5 410 844 so'm.",Ish staji (oy) (-15 ball),5410844,0,0.0924,0.0924,0.0295,v1
AP002367,642.7,0.027626,MAQULLANDI,Tabriklaymiz — kredit ma'qullandi. 11 004 547 so'm miqdorida kredit tasdiqlandi. Oylik to'lov taxminan 342 636 so'm bo'ladi. To'sqinlik qildi: sezilarli salbiy omil topilmadi. Foydangizga ishladi: bank hisobingizdagi tushum deklaratsiya bilan mos; oxirgi oylarda daromadingiz o'sgan; barcha to'lovlardan keyin oyiga 3 425 491 so'm qoladi. Nima qilish mumkin: Qo'shimcha shart yo'q — hujjatlarni tasdiqlash uchun bank xodimi siz bilan bog'lanadi.,"Ma'qullandi: ball 643 (PD 2.8%), DTI 9.1% shift ichida. Asosiy ijobiy omillar: Bank oqimi / deklaratsiya (+14 ball), Daromad trendi (2-yarim/1-yarim) (+8 ball), To'lovlardan keyingi erkin pul (+5 ball). Tasdiqlangan summa 11 004 547 so'm.",Sarf intensivligi (chiqim/kirim) (-1 ball),11004547,42300000,0.0909,0.0909,0.0326,v1
AP002368,617.3,0.064299,QOLDA_KORIB_CHIQISH,"Arizangiz bank xodimiga ko'rib chiqishga yuborildi. So'ragan 6 232 924 so'm ni to'liq bera olmaymiz, lekin 3 400 000 so'm sizning to'lov qobiliyatingizga to'g'ri keladi — bunda oylik to'lov 613 834 so'm bo'ladi. Yakuniy qarorni bank xodimi tasdiqlaydi. To'sqinlik qildi: oylik daromadingiz 1 797 890 so'm — so'ralgan summa uchun kam; bankimiz bilan tarixingiz qisqa — 2 yil 2 oy, sizni hali yaxshi bilmaymiz; oxirgi oylarda daromadingiz kamaygan. Foydangizga ishladi: ish stajingiz uzoq — 10 yil 11 oy; bandlik turingiz (xususiy) barqaror daromad beradi; xarajatlaringiz daromadning 72% i — tejamkor. Nima qilish mumkin: To'lov qobiliyatingiz 3 400 000 so'm ga yetadi. Shu summani so'rasangiz, ariza qo'lda ko'rib chiqishga tushadi. Muddatni uzaytiring (hozir 6 oy) — oylik to'lov kamayadi va qarz yuki chegara ichiga tushadi.","Qo'lda ko'rib chiqish: So'ralgan summada DTI 62.6% — shift 50.0%; taklif: 3 400 000 so'm; Yangi to'lov daromadning 62.6% ini oladi — shift 35.0%. Diqqat talab qiladigan omillar: Oylik daromad medianasi (-11), Bank bilan tarix (oy) (-4). Ball 617, tavsiya etilgan limit 3 400 000 so'm.",Oylik daromad medianasi (-11 ball),3400000,0,0.6259,0.6259,0.2954,v1
AP002369,565.7,0.291032,RAD_ETILDI,"Afsuski, hozircha kredit bera olmaymiz. Sabab: hozirgi daromadingiz mavjud to'lovlardan keyin yangi kreditni ko'tara olmaydi. To'sqinlik qildi: yangi kreditgacha ham mavjud to'lovlaringiz daromadning 72% ini oladi; barcha to'lovlardan keyin qo'lingizda pul umuman qolmaydi; bankimiz bilan tarixingiz qisqa — 3 oy, sizni hali yaxshi bilmaymiz. Foydangizga ishladi: oxirgi oylarda daromadingiz o'sgan; mavjud qarz qoldig'i yillik daromadingizga nisbatan kichik; ish stajingiz uzoq — 14 yil 1 oy. Nima qilish mumkin: Mavjud kreditlaringizdan birini yopsangiz, qarz yuki pasayadi va limit sezilarli oshadi.","Rad etildi: So'ralgan summada DTI 176.2% — shift 50.0%; to'lov qobiliyati qolmagan; Yangi to'lov daromadning 104.5% ini oladi — shift 35.0%. Ballga eng ko'p salbiy ta'sir: Mavjud qarz yuki (yangi kreditsiz) (-19 ball), To'lovlardan keyingi erkin pul (-15 ball). Yakuniy ball 566.",Mavjud qarz yuki (yangi kreditsiz) (-19 ball),0,0,1.7625,1.045,0.2846,v1
AP002370,657.4,0.016795,RAD_ETILDI,"Afsuski, hozircha kredit bera olmaymiz. Sabab: kredit tarixingizda 95 kunlik kechikish bor. To'sqinlik qildi: o'tmishda 95 kunlik kechikish qayd etilgan. Foydangizga ishladi: bank hisobingizdagi tushum deklaratsiya bilan mos; ish stajingiz uzoq — 10 yil 5 oy; bandlik turingiz (byudjet) barqaror daromad beradi. Nima qilish mumkin: Kechikish yopilgandan keyin 12 oy toza to'lov tarixi to'plang, so'ng qayta murojaat qiling.","Rad etildi: O'tmishda 95 kunlik kechikish (90+ kun — qattiq to'siq). Ballga eng ko'p salbiy ta'sir: O'tmishdagi maks. kechikish (kun) (-16 ball), Jon boshiga daromad (-1 ball). Yakuniy ball 657.",O'tmishdagi maks. kechikish (kun) (-16 ball),0,0,0.1034,0.0711,0.0341,v1
AP002371,596.8,0.122678,QOLDA_KORIB_CHIQISH,"Arizangiz bank xodimiga ko'rib chiqishga yuborildi. So'ragan 16 399 579 so'm ni to'liq bera olmaymiz, lekin 11 500 000 so'm sizning to'lov qobiliyatingizga to'g'ri keladi — bunda oylik to'lov 475 681 so'm bo'ladi. Yakuniy qarorni bank xodimi tasdiqlaydi. To'sqinlik qildi: mavjud qarz qoldig'i yillik daromadingizdan 0.3 barobar; oylik daromadingiz 1 981 702 so'm — so'ralgan summa uchun kam; bank hisobingizdagi tushum deklaratsiya bilan mos. Foydangizga ishladi: bandlik turingiz (xususiy) barqaror daromad beradi; yangi kreditsiz ham qarz yukingiz past — daromadning 26% i; oxirgi oylarda daromadingiz o'sgan. Nima qilish mumkin: To'lov qobiliyatingiz 11 500 000 so'm ga yetadi. Shu summani so'rasangiz, ariza qo'lda ko'rib chiqishga tushadi. Muddatni uzaytiring (hozir 3 yil) — oylik to'lov kamayadi va qarz yuki chegara ichiga tushadi. Mavjud kreditlaringizdan birini yopsangiz, qarz yuki pasayadi va limit sezilarli oshadi.","Qo'lda ko'rib chiqish: So'ralgan summada DTI 60.1% — shift 50.0%; taklif: 11 500 000 so'm; Ball 597 — avtomatik ma'qullash chegarasi 630 dan past. Diqqat talab qiladigan omillar: Qarz qoldig'i / yillik daromad (-11), Oylik daromad medianasi (-11). Ball 597, tavsiya etilgan limit 11 500 000 so'm.",Qarz qoldig'i / yillik daromad (-11 ball),11500000,0,0.6011,0.3423,0.0255,v1
AP002372,601.0,0.107608,QOLDA_KORIB_CHIQISH,"Arizangiz bank xodimiga ko'rib chiqishga yuborildi. Ko'rsatkichlaringiz chegaraviy zonada — avtomatik qaror o'rniga bank xodimi arizangizni qo'lda ko'rib chiqadi. To'sqinlik qildi: mavjud qarz qoldig'i yillik daromadingizdan 0.6 barobar; bank hisobingizdagi tushum deklaratsiya bilan mos; xarajatlaringiz daromadning 71% ini yeb qo'yadi. Foydangizga ishladi: yangi kreditsiz ham qarz yukingiz past — daromadning 28% i; barcha to'lovlardan keyin oyiga 1 594 675 so'm qoladi; oxirgi oylarda daromadingiz o'sgan. Nima qilish mumkin: Mavjud kreditlaringizdan birini yopsangiz, qarz yuki pasayadi va limit sezilarli oshadi.","Qo'lda ko'rib chiqish: Ball 601 — avtomatik ma'qullash chegarasi 630 dan past. Diqqat talab qiladigan omillar: Qarz qoldig'i / yillik daromad (-11), Bank oqimi / deklaratsiya (-4). Ball 601, tavsiya etilgan limit 9 537 706 so'm.",Qarz qoldig'i / yillik daromad (-11 ball),9537706,0,0.3965,0.1124,0.0287,v1
AP002373,610.8,0.079268,QOLDA_KORIB_CHIQISH,"Arizangiz bank xodimiga ko'rib chiqishga yuborildi. So'ragan 22 973 118 so'm ni to'liq bera olmaymiz, lekin 16 200 000 so'm sizning to'lov qobiliyatingizga to'g'ri keladi — bunda oylik to'lov 889 194 so'm bo'ladi. Yakuniy qarorni bank xodimi tasdiqlaydi. To'sqinlik qildi: bank hisobingizdagi tushum deklaratsiya bilan mos; daromadning 19% i naqd yechib olinadi — bank uchun bu ko'rinmas pul; oylik daromadingiz 2 547 405 so'm — so'ralgan summa uchun kam. Foydangizga ishladi: bandlik turingiz (byudjet) barqaror daromad beradi; barcha to'lovlardan keyin oyiga 1 286 445 so'm qoladi; yangi kreditsiz ham qarz yukingiz past — daromadning 0% i. Nima qilish mumkin: To'lov qobiliyatingiz 16 200 000 so'm ga yetadi. Shu summani so'rasangiz, ariza qo'lda ko'rib chiqishga tushadi. Muddatni uzaytiring (hozir 2 yil) — oylik to'lov kamayadi va qarz yuki chegara ichiga tushadi.","Qo'lda ko'rib chiqish: Yangi to'lov daromadning 49.5% ini oladi — shift 35.0%; Ball 611 — avtomatik ma'qullash chegarasi 630 dan past. Diqqat talab qiladigan omillar: Bank oqimi / deklaratsiya (-11), Naqd yechish ulushi (-4). Ball 611, tavsiya etilgan limit 16 200 000 so'm.",Bank oqimi / deklaratsiya (-11 ball),16200000,0,0.495,0.495,0.0411,v1
AP002374,552.3,0.39462,RAD_ETILDI,"Afsuski, hozircha kredit bera olmaymiz. Sabab: hozirgi daromadingiz mavjud to'lovlardan keyin yangi kreditni ko'tara olmaydi. To'sqinlik qildi: yangi kreditgacha ham mavjud to'lovlaringiz daromadning 66% ini oladi; ish stajingiz qisqa — atigi 2 yil; mavjud qarz qoldig'i yillik daromadingizdan 0.5 barobar. Foydangizga ishladi: oylik daromadingiz 12 168 509 so'm — yetarli daraja; barcha to'lovlardan keyin oyiga 2 543 763 so'm qoladi; oila a'zosiga oyiga 6 084 254 so'm to'g'ri keladi — yetarli. Nima qilish mumkin: Mavjud kreditlaringizdan birini yopsangiz, qarz yuki pasayadi va limit sezilarli oshadi.","Rad etildi: So'ralgan summada DTI 79.1% — shift 50.0%; to'lov qobiliyati qolmagan; Defolt ehtimoli 39.5% — shift 20.0%. Ballga eng ko'p salbiy ta'sir: Mavjud qarz yuki (yangi kreditsiz) (-19 ball), Ish staji (oy) (-15 ball). Yakuniy ball 552.",Mavjud qarz yuki (yangi kreditsiz) (-19 ball),0,0,0.791,0.1344,0.2344,v1
AP002375,541.3,0.488502,RAD_ETILDI,"Afsuski, hozircha kredit bera olmaymiz. Sabab: hozirgi daromadingiz mavjud to'lovlardan keyin yangi kreditni ko'tara olmaydi. To'sqinlik qildi: yangi kreditgacha ham mavjud to'lovlaringiz daromadning 500% ini oladi; barcha to'lovlardan keyin qo'lingizda pul umuman qolmaydi; mavjud qarz qoldig'i yillik daromadingizdan 1.7 barobar. Foydangizga ishladi: bandlik turingiz (qurilish) barqaror daromad beradi; xarajatlaringiz daromadning 73% i — tejamkor. Nima qilish mumkin: Mavjud kreditlaringizdan birini yopsangiz, qarz yuki pasayadi va limit sezilarli oshadi.","Rad etildi: So'ralgan summada DTI 500.0% — shift 50.0%; to'lov qobiliyati qolmagan; Yangi to'lov daromadning 40.3% ini oladi — shift 35.0%. Ballga eng ko'p salbiy ta'sir: Mavjud qarz yuki (yangi kreditsiz) (-19 ball), To'lovlardan keyingi erkin pul (-15 ball). Yakuniy ball 541.",Mavjud qarz yuki (yangi kreditsiz) (-19 ball),0,0,5.0,0.4034,0.2759,v1
AP002376,630.8,0.041267,QOLDA_KORIB_CHIQISH,"Arizangiz bank xodimiga ko'rib chiqishga yuborildi. So'ragan 29 799 677 so'm ni to'liq bera olmaymiz, lekin 7 600 000 so'm sizning to'lov qobiliyatingizga to'g'ri keladi — bunda oylik to'lov 314 363 so'm bo'ladi. Yakuniy qarorni bank xodimi tasdiqlaydi. To'sqinlik qildi: bank hisobingizdagi tushum deklaratsiya bilan mos; oila a'zosiga oyiga atigi 500 746 so'm to'g'ri keladi. Foydangizga ishladi: ish stajingiz uzoq — 11 yil 8 oy; yangi kreditsiz ham qarz yukingiz past — daromadning 41% i; oxirgi oylarda daromadingiz o'sgan. Nima qilish mumkin: So'rovni 7 600 000 so'm gacha kamaytiring — bu summada ma'qullanish ehtimoli sezilarli oshadi. Muddatni uzaytiring (hozir 3 yil) — oylik to'lov kamayadi va qarz yuki chegara ichiga tushadi.","Qo'lda ko'rib chiqish: So'ralgan summada DTI 76.1% — shift 50.0%; taklif: 7 600 000 so'm; Yangi to'lov daromadning 35.2% ini oladi — shift 35.0%. Diqqat talab qiladigan omillar: Bank oqimi / deklaratsiya (-4), Jon boshiga daromad (-3). Ball 631, tavsiya etilgan limit 7 600 000 so'm.",Bank oqimi / deklaratsiya (-4 ball),7600000,7600000,0.7608,0.3517,0.3072,v1
AP002377,623.3,0.052756,QOLDA_KORIB_CHIQISH,"Arizangiz bank xodimiga ko'rib chiqishga yuborildi. Ko'rsatkichlaringiz chegaraviy zonada — avtomatik qaror o'rniga bank xodimi arizangizni qo'lda ko'rib chiqadi. To'sqinlik qildi: bankimiz bilan tarixingiz qisqa — 2 yil 8 oy, sizni hali yaxshi bilmaymiz; xarajatlaringiz daromadning 70% ini yeb qo'yadi. Foydangizga ishladi: oylik daromadingiz 6 943 520 so'm — yetarli daraja; barcha to'lovlardan keyin oyiga 6 786 001 so'm qoladi; yangi kreditsiz ham qarz yukingiz past — daromadning 0% i. Nima qilish mumkin: Qo'shimcha shart yo'q — hujjatlarni tasdiqlash uchun bank xodimi siz bilan bog'lanadi.","Qo'lda ko'rib chiqish: Ball 623 — avtomatik ma'qullash chegarasi 630 dan past. Diqqat talab qiladigan omillar: Bank bilan tarix (oy) (-4), Sarf intensivligi (chiqim/kirim) (-2). Ball 623, tavsiya etilgan limit 5 059 073 so'm.",Bank bilan tarix (oy) (-4 ball),5059073,0,0.0227,0.0227,0.2733,v1
AP002378,609.8,0.081744,QOLDA_KORIB_CHIQISH,"Arizangiz bank xodimiga ko'rib chiqishga yuborildi. Ko'rsatkichlaringiz chegaraviy zonada — avtomatik qaror o'rniga bank xodimi arizangizni qo'lda ko'rib chiqadi. To'sqinlik qildi: ish stajingiz qisqa — atigi 4 oy; bankimiz bilan tarixingiz qisqa — 2 oy, sizni hali yaxshi bilmaymiz; daromadning 20% i naqd yechib olinadi — bank uchun bu ko'rinmas pul. Foydangizga ishladi: bandlik turingiz (qurilish) barqaror daromad beradi; xarajatlaringiz daromadning 73% i — tejamkor; barcha to'lovlardan keyin oyiga 3 372 492 so'm qoladi. Nima qilish mumkin: Qo'shimcha shart yo'q — hujjatlarni tasdiqlash uchun bank xodimi siz bilan bog'lanadi.","Qo'lda ko'rib chiqish: Ball 610 — avtomatik ma'qullash chegarasi 630 dan past. Diqqat talab qiladigan omillar: Ish staji (oy) (-15), Bank bilan tarix (oy) (-4). Ball 610, tavsiya etilgan limit 12 036 112 so'm.",Ish staji (oy) (-15 ball),12036112,0,0.1,0.1,0.1898,v1
AP002379,631.7,0.039976,MAQULLANDI,Tabriklaymiz — kredit ma'qullandi. 11 255 480 so'm miqdorida kredit tasdiqlandi. Oylik to'lov taxminan 1 086 221 so'm bo'ladi. To'sqinlik qildi: xarajatlaringiz daromadning 69% ini yeb qo'yadi. Foydangizga ishladi: bandlik turingiz (xususiy) barqaror daromad beradi; oxirgi oylarda daromadingiz o'sgan; barcha to'lovlardan keyin oyiga 2 960 435 so'm qoladi. Nima qilish mumkin: Qo'shimcha shart yo'q — hujjatlarni tasdiqlash uchun bank xodimi siz bilan bog'lanadi.,"Ma'qullandi: ball 632 (PD 4.0%), DTI 26.8% shift ichida. Asosiy ijobiy omillar: Bandlik turi (+9 ball), Daromad trendi (2-yarim/1-yarim) (+8 ball), To'lovlardan keyingi erkin pul (+5 ball). Tasdiqlangan summa 11 255 480 so'm.",Sarf intensivligi (chiqim/kirim) (-2 ball),11255480,14600000,0.2684,0.2684,0.1663,v1
AP002380,657.7,0.016643,QOLDA_KORIB_CHIQISH,"Arizangiz bank xodimiga ko'rib chiqishga yuborildi. So'ragan 15 319 048 so'm ni to'liq bera olmaymiz, lekin 9 800 000 so'm sizning to'lov qobiliyatingizga to'g'ri keladi — bunda oylik to'lov 1 769 285 so'm bo'ladi. Yakuniy qarorni bank xodimi tasdiqlaydi. Foydangizga ishladi: bank hisobingizdagi tushum deklaratsiya bilan mos; bandlik turingiz (byudjet) barqaror daromad beradi; barcha to'lovlardan keyin oyiga 2 290 863 so'm qoladi. Nima qilish mumkin: So'rovni 9 800 000 so'm gacha kamaytiring — bu summada ma'qullanish ehtimoli sezilarli oshadi. Muddatni uzaytiring (hozir 6 oy) — oylik to'lov kamayadi va qarz yuki chegara ichiga tushadi.","Qo'lda ko'rib chiqish: So'ralgan summada DTI 54.7% — shift 50.0%; taklif: 9 800 000 so'm; Yangi to'lov daromadning 54.7% ini oladi — shift 35.0%. Diqqat talab qiladigan omillar: Jon boshiga daromad (-1), Oylik daromad medianasi (-0). Ball 658, tavsiya etilgan limit 9 800 000 so'm.",Jon boshiga daromad (-1 ball),9800000,9800000,0.547,0.547,0.0307,v1
AP002381,622.9,0.053494,QOLDA_KORIB_CHIQISH,Arizangiz bank xodimiga ko'rib chiqishga yuborildi. Ko'rsatkichlaringiz chegaraviy zonada — avtomatik qaror o'rniga bank xodimi arizangizni qo'lda ko'rib chiqadi. To'sqinlik qildi: oylik daromadingiz 3 132 629 so'm — so'ralgan summa uchun kam; xarajatlaringiz daromadning 64% ini yeb qo'yadi; bank hisobingizdagi tushum deklaratsiya bilan mos. Foydangizga ishladi: yangi kreditsiz ham qarz yukingiz past — daromadning 10% i; ish stajingiz uzoq — 8 yil 3 oy; barcha to'lovlardan keyin oyiga 2 527 900 so'm qoladi. Nima qilish mumkin: Qo'shimcha shart yo'q — hujjatlarni tasdiqlash uchun bank xodimi siz bilan bog'lanadi.,"Qo'lda ko'rib chiqish: Ball 623 — avtomatik ma'qullash chegarasi 630 dan past. Diqqat talab qiladigan omillar: Oylik daromad medianasi (-3), Sarf intensivligi (chiqim/kirim) (-3). Ball 623, tavsiya etilgan limit 6 986 639 so'm.",Oylik daromad medianasi (-3 ball),6986639,0,0.193,0.0923,0.0364,v1
AP002382,616.0,0.067072,QOLDA_KORIB_CHIQISH,"Arizangiz bank xodimiga ko'rib chiqishga yuborildi. So'ragan 16 058 532 so'm ni to'liq bera olmaymiz, lekin 11 700 000 so'm sizning to'lov qobiliyatingizga to'g'ri keladi — bunda oylik to'lov 1 129 120 so'm bo'ladi. Yakuniy qarorni bank xodimi tasdiqlaydi. To'sqinlik qildi: ish stajingiz qisqa — atigi 1 yil 1 oy; bank hisobingizdagi tushum deklaratsiya bilan mos; oylik daromadingiz 3 245 943 so'm — so'ralgan summa uchun kam. Foydangizga ishladi: bandlik turingiz (byudjet) barqaror daromad beradi; xarajatlaringiz daromadning 66% i — tejamkor; barcha to'lovlardan keyin oyiga 1 696 198 so'm qoladi. Nima qilish mumkin: To'lov qobiliyatingiz 11 700 000 so'm ga yetadi. Shu summani so'rasangiz, ariza qo'lda ko'rib chiqishga tushadi. Muddatni uzaytiring (hozir 1 yil) — oylik to'lov kamayadi va qarz yuki chegara ichiga tushadi.","Qo'lda ko'rib chiqish: Yangi to'lov daromadning 47.7% ini oladi — shift 35.0%; Ball 616 — avtomatik ma'qullash chegarasi 630 dan past. Diqqat talab qiladigan omillar: Ish staji (oy) (-15), Bank oqimi / deklaratsiya (-4). Ball 616, tavsiya etilgan limit 11 700 000 so'm.",Ish staji (oy) (-15 ball),11700000,0,0.4774,0.4774,0.0254,v1
AP002383,562.0,0.318314,RAD_ETILDI,"Afsuski, hozircha kredit bera olmaymiz. Sabab: hozirgi daromadingiz mavjud to'lovlardan keyin yangi kreditni ko'tara olmaydi. To'sqinlik qildi: yangi kreditgacha ham mavjud to'lovlaringiz daromadning 74% ini oladi; barcha to'lovlardan keyin qo'lingizda pul umuman qolmaydi; mavjud qarz qoldig'i yillik daromadingizdan 0.5 barobar. Foydangizga ishladi: ish stajingiz uzoq — 11 yil 10 oy; pul harakatingiz shaffof, naqd yechish kam; bandlik turingiz (IT) barqaror daromad beradi. Nima qilish mumkin: Mavjud kreditlaringizdan birini yopsangiz, qarz yuki pasayadi va limit sezilarli oshadi.","Rad etildi: So'ralgan summada DTI 402.5% — shift 50.0%; to'lov qobiliyati qolmagan; Yangi to'lov daromadning 328.7% ini oladi — shift 35.0%. Ballga eng ko'p salbiy ta'sir: Mavjud qarz yuki (yangi kreditsiz) (-19 ball), To'lovlardan keyingi erkin pul (-15 ball). Yakuniy ball 562.",Mavjud qarz yuki (yangi kreditsiz) (-19 ball),0,0,4.0247,3.2872,0.0261,v1
AP002384,595.8,0.126343,QOLDA_KORIB_CHIQISH,"Arizangiz bank xodimiga ko'rib chiqishga yuborildi. Ko'rsatkichlaringiz chegaraviy zonada — avtomatik qaror o'rniga bank xodimi arizangizni qo'lda ko'rib chiqadi. To'sqinlik qildi: ish stajingiz qisqa — atigi 4 oy; mavjud qarz qoldig'i yillik daromadingizdan 0.3 barobar; bank hisobingizdagi tushum deklaratsiya bilan mos. Foydangizga ishladi: oylik daromadingiz 7 582 684 so'm — yetarli daraja; barcha to'lovlardan keyin oyiga 4 460 332 so'm qoladi; yangi kreditsiz ham qarz yukingiz past — daromadning 27% i. Nima qilish mumkin: Mavjud kreditlaringizdan birini yopsangiz, qarz yuki pasayadi va limit sezilarli oshadi.","Qo'lda ko'rib chiqish: Ball 596 — avtomatik ma'qullash chegarasi 630 dan past. Diqqat talab qiladigan omillar: Ish staji (oy) (-15), Qarz qoldig'i / yillik daromad (-11). Ball 596, tavsiya etilgan limit 26 552 069 so'm.",Ish staji (oy) (-15 ball),26552069,0,0.4118,0.1448,0.039,v1
AP002385,618.2,0.062319,QOLDA_KORIB_CHIQISH,"Arizangiz bank xodimiga ko'rib chiqishga yuborildi. Ko'rsatkichlaringiz chegaraviy zonada — avtomatik qaror o'rniga bank xodimi arizangizni qo'lda ko'rib chiqadi. To'sqinlik qildi: bank hisobingizdagi tushum deklaratsiya bilan mos. Foydangizga ishladi: barcha to'lovlardan keyin oyiga 2 708 292 so'm qoladi; yangi kreditsiz ham qarz yukingiz past — daromadning 0% i; pul harakatingiz shaffof, naqd yechish kam. Nima qilish mumkin: Qo'shimcha shart yo'q — hujjatlarni tasdiqlash uchun bank xodimi siz bilan bog'lanadi.","Qo'lda ko'rib chiqish: Ball 618 — avtomatik ma'qullash chegarasi 630 dan past. Diqqat talab qiladigan omillar: Bank oqimi / deklaratsiya (-4), Daromad trendi (2-yarim/1-yarim) (-2). Ball 618, tavsiya etilgan limit 22 532 598 so'm.",Bank oqimi / deklaratsiya (-4 ball),22532598,0,0.256,0.256,0.0206,v1
AP002386,621.3,0.056318,QOLDA_KORIB_CHIQISH,"Arizangiz bank xodimiga ko'rib chiqishga yuborildi. So'ragan 23 981 794 so'm ni to'liq bera olmaymiz, lekin 17 500 000 so'm sizning to'lov qobiliyatingizga to'g'ri keladi — bunda oylik to'lov 960 549 so'm bo'ladi. Yakuniy qarorni bank xodimi tasdiqlaydi. To'sqinlik qildi: bank hisobingizdagi tushum deklaratsiya bilan mos; xarajatlaringiz daromadning 71% ini yeb qo'yadi; oylik daromadingiz 2 751 384 so'm — so'ralgan summa uchun kam. Foydangizga ishladi: ish stajingiz uzoq — 12 yil 4 oy; bandlik turingiz (qurilish) barqaror daromad beradi; barcha to'lovlardan keyin oyiga 1 435 060 so'm qoladi. Nima qilish mumkin: To'lov qobiliyatingiz 17 500 000 so'm ga yetadi. Shu summani so'rasangiz, ariza qo'lda ko'rib chiqishga tushadi. Muddatni uzaytiring (hozir 2 yil) — oylik to'lov kamayadi va qarz yuki chegara ichiga tushadi. Daromadingizni muntazam bank hisobiga o'tkazing — barqaror oqim ballni oshiradi.","Qo'lda ko'rib chiqish: Yangi to'lov daromadning 47.8% ini oladi — shift 35.0%; Ball 621 — avtomatik ma'qullash chegarasi 630 dan past. Diqqat talab qiladigan omillar: Bank oqimi / deklaratsiya (-11), Sarf intensivligi (chiqim/kirim) (-4). Ball 621, tavsiya etilgan limit 17 500 000 so'm.",Bank oqimi / deklaratsiya (-11 ball),17500000,0,0.4784,0.4784,0.3818,v1
AP002387,630.9,0.041118,MAQULLANDI,Tabriklaymiz — kredit ma'qullandi. 7 850 287 so'm miqdorida kredit tasdiqlandi. Oylik to'lov taxminan 1 417 285 so'm bo'ladi. To'sqinlik qildi: oxirgi oylarda daromadingiz kamaygan; xarajatlaringiz daromadning 69% ini yeb qo'yadi; bank hisobingizdagi tushum deklaratsiya bilan mos. Foydangizga ishladi: bandlik turingiz (byudjet) barqaror daromad beradi; ish stajingiz uzoq — 9 yil 8 oy; barcha to'lovlardan keyin oyiga 3 679 129 so'm qoladi. Nima qilish mumkin: Qo'shimcha shart yo'q — hujjatlarni tasdiqlash uchun bank xodimi siz bilan bog'lanadi.,"Ma'qullandi: ball 631 (PD 4.1%), DTI 27.8% shift ichida. Asosiy ijobiy omillar: Bandlik turi (+11 ball), Ish staji (oy) (+5 ball), To'lovlardan keyingi erkin pul (+5 ball). Tasdiqlangan summa 7 850 287 so'm.",Daromad trendi (2-yarim/1-yarim) (-2 ball),7850287,9800000,0.2781,0.2781,0.0385,v1
AP002388,605.9,0.092339,QOLDA_KORIB_CHIQISH,"Arizangiz bank xodimiga ko'rib chiqishga yuborildi. Ko'rsatkichlaringiz chegaraviy zonada — avtomatik qaror o'rniga bank xodimi arizangizni qo'lda ko'rib chiqadi. To'sqinlik qildi: oxirgi oylarda daromadingiz kamaygan; bankimiz bilan tarixingiz qisqa — 3 yil 1 oy, sizni hali yaxshi bilmaymiz; xarajatlaringiz daromadning 70% ini yeb qo'yadi. Foydangizga ishladi: yangi kreditsiz ham qarz yukingiz past — daromadning 27% i; barcha to'lovlardan keyin oyiga 2 507 751 so'm qoladi; mavjud qarz qoldig'i yillik daromadingizga nisbatan kichik. Nima qilish mumkin: Mavjud kreditlaringizdan birini yopsangiz, qarz yuki pasayadi va limit sezilarli oshadi.","Qo'lda ko'rib chiqish: Ball 606 — avtomatik ma'qullash chegarasi 630 dan past. Diqqat talab qiladigan omillar: Daromad trendi (2-yarim/1-yarim) (-7), Bank bilan tarix (oy) (-4). Ball 606, tavsiya etilgan limit 4 514 949 so'm.",Daromad trendi (2-yarim/1-yarim) (-7 ball),4514949,0,0.4454,0.1803,0.2427,v1
AP002389,634.5,0.036389,QOLDA_KORIB_CHIQISH,"Arizangiz bank xodimiga ko'rib chiqishga yuborildi. So'ragan 13 131 922 so'm ni to'liq bera olmaymiz, lekin 9 800 000 so'm sizning to'lov qobiliyatingizga to'g'ri keladi — bunda oylik to'lov 1 769 285 so'm bo'ladi. Yakuniy qarorni bank xodimi tasdiqlaydi. To'sqinlik qildi: bankimiz bilan tarixingiz qisqa — 2 oy, sizni hali yaxshi bilmaymiz; xarajatlaringiz daromadning 71% ini yeb qo'yadi; oxirgi oylarda daromadingiz kamaygan. Foydangizga ishladi: ish stajingiz uzoq — 12 yil 5 oy; bandlik turingiz (xususiy) barqaror daromad beradi; bank hisobingizdagi tushum deklaratsiya bilan mos. Nima qilish mumkin: So'rovni 9 800 000 so'm gacha kamaytiring — bu summada ma'qullanish ehtimoli sezilarli oshadi. Muddatni uzaytiring (hozir 6 oy) — oylik to'lov kamayadi va qarz yuki chegara ichiga tushadi. Daromadingizni muntazam bank hisobiga o'tkazing — barqaror oqim ballni oshiradi.","Qo'lda ko'rib chiqish: Yangi to'lov daromadning 46.6% ini oladi — shift 35.0%; Daromad juda o'zgaruvchan (CV 0.46) — barqarorlik past. Diqqat talab qiladigan omillar: Bank bilan tarix (oy) (-4), Sarf intensivligi (chiqim/kirim) (-4). Ball 635, tavsiya etilgan limit 9 800 000 so'm.",Bank bilan tarix (oy) (-4 ball),9800000,9800000,0.4664,0.4664,0.4613,v1
AP002390,622.9,0.053518,QOLDA_KORIB_CHIQISH,Arizangiz bank xodimiga ko'rib chiqishga yuborildi. Ko'rsatkichlaringiz chegaraviy zonada — avtomatik qaror o'rniga bank xodimi arizangizni qo'lda ko'rib chiqadi. To'sqinlik qildi: ish stajingiz qisqa — atigi 2 yil 1 oy; bank hisobingizdagi tushum deklaratsiya bilan mos; xarajatlaringiz daromadning 69% ini yeb qo'yadi. Foydangizga ishladi: yangi kreditsiz ham qarz yukingiz past — daromadning 7% i; bandlik turingiz (qurilish) barqaror daromad beradi; oxirgi oylarda daromadingiz o'sgan. Nima qilish mumkin: Qo'shimcha shart yo'q — hujjatlarni tasdiqlash uchun bank xodimi siz bilan bog'lanadi.,"Qo'lda ko'rib chiqish: Ball 623 — avtomatik ma'qullash chegarasi 630 dan past. Diqqat talab qiladigan omillar: Ish staji (oy) (-15), Bank oqimi / deklaratsiya (-11). Ball 623, tavsiya etilgan limit 10 467 644 so'm.",Ish staji (oy) (-15 ball),10467644,0,0.1758,0.1093,0.0308,v1
AP002391,647.8,0.023273,MAQULLANDI,Tabriklaymiz — kredit ma'qullandi. 20 192 044 so'm miqdorida kredit tasdiqlandi. Oylik to'lov taxminan 1 948 653 so'm bo'ladi. To'sqinlik qildi: xarajatlaringiz daromadning 63% ini yeb qo'yadi; oxirgi oylarda daromadingiz kamaygan. Foydangizga ishladi: barcha to'lovlardan keyin oyiga 6 274 736 so'm qoladi; bandlik turingiz (xususiy) barqaror daromad beradi; oylik daromadingiz 8 497 776 so'm — yetarli daraja. Nima qilish mumkin: Qo'shimcha shart yo'q — hujjatlarni tasdiqlash uchun bank xodimi siz bilan bog'lanadi.,"Ma'qullandi: ball 648 (PD 2.3%), DTI 26.2% shift ichida. Asosiy ijobiy omillar: To'lovlardan keyingi erkin pul (+9 ball), Bandlik turi (+9 ball), Oylik daromad medianasi (+9 ball). Tasdiqlangan summa 20 192 044 so'm.",Sarf intensivligi (chiqim/kirim) (-3 ball),20192044,30800000,0.2616,0.2293,0.2977,v1
AP002392,642.0,0.028292,MAQULLANDI,Tabriklaymiz — kredit ma'qullandi. 10 254 935 so'm miqdorida kredit tasdiqlandi. Oylik to'lov taxminan 562 878 so'm bo'ladi. To'sqinlik qildi: oxirgi oylarda daromadingiz kamaygan; xarajatlaringiz daromadning 71% ini yeb qo'yadi. Foydangizga ishladi: ish stajingiz uzoq — 10 yil; oylik daromadingiz 7 333 918 so'm — yetarli daraja; barcha to'lovlardan keyin oyiga 6 771 041 so'm qoladi. Nima qilish mumkin: Qo'shimcha shart yo'q — hujjatlarni tasdiqlash uchun bank xodimi siz bilan bog'lanadi.,"Ma'qullandi: ball 642 (PD 2.8%), DTI 7.7% shift ichida. Asosiy ijobiy omillar: Ish staji (oy) (+13 ball), Oylik daromad medianasi (+12 ball), To'lovlardan keyingi erkin pul (+9 ball). Tasdiqlangan summa 10 254 935 so'm.",Daromad trendi (2-yarim/1-yarim) (-7 ball),10254935,46700000,0.0767,0.0767,0.1424,v1
AP002393,617.5,0.063871,QOLDA_KORIB_CHIQISH,"Arizangiz bank xodimiga ko'rib chiqishga yuborildi. Ko'rsatkichlaringiz chegaraviy zonada — avtomatik qaror o'rniga bank xodimi arizangizni qo'lda ko'rib chiqadi. To'sqinlik qildi: bankimiz bilan tarixingiz qisqa — 8 oy, sizni hali yaxshi bilmaymiz; daromadning 19% i naqd yechib olinadi — bank uchun bu ko'rinmas pul; oxirgi oylarda daromadingiz kamaygan. Foydangizga ishladi: barcha to'lovlardan keyin oyiga 6 537 658 so'm qoladi; oylik daromadingiz 8 066 600 so'm — yetarli daraja; yangi kreditsiz ham qarz yukingiz past — daromadning 0% i. Nima qilish mumkin: Qo'shimcha shart yo'q — hujjatlarni tasdiqlash uchun bank xodimi siz bilan bog'lanadi.","Qo'lda ko'rib chiqish: Ball 617 — avtomatik ma'qullash chegarasi 630 dan past. Diqqat talab qiladigan omillar: Bank bilan tarix (oy) (-4), Naqd yechish ulushi (-4). Ball 617, tavsiya etilgan limit 27 855 410 so'm.",Bank bilan tarix (oy) (-4 ball),27855410,0,0.1895,0.1895,0.2436,v1
AP002394,629.2,0.043434,QOLDA_KORIB_CHIQISH,Arizangiz bank xodimiga ko'rib chiqishga yuborildi. Ko'rsatkichlaringiz chegaraviy zonada — avtomatik qaror o'rniga bank xodimi arizangizni qo'lda ko'rib chiqadi. To'sqinlik qildi: daromadning 19% i naqd yechib olinadi — bank uchun bu ko'rinmas pul; xarajatlaringiz daromadning 66% ini yeb qo'yadi; bank hisobingizdagi tushum deklaratsiya bilan mos. Foydangizga ishladi: oylik daromadingiz 6 100 330 so'm — yetarli daraja; barcha to'lovlardan keyin oyiga 5 443 384 so'm qoladi; ish stajingiz uzoq — 9 yil 7 oy. Nima qilish mumkin: Qo'shimcha shart yo'q — hujjatlarni tasdiqlash uchun bank xodimi siz bilan bog'lanadi.,"Qo'lda ko'rib chiqish: Ball 629 — avtomatik ma'qullash chegarasi 630 dan past. Diqqat talab qiladigan omillar: Naqd yechish ulushi (-4), Sarf intensivligi (chiqim/kirim) (-3). Ball 629, tavsiya etilgan limit 11 968 751 so'm.",Naqd yechish ulushi (-4 ball),11968751,0,0.1077,0.1077,0.0361,v1
AP002395,614.1,0.071314,QOLDA_KORIB_CHIQISH,"Arizangiz bank xodimiga ko'rib chiqishga yuborildi. So'ragan 16 585 591 so'm ni to'liq bera olmaymiz, lekin 12 000 000 so'm sizning to'lov qobiliyatingizga to'g'ri keladi — bunda oylik to'lov 2 166 472 so'm bo'ladi. Yakuniy qarorni bank xodimi tasdiqlaydi. To'sqinlik qildi: oxirgi oylarda daromadingiz kamaygan; bank hisobingizdagi tushum deklaratsiya bilan mos; bankimiz bilan tarixingiz qisqa — 0 oy, sizni hali yaxshi bilmaymiz. Foydangizga ishladi: oylik daromadingiz 6 194 868 so'm — yetarli daraja; ish stajingiz uzoq — 7 yil 4 oy; barcha to'lovlardan keyin oyiga 3 200 517 so'm qoladi. Nima qilish mumkin: To'lov qobiliyatingiz 12 000 000 so'm ga yetadi. Shu summani so'rasangiz, ariza qo'lda ko'rib chiqishga tushadi. Muddatni uzaytiring (hozir 6 oy) — oylik to'lov kamayadi va qarz yuki chegara ichiga tushadi.","Qo'lda ko'rib chiqish: Yangi to'lov daromadning 48.3% ini oladi — shift 35.0%; Ball 614 — avtomatik ma'qullash chegarasi 630 dan past. Diqqat talab qiladigan omillar: Daromad trendi (2-yarim/1-yarim) (-7), Bank oqimi / deklaratsiya (-4). Ball 614, tavsiya etilgan limit 12 000 000 so'm.",Daromad trendi (2-yarim/1-yarim) (-7 ball),12000000,0,0.4834,0.4834,0.2722,v1
AP002396,656.0,0.017621,MAQULLANDI,"Tabriklaymiz — kredit ma'qullandi. 11 365 569 so'm miqdorida kredit tasdiqlandi. Oylik to'lov taxminan 353 876 so'm bo'ladi. To'sqinlik qildi: bankimiz bilan tarixingiz qisqa — 1 yil 4 oy, sizni hali yaxshi bilmaymiz; bank hisobingizdagi tushum deklaratsiya bilan mos. Foydangizga ishladi: ish stajingiz uzoq — 9 yil 11 oy; oylik daromadingiz 7 983 422 so'm — yetarli daraja; barcha to'lovlardan keyin oyiga 7 629 546 so'm qoladi. Nima qilish mumkin: Qo'shimcha shart yo'q — hujjatlarni tasdiqlash uchun bank xodimi siz bilan bog'lanadi.","Ma'qullandi: ball 656 (PD 1.8%), DTI 4.4% shift ichida. Asosiy ijobiy omillar: Ish staji (oy) (+13 ball), Oylik daromad medianasi (+12 ball), To'lovlardan keyingi erkin pul (+9 ball). Tasdiqlangan summa 11 365 569 so'm.",Bank bilan tarix (oy) (-4 ball),11365569,89700000,0.0443,0.0443,0.0265,v1
AP002397,599.8,0.111859,QOLDA_KORIB_CHIQISH,"Arizangiz bank xodimiga ko'rib chiqishga yuborildi. Ko'rsatkichlaringiz chegaraviy zonada — avtomatik qaror o'rniga bank xodimi arizangizni qo'lda ko'rib chiqadi. To'sqinlik qildi: bank hisobingizdagi tushum deklaratsiya bilan mos; oxirgi oylarda daromadingiz kamaygan; bankimiz bilan tarixingiz qisqa — 3 yil, sizni hali yaxshi bilmaymiz. Foydangizga ishladi: ish stajingiz uzoq — 7 yil 3 oy; barcha to'lovlardan keyin oyiga 3 086 825 so'm qoladi; yangi kreditsiz ham qarz yukingiz past — daromadning 0% i. Nima qilish mumkin: Qo'shimcha shart yo'q — hujjatlarni tasdiqlash uchun bank xodimi siz bilan bog'lanadi.","Qo'lda ko'rib chiqish: Ball 600 — avtomatik ma'qullash chegarasi 630 dan past. Diqqat talab qiladigan omillar: Bank oqimi / deklaratsiya (-11), Daromad trendi (2-yarim/1-yarim) (-7). Ball 600, tavsiya etilgan limit 11 466 957 so'm.",Bank oqimi / deklaratsiya (-11 ball),11466957,0,0.1037,0.1037,0.1869,v1
AP002398,654.4,0.018602,QOLDA_KORIB_CHIQISH,"Arizangiz bank xodimiga ko'rib chiqishga yuborildi. So'ragan 21 987 449 so'm ni to'liq bera olmaymiz, lekin 15 000 000 so'm sizning to'lov qobiliyatingizga to'g'ri keladi — bunda oylik to'lov 823 327 so'm bo'ladi. Yakuniy qarorni bank xodimi tasdiqlaydi. To'sqinlik qildi: oxirgi oylarda daromadingiz kamaygan. Foydangizga ishladi: bank hisobingizdagi tushum deklaratsiya bilan mos; oylik daromadingiz 6 768 056 so'm — yetarli daraja; yangi kreditsiz ham qarz yukingiz past — daromadning 38% i. Nima qilish mumkin: So'rovni 15 000 000 so'm gacha kamaytiring — bu summada ma'qullanish ehtimoli sezilarli oshadi. Muddatni uzaytiring (hozir 2 yil) — oylik to'lov kamayadi va qarz yuki chegara ichiga tushadi.","Qo'lda ko'rib chiqish: So'ralgan summada DTI 55.6% — shift 50.0%; taklif: 15 000 000 so'm. Diqqat talab qiladigan omillar: Daromad trendi (2-yarim/1-yarim) (-2), Daromad o'zgaruvchanligi (CV) (-1). Ball 654, tavsiya etilgan limit 15 000 000 so'm.",Daromad trendi (2-yarim/1-yarim) (-2 ball),15000000,15000000,0.5563,0.1783,0.2606,v1
AP002399,641.1,0.02919,QOLDA_KORIB_CHIQISH,Arizangiz bank xodimiga ko'rib chiqishga yuborildi. Ko'rsatkichlaringiz chegaraviy zonada — avtomatik qaror o'rniga bank xodimi arizangizni qo'lda ko'rib chiqadi. To'sqinlik qildi: daromadning 20% i naqd yechib olinadi — bank uchun bu ko'rinmas pul. Foydangizga ishladi: barcha to'lovlardan keyin oyiga 22 941 497 so'm qoladi; bandlik turingiz (xususiy) barqaror daromad beradi; oylik daromadingiz 23 382 680 so'm — yetarli daraja. Nima qilish mumkin: Daromadingizni muntazam bank hisobiga o'tkazing — barqaror oqim ballni oshiradi.,"Qo'lda ko'rib chiqish: Daromad juda o'zgaruvchan (CV 0.38) — barqarorlik past. Diqqat talab qiladigan omillar: Naqd yechish ulushi (-4), Daromad trendi (2-yarim/1-yarim) (-2). Ball 641, tavsiya etilgan limit 4 571 569 so'm.",Naqd yechish ulushi (-4 ball),4571569,84800000,0.0189,0.0189,0.383,v1
AP002400,612.4,0.075188,RAD_ETILDI,"Afsuski, hozircha kredit bera olmaymiz. Sabab: kredit tarixingizda 95 kunlik kechikish bor. To'sqinlik qildi: o'tmishda 95 kunlik kechikish qayd etilgan; ish stajingiz qisqa — atigi 1 yil 1 oy; bank hisobingizdagi tushum deklaratsiya bilan mos. Foydangizga ishladi: yangi kreditsiz ham qarz yukingiz past — daromadning 9% i; bandlik turingiz (byudjet) barqaror daromad beradi; oxirgi oylarda daromadingiz o'sgan. Nima qilish mumkin: Kechikish yopilgandan keyin 12 oy toza to'lov tarixi to'plang, so'ng qayta murojaat qiling.","Rad etildi: O'tmishda 95 kunlik kechikish (90+ kun — qattiq to'siq); So'ralgan summada DTI 64.8% — shift 50.0%; to'lov qobiliyati qolmagan. Ballga eng ko'p salbiy ta'sir: O'tmishdagi maks. kechikish (kun) (-16 ball), Ish staji (oy) (-15 ball). Yakuniy ball 612.",O'tmishdagi maks. kechikish (kun) (-16 ball),0,0,0.6477,0.5537,0.0323,v1
AP002401,633.8,0.037236,MAQULLANDI,Tabriklaymiz — kredit ma'qullandi. 17 553 387 so'm miqdorida kredit tasdiqlandi. Oylik to'lov taxminan 546 539 so'm bo'ladi. To'sqinlik qildi: bank hisobingizdagi tushum deklaratsiya bilan mos; oxirgi oylarda daromadingiz kamaygan. Foydangizga ishladi: oylik daromadingiz 7 324 342 so'm — yetarli daraja; barcha to'lovlardan keyin oyiga 6 777 803 so'm qoladi; ish stajingiz uzoq — 7 yil 6 oy. Nima qilish mumkin: Qo'shimcha shart yo'q — hujjatlarni tasdiqlash uchun bank xodimi siz bilan bog'lanadi.,"Ma'qullandi: ball 634 (PD 3.7%), DTI 7.5% shift ichida. Asosiy ijobiy omillar: Oylik daromad medianasi (+12 ball), To'lovlardan keyingi erkin pul (+9 ball), Ish staji (oy) (+5 ball). Tasdiqlangan summa 17 553 387 so'm.",Bank oqimi / deklaratsiya (-4 ball),17553387,82300000,0.0746,0.0746,0.3142,v1
AP002402,605.9,0.092503,QOLDA_KORIB_CHIQISH,"Arizangiz bank xodimiga ko'rib chiqishga yuborildi. Ko'rsatkichlaringiz chegaraviy zonada — avtomatik qaror o'rniga bank xodimi arizangizni qo'lda ko'rib chiqadi. To'sqinlik qildi: ish stajingiz qisqa — atigi 1 yil; oxirgi oylarda daromadingiz kamaygan; xarajatlaringiz daromadning 71% ini yeb qo'yadi. Foydangizga ishladi: oylik daromadingiz 6 352 360 so'm — yetarli daraja; yangi kreditsiz ham qarz yukingiz past — daromadning 26% i; barcha to'lovlardan keyin oyiga 3 537 484 so'm qoladi. Nima qilish mumkin: Mavjud kreditlaringizdan birini yopsangiz, qarz yuki pasayadi va limit sezilarli oshadi.","Qo'lda ko'rib chiqish: Ball 606 — avtomatik ma'qullash chegarasi 630 dan past. Diqqat talab qiladigan omillar: Ish staji (oy) (-15), Daromad trendi (2-yarim/1-yarim) (-7). Ball 606, tavsiya etilgan limit 11 907 382 so'm.",Ish staji (oy) (-15 ball),11907382,0,0.4431,0.1809,0.2799,v1
AP002403,615.5,0.06799,RAD_ETILDI,"Afsuski, hozircha kredit bera olmaymiz. Sabab: kredit tarixingizda 95 kunlik kechikish bor. To'sqinlik qildi: o'tmishda 95 kunlik kechikish qayd etilgan; xarajatlaringiz daromadning 71% ini yeb qo'yadi; bank hisobingizdagi tushum deklaratsiya bilan mos. Foydangizga ishladi: yangi kreditsiz ham qarz yukingiz past — daromadning 18% i; oxirgi oylarda daromadingiz o'sgan; ish stajingiz uzoq — 8 yil 3 oy. Nima qilish mumkin: Kechikish yopilgandan keyin 12 oy toza to'lov tarixi to'plang, so'ng qayta murojaat qiling.","Rad etildi: O'tmishda 95 kunlik kechikish (90+ kun — qattiq to'siq). Ballga eng ko'p salbiy ta'sir: O'tmishdagi maks. kechikish (kun) (-16 ball), Sarf intensivligi (chiqim/kirim) (-4 ball). Yakuniy ball 616.",O'tmishdagi maks. kechikish (kun) (-16 ball),0,0,0.2235,0.0478,0.0309,v1
AP002404,648.0,0.023121,MAQULLANDI,"Tabriklaymiz — kredit ma'qullandi. 9 387 095 so'm miqdorida kredit tasdiqlandi. Oylik to'lov taxminan 388 284 so'm bo'ladi. To'sqinlik qildi: bankimiz bilan tarixingiz qisqa — 6 oy, sizni hali yaxshi bilmaymiz; daromadning 20% i naqd yechib olinadi — bank uchun bu ko'rinmas pul. Foydangizga ishladi: ish stajingiz uzoq — 12 yil 1 oy; barcha to'lovlardan keyin oyiga 7 872 479 so'm qoladi; oylik daromadingiz 8 488 129 so'm — yetarli daraja. Nima qilish mumkin: Qo'shimcha shart yo'q — hujjatlarni tasdiqlash uchun bank xodimi siz bilan bog'lanadi.","Ma'qullandi: ball 648 (PD 2.3%), DTI 7.3% shift ichida. Asosiy ijobiy omillar: Ish staji (oy) (+13 ball), To'lovlardan keyingi erkin pul (+9 ball), Oylik daromad medianasi (+9 ball). Tasdiqlangan summa 9 387 095 so'm.",Bank bilan tarix (oy) (-4 ball),9387095,71800000,0.0725,0.0457,0.0374,v1
AP002405,626.4,0.047669,QOLDA_KORIB_CHIQISH,"Arizangiz bank xodimiga ko'rib chiqishga yuborildi. So'ragan 15 640 051 so'm ni to'liq bera olmaymiz, lekin 15 000 000 so'm sizning to'lov qobiliyatingizga to'g'ri keladi — bunda oylik to'lov 1 447 590 so'm bo'ladi. Yakuniy qarorni bank xodimi tasdiqlaydi. To'sqinlik qildi: xarajatlaringiz daromadning 63% ini yeb qo'yadi; oxirgi oylarda daromadingiz kamaygan; bank hisobingizdagi tushum deklaratsiya bilan mos. Foydangizga ishladi: bandlik turingiz (xususiy) barqaror daromad beradi; barcha to'lovlardan keyin oyiga 2 648 214 so'm qoladi; yangi kreditsiz ham qarz yukingiz past — daromadning 0% i. Nima qilish mumkin: So'rovni 4 700 000 so'm gacha kamaytiring — bu summada ma'qullanish ehtimoli sezilarli oshadi. Muddatni uzaytiring (hozir 1 yil) — oylik to'lov kamayadi va qarz yuki chegara ichiga tushadi. Daromadingizni muntazam bank hisobiga o'tkazing — barqaror oqim ballni oshiradi.","Qo'lda ko'rib chiqish: Yangi to'lov daromadning 36.3% ini oladi — shift 35.0%; Ball 626 — avtomatik ma'qullash chegarasi 630 dan past. Diqqat talab qiladigan omillar: Sarf intensivligi (chiqim/kirim) (-3), Daromad trendi (2-yarim/1-yarim) (-2). Ball 626, tavsiya etilgan limit 15 000 000 so'm.",Sarf intensivligi (chiqim/kirim) (-3 ball),15000000,4700000,0.363,0.363,0.3815,v1
AP002406,548.2,0.429307,RAD_ETILDI,"Afsuski, hozircha kredit bera olmaymiz. Sabab: hozirda doimiy ish joyingiz va muntazam daromadingiz yo'q. To'sqinlik qildi: bandlik turingiz (ishsiz) yuqori xavfli guruhda; ish stajingiz qisqa — atigi 0 oy; xarajatlaringiz daromadning 69% ini yeb qo'yadi. Foydangizga ishladi: oylik daromadingiz 8 034 646 so'm — yetarli daraja; barcha to'lovlardan keyin oyiga 6 994 766 so'm qoladi; yangi kreditsiz ham qarz yukingiz past — daromadning 0% i. Nima qilish mumkin: Rasmiy ish joyi va muntazam daromad tasdiqlangach murojaat qiling — bu asosiy shart.","Rad etildi: Bandlik holati: ishsiz — doimiy daromad manbai yo'q; Defolt ehtimoli 42.9% — shift 20.0%. Ballga eng ko'p salbiy ta'sir: Bandlik turi (-68 ball), Ish staji (oy) (-15 ball). Yakuniy ball 548.",Bandlik turi (-68 ball),0,0,0.1294,0.1294,0.0319,v1
AP002407,598.4,0.116747,RAD_ETILDI,"Afsuski, hozircha kredit bera olmaymiz. Sabab: hozirgi daromadingiz mavjud to'lovlardan keyin yangi kreditni ko'tara olmaydi. To'sqinlik qildi: yangi kreditgacha ham mavjud to'lovlaringiz daromadning 52% ini oladi; barcha to'lovlardan keyin qo'lingizda pul umuman qolmaydi; xarajatlaringiz daromadning 66% ini yeb qo'yadi. Foydangizga ishladi: bandlik turingiz (byudjet) barqaror daromad beradi; bank hisobingizdagi tushum deklaratsiya bilan mos; oxirgi oylarda daromadingiz o'sgan. Nima qilish mumkin: Mavjud kreditlaringizdan birini yopsangiz, qarz yuki pasayadi va limit sezilarli oshadi.","Rad etildi: So'ralgan summada DTI 188.1% — shift 50.0%; to'lov qobiliyati qolmagan; Yangi to'lov daromadning 135.7% ini oladi — shift 35.0%. Ballga eng ko'p salbiy ta'sir: Mavjud qarz yuki (yangi kreditsiz) (-19 ball), To'lovlardan keyingi erkin pul (-15 ball). Yakuniy ball 598.",Mavjud qarz yuki (yangi kreditsiz) (-19 ball),0,0,1.8814,1.3568,0.0347,v1
AP002408,545.9,0.448638,RAD_ETILDI,"Afsuski, hozircha kredit bera olmaymiz. Sabab: hozirda doimiy ish joyingiz va muntazam daromadingiz yo'q. To'sqinlik qildi: bandlik turingiz (ishsiz) yuqori xavfli guruhda; ish stajingiz qisqa — atigi 0 oy; bankimiz bilan tarixingiz qisqa — 5 oy, sizni hali yaxshi bilmaymiz. Foydangizga ishladi: yangi kreditsiz ham qarz yukingiz past — daromadning 11% i; barcha to'lovlardan keyin oyiga 1 762 376 so'm qoladi; xarajatlaringiz daromadning 73% i — tejamkor. Nima qilish mumkin: Rasmiy ish joyi va muntazam daromad tasdiqlangach murojaat qiling — bu asosiy shart.","Rad etildi: Bandlik holati: ishsiz — doimiy daromad manbai yo'q; Yangi to'lov daromadning 36.2% ini oladi — shift 35.0%. Ballga eng ko'p salbiy ta'sir: Bandlik turi (-68 ball), Ish staji (oy) (-15 ball). Yakuniy ball 546.",Bandlik turi (-68 ball),0,0,0.4732,0.3616,0.1005,v1
AP002409,646.4,0.02443,MAQULLANDI,"Tabriklaymiz — kredit ma'qullandi. 6 146 517 so'm miqdorida kredit tasdiqlandi. Oylik to'lov taxminan 337 373 so'm bo'ladi. To'sqinlik qildi: bankimiz bilan tarixingiz qisqa — 1 yil 1 oy, sizni hali yaxshi bilmaymiz; xarajatlaringiz daromadning 70% ini yeb qo'yadi; bank hisobingizdagi tushum deklaratsiya bilan mos. Foydangizga ishladi: ish stajingiz uzoq — 10 yil; bandlik turingiz (byudjet) barqaror daromad beradi; barcha to'lovlardan keyin oyiga 10 181 149 so'm qoladi. Nima qilish mumkin: Qo'shimcha shart yo'q — hujjatlarni tasdiqlash uchun bank xodimi siz bilan bog'lanadi.","Ma'qullandi: ball 646 (PD 2.4%), DTI 3.2% shift ichida. Asosiy ijobiy omillar: Ish staji (oy) (+13 ball), Bandlik turi (+11 ball), To'lovlardan keyingi erkin pul (+9 ball). Tasdiqlangan summa 6 146 517 so'm.",Bank bilan tarix (oy) (-4 ball),6146517,67000000,0.0321,0.0321,0.0362,v1
AP002410,649.1,0.022313,MAQULLANDI,"Tabriklaymiz — kredit ma'qullandi. 21 916 568 so'm miqdorida kredit tasdiqlandi. Oylik to'lov taxminan 1 202 967 so'm bo'ladi. To'sqinlik qildi: oxirgi oylarda daromadingiz kamaygan; bankimiz bilan tarixingiz qisqa — 1 yil 3 oy, sizni hali yaxshi bilmaymiz. Foydangizga ishladi: bank hisobingizdagi tushum deklaratsiya bilan mos; oylik daromadingiz 6 843 246 so'm — yetarli daraja; bandlik turingiz (qurilish) barqaror daromad beradi. Nima qilish mumkin: Qo'shimcha shart yo'q — hujjatlarni tasdiqlash uchun bank xodimi siz bilan bog'lanadi.","Ma'qullandi: ball 649 (PD 2.2%), DTI 18.9% shift ichida. Asosiy ijobiy omillar: Bank oqimi / deklaratsiya (+14 ball), Oylik daromad medianasi (+12 ball), Bandlik turi (+9 ball). Tasdiqlangan summa 21 916 568 so'm.",Daromad trendi (2-yarim/1-yarim) (-7 ball),21916568,43600000,0.1894,0.1758,0.1741,v1
AP002411,640.3,0.030018,MAQULLANDI,Tabriklaymiz — kredit ma'qullandi. 2 471 301 so'm miqdorida kredit tasdiqlandi. Oylik to'lov taxminan 238 495 so'm bo'ladi. To'sqinlik qildi: mavjud qarz qoldig'i yillik daromadingizdan 0.4 barobar. Foydangizga ishladi: bank hisobingizdagi tushum deklaratsiya bilan mos; oylik daromadingiz 6 210 150 so'm — yetarli daraja; barcha to'lovlardan keyin oyiga 4 574 048 so'm qoladi. Nima qilish mumkin: Qo'shimcha shart yo'q — hujjatlarni tasdiqlash uchun bank xodimi siz bilan bog'lanadi.,"Ma'qullandi: ball 640 (PD 3.0%), DTI 26.3% shift ichida. Asosiy ijobiy omillar: Bank oqimi / deklaratsiya (+14 ball), Oylik daromad medianasi (+12 ball), To'lovlardan keyingi erkin pul (+8 ball). Tasdiqlangan summa 2 471 301 so'm.",Qarz qoldig'i / yillik daromad (-11 ball),2471301,17600000,0.2635,0.0384,0.0267,v1
AP002412,629.2,0.04344,QOLDA_KORIB_CHIQISH,"Arizangiz bank xodimiga ko'rib chiqishga yuborildi. So'ragan 13 862 498 so'm ni to'liq bera olmaymiz, lekin 12 800 000 so'm sizning to'lov qobiliyatingizga to'g'ri keladi — bunda oylik to'lov 1 235 277 so'm bo'ladi. Yakuniy qarorni bank xodimi tasdiqlaydi. To'sqinlik qildi: bankimiz bilan tarixingiz qisqa — 1 yil 4 oy, sizni hali yaxshi bilmaymiz; xarajatlaringiz daromadning 71% ini yeb qo'yadi; bank hisobingizdagi tushum deklaratsiya bilan mos. Foydangizga ishladi: oxirgi oylarda daromadingiz o'sgan; barcha to'lovlardan keyin oyiga 2 218 192 so'm qoladi; ish stajingiz uzoq — 7 yil 3 oy. Nima qilish mumkin: To'lov qobiliyatingiz 12 800 000 so'm ga yetadi. Shu summani so'rasangiz, ariza qo'lda ko'rib chiqishga tushadi. Muddatni uzaytiring (hozir 1 yil) — oylik to'lov kamayadi va qarz yuki chegara ichiga tushadi.","Qo'lda ko'rib chiqish: Yangi to'lov daromadning 37.6% ini oladi — shift 35.0%; Ball 629 — avtomatik ma'qullash chegarasi 630 dan past. Diqqat talab qiladigan omillar: Bank bilan tarix (oy) (-4), Sarf intensivligi (chiqim/kirim) (-4). Ball 629, tavsiya etilgan limit 12 800 000 so'm.",Bank bilan tarix (oy) (-4 ball),12800000,0,0.3762,0.3762,0.0354,v1
AP002413,557.5,0.352917,RAD_ETILDI,"Afsuski, hozircha kredit bera olmaymiz. Sabab: hozirgi daromadingiz mavjud to'lovlardan keyin yangi kreditni ko'tara olmaydi. To'sqinlik qildi: yangi kreditgacha ham mavjud to'lovlaringiz daromadning 152% ini oladi; barcha to'lovlardan keyin qo'lingizda pul umuman qolmaydi; mavjud qarz qoldig'i yillik daromadingizdan 1.1 barobar. Foydangizga ishladi: bandlik turingiz (byudjet) barqaror daromad beradi; oxirgi oylarda daromadingiz o'sgan; ish stajingiz uzoq — 13 yil 8 oy. Nima qilish mumkin: Mavjud kreditlaringizdan birini yopsangiz, qarz yuki pasayadi va limit sezilarli oshadi.","Rad etildi: So'ralgan summada DTI 255.4% — shift 50.0%; to'lov qobiliyati qolmagan; Yangi to'lov daromadning 103.6% ini oladi — shift 35.0%. Ballga eng ko'p salbiy ta'sir: Mavjud qarz yuki (yangi kreditsiz) (-19 ball), To'lovlardan keyingi erkin pul (-15 ball). Yakuniy ball 557.",Mavjud qarz yuki (yangi kreditsiz) (-19 ball),0,0,2.5541,1.0358,0.0363,v1
AP002414,636.4,0.034148,MAQULLANDI,Tabriklaymiz — kredit ma'qullandi. 36 750 911 so'm miqdorida kredit tasdiqlandi. Oylik to'lov taxminan 2 017 202 so'm bo'ladi. To'sqinlik qildi: daromadning 20% i naqd yechib olinadi — bank uchun bu ko'rinmas pul; xarajatlaringiz daromadning 68% ini yeb qo'yadi; bank hisobingizdagi tushum deklaratsiya bilan mos. Foydangizga ishladi: bandlik turingiz (byudjet) barqaror daromad beradi; barcha to'lovlardan keyin oyiga 9 859 312 so'm qoladi; oylik daromadingiz 11 876 514 so'm — yetarli daraja. Nima qilish mumkin: Qo'shimcha shart yo'q — hujjatlarni tasdiqlash uchun bank xodimi siz bilan bog'lanadi.,"Ma'qullandi: ball 636 (PD 3.4%), DTI 17.0% shift ichida. Asosiy ijobiy omillar: Bandlik turi (+11 ball), To'lovlardan keyingi erkin pul (+9 ball), Oylik daromad medianasi (+9 ball). Tasdiqlangan summa 36 750 911 so'm.",Naqd yechish ulushi (-4 ball),36750911,75700000,0.1698,0.1698,0.0282,v1
AP002415,615.1,0.069002,QOLDA_KORIB_CHIQISH,"Arizangiz bank xodimiga ko'rib chiqishga yuborildi. So'ragan 10 231 942 so'm ni to'liq bera olmaymiz, lekin 2 300 000 so'm sizning to'lov qobiliyatingizga to'g'ri keladi — bunda oylik to'lov 221 964 so'm bo'ladi. Yakuniy qarorni bank xodimi tasdiqlaydi. To'sqinlik qildi: mavjud qarz qoldig'i yillik daromadingizdan 0.3 barobar; oxirgi oylarda daromadingiz kamaygan; bankimiz bilan tarixingiz qisqa — 8 oy, sizni hali yaxshi bilmaymiz. Foydangizga ishladi: bank hisobingizdagi tushum deklaratsiya bilan mos; yangi kreditsiz ham qarz yukingiz past — daromadning 46% i; barcha to'lovlardan keyin oyiga 1 896 500 so'm qoladi. Nima qilish mumkin: To'lov qobiliyatingiz 2 300 000 so'm ga yetadi. Shu summani so'rasangiz, ariza qo'lda ko'rib chiqishga tushadi. Muddatni uzaytiring (hozir 1 yil) — oylik to'lov kamayadi va qarz yuki chegara ichiga tushadi. Mavjud kreditlaringizdan birini yopsangiz, qarz yuki pasayadi va limit sezilarli oshadi.","Qo'lda ko'rib chiqish: So'ralgan summada DTI 64.4% — shift 50.0%; taklif: 2 300 000 so'm; Ball 615 — avtomatik ma'qullash chegarasi 630 dan past. Diqqat talab qiladigan omillar: Qarz qoldig'i / yillik daromad (-11), Daromad trendi (2-yarim/1-yarim) (-7). Ball 615, tavsiya etilgan limit 2 300 000 so'm.",Qarz qoldig'i / yillik daromad (-11 ball),2300000,0,0.6435,0.1856,0.1887,v1
AP002416,560.4,0.329979,RAD_ETILDI,"Afsuski, hozircha kredit bera olmaymiz. Sabab: umumiy risk bahosi bankimiz chegarasidan yuqori chiqdi — quyidagi omillar hal qiluvchi bo'ldi. To'sqinlik qildi: barcha to'lovlardan keyin qo'lingizda pul umuman qolmaydi; mavjud qarz qoldig'i yillik daromadingizdan 0.9 barobar; oylik daromadingiz 2 080 927 so'm — so'ralgan summa uchun kam. Foydangizga ishladi: yangi kreditsiz ham qarz yukingiz past — daromadning 29% i; ish stajingiz uzoq — 7 yil 3 oy; bankimiz bilan tarixingiz uzoq — 8 yil 5 oy. Nima qilish mumkin: To'lov qobiliyatingiz 2 400 000 so'm ga yetadi. Shu summani so'rasangiz, ariza qo'lda ko'rib chiqishga tushadi. Muddatni uzaytiring (hozir 6 oy) — oylik to'lov kamayadi va qarz yuki chegara ichiga tushadi. Mavjud kreditlaringizdan birini yopsangiz, qarz yuki pasayadi va limit sezilarli oshadi.","Rad etildi: Defolt ehtimoli 33.0% — shift 20.0%; Ball 560.4 — minimal chegara 580. Ballga eng ko'p salbiy ta'sir: To'lovlardan keyingi erkin pul (-15 ball), Qarz qoldig'i / yillik daromad (-11 ball). Yakuniy ball 560.",To'lovlardan keyingi erkin pul (-15 ball),0,0,3.2704,2.9788,0.0375,v1
AP002417,657.2,0.016947,MAQULLANDI,"Tabriklaymiz — kredit ma'qullandi. 11 548 682 so'm miqdorida kredit tasdiqlandi. Oylik to'lov taxminan 1 114 517 so'm bo'ladi. To'sqinlik qildi: bankimiz bilan tarixingiz qisqa — 5 oy, sizni hali yaxshi bilmaymiz. Foydangizga ishladi: bank hisobingizdagi tushum deklaratsiya bilan mos; yangi kreditsiz ham qarz yukingiz past — daromadning 7% i; barcha to'lovlardan keyin oyiga 3 930 553 so'm qoladi. Nima qilish mumkin: Qo'shimcha shart yo'q — hujjatlarni tasdiqlash uchun bank xodimi siz bilan bog'lanadi.","Ma'qullandi: ball 657 (PD 1.7%), DTI 27.7% shift ichida. Asosiy ijobiy omillar: Bank oqimi / deklaratsiya (+14 ball), Mavjud qarz yuki (yangi kreditsiz) (+14 ball), To'lovlardan keyingi erkin pul (+8 ball). Tasdiqlangan summa 11 548 682 so'm.",Bank bilan tarix (oy) (-4 ball),11548682,19700000,0.2772,0.205,0.0302,v1
AP002418,612.7,0.074589,QOLDA_KORIB_CHIQISH,"Arizangiz bank xodimiga ko'rib chiqishga yuborildi. So'ragan 18 482 786 so'm ni to'liq bera olmaymiz, lekin 17 400 000 so'm sizning to'lov qobiliyatingizga to'g'ri keladi — bunda oylik to'lov 3 141 384 so'm bo'ladi. Yakuniy qarorni bank xodimi tasdiqlaydi. To'sqinlik qildi: ish stajingiz qisqa — atigi 6 oy; bankimiz bilan tarixingiz qisqa — 9 oy, sizni hali yaxshi bilmaymiz; oxirgi oylarda daromadingiz kamaygan. Foydangizga ishladi: bandlik turingiz (xususiy) barqaror daromad beradi; oylik daromadingiz 9 015 622 so'm — yetarli daraja; barcha to'lovlardan keyin oyiga 5 678 752 so'm qoladi. Nima qilish mumkin: To'lov qobiliyatingiz 17 400 000 so'm ga yetadi. Shu summani so'rasangiz, ariza qo'lda ko'rib chiqishga tushadi. Muddatni uzaytiring (hozir 6 oy) — oylik to'lov kamayadi va qarz yuki chegara ichiga tushadi.","Qo'lda ko'rib chiqish: Yangi to'lov daromadning 37.0% ini oladi — shift 35.0%; Ball 613 — avtomatik ma'qullash chegarasi 630 dan past. Diqqat talab qiladigan omillar: Ish staji (oy) (-15), Bank bilan tarix (oy) (-4). Ball 613, tavsiya etilgan limit 17 400 000 so'm.",Ish staji (oy) (-15 ball),17400000,0,0.3701,0.3701,0.3315,v1
AP002419,632.0,0.039604,MAQULLANDI,Tabriklaymiz — kredit ma'qullandi. 11 963 863 so'm miqdorida kredit tasdiqlandi. Oylik to'lov taxminan 656 678 so'm bo'ladi. To'sqinlik qildi: oxirgi oylarda daromadingiz kamaygan; oila a'zosiga oyiga atigi 503 472 so'm to'g'ri keladi; xarajatlaringiz daromadning 68% ini yeb qo'yadi. Foydangizga ishladi: yangi kreditsiz ham qarz yukingiz past — daromadning 12% i; bandlik turingiz (xususiy) barqaror daromad beradi; ish stajingiz uzoq — 9 yil 2 oy. Nima qilish mumkin: Qo'shimcha shart yo'q — hujjatlarni tasdiqlash uchun bank xodimi siz bilan bog'lanadi.,"Ma'qullandi: ball 632 (PD 4.0%), DTI 30.4% shift ichida. Asosiy ijobiy omillar: Mavjud qarz yuki (yangi kreditsiz) (+14 ball), Bandlik turi (+9 ball), Ish staji (oy) (+5 ball). Tasdiqlangan summa 11 963 863 so'm.",Daromad trendi (2-yarim/1-yarim) (-7 ball),11963863,22400000,0.304,0.1863,0.195,v1
AP002420,527.6,0.605801,RAD_ETILDI,"Afsuski, hozircha kredit bera olmaymiz. Sabab: hozirgi daromadingiz mavjud to'lovlardan keyin yangi kreditni ko'tara olmaydi. To'sqinlik qildi: yangi kreditgacha ham mavjud to'lovlaringiz daromadning 90% ini oladi; barcha to'lovlardan keyin qo'lingizda pul umuman qolmaydi; ish stajingiz qisqa — atigi 2 yil 2 oy. Foydangizga ishladi: pul harakatingiz shaffof, naqd yechish kam; bankimiz bilan tarixingiz uzoq — 8 yil 5 oy; bandlik turingiz (o'z_ishi) barqaror daromad beradi. Nima qilish mumkin: Mavjud kreditlaringizdan birini yopsangiz, qarz yuki pasayadi va limit sezilarli oshadi.","Rad etildi: So'ralgan summada DTI 228.0% — shift 50.0%; to'lov qobiliyati qolmagan; Yangi to'lov daromadning 137.9% ini oladi — shift 35.0%. Ballga eng ko'p salbiy ta'sir: Mavjud qarz yuki (yangi kreditsiz) (-19 ball), To'lovlardan keyingi erkin pul (-15 ball). Yakuniy ball 528.",Mavjud qarz yuki (yangi kreditsiz) (-19 ball),0,0,2.2797,1.3793,0.2589,v1
AP002421,621.5,0.055944,QOLDA_KORIB_CHIQISH,Arizangiz bank xodimiga ko'rib chiqishga yuborildi. Ko'rsatkichlaringiz chegaraviy zonada — avtomatik qaror o'rniga bank xodimi arizangizni qo'lda ko'rib chiqadi. To'sqinlik qildi: bank hisobingizdagi tushum deklaratsiya bilan mos; oylik daromadingiz 2 967 431 so'm — so'ralgan summa uchun kam; oxirgi oylarda daromadingiz kamaygan. Foydangizga ishladi: bandlik turingiz (xususiy) barqaror daromad beradi; xarajatlaringiz daromadning 68% i — tejamkor; ish stajingiz uzoq — 8 yil 2 oy. Nima qilish mumkin: Qo'shimcha shart yo'q — hujjatlarni tasdiqlash uchun bank xodimi siz bilan bog'lanadi.,"Qo'lda ko'rib chiqish: Ball 622 — avtomatik ma'qullash chegarasi 630 dan past. Diqqat talab qiladigan omillar: Bank oqimi / deklaratsiya (-11), Oylik daromad medianasi (-3). Ball 622, tavsiya etilgan limit 9 794 240 so'm.",Bank oqimi / deklaratsiya (-11 ball),9794240,0,0.1812,0.1812,0.2674,v1
AP002422,650.7,0.021111,MAQULLANDI,Tabriklaymiz — kredit ma'qullandi. 21 540 330 so'm miqdorida kredit tasdiqlandi. Oylik to'lov taxminan 670 676 so'm bo'ladi. To'sqinlik qildi: oxirgi oylarda daromadingiz kamaygan. Foydangizga ishladi: barcha to'lovlardan keyin oyiga 10 346 332 so'm qoladi; bandlik turingiz (qurilish) barqaror daromad beradi; oylik daromadingiz 11 017 008 so'm — yetarli daraja. Nima qilish mumkin: Qo'shimcha shart yo'q — hujjatlarni tasdiqlash uchun bank xodimi siz bilan bog'lanadi.,"Ma'qullandi: ball 651 (PD 2.1%), DTI 6.1% shift ichida. Asosiy ijobiy omillar: To'lovlardan keyingi erkin pul (+9 ball), Bandlik turi (+9 ball), Oylik daromad medianasi (+9 ball). Tasdiqlangan summa 21 540 330 so'm.",Daromad trendi (2-yarim/1-yarim) (-2 ball),21540330,123800000,0.0609,0.0609,0.2346,v1
AP002423,656.1,0.017598,MAQULLANDI,Tabriklaymiz — kredit ma'qullandi. 5 747 058 so'm miqdorida kredit tasdiqlandi. Oylik to'lov taxminan 178 939 so'm bo'ladi. To'sqinlik qildi: xarajatlaringiz daromadning 70% ini yeb qo'yadi. Foydangizga ishladi: bank hisobingizdagi tushum deklaratsiya bilan mos; barcha to'lovlardan keyin oyiga 12 198 539 so'm qoladi; bandlik turingiz (xususiy) barqaror daromad beradi. Nima qilish mumkin: Qo'shimcha shart yo'q — hujjatlarni tasdiqlash uchun bank xodimi siz bilan bog'lanadi.,"Ma'qullandi: ball 656 (PD 1.8%), DTI 1.4% shift ichida. Asosiy ijobiy omillar: Bank oqimi / deklaratsiya (+14 ball), To'lovlardan keyingi erkin pul (+9 ball), Bandlik turi (+9 ball). Tasdiqlangan summa 5 747 058 so'm.",Sarf intensivligi (chiqim/kirim) (-2 ball),5747058,139100000,0.0145,0.0145,0.0343,v1
AP002424,614.5,0.070315,QOLDA_KORIB_CHIQISH,"Arizangiz bank xodimiga ko'rib chiqishga yuborildi. So'ragan 21 400 567 so'm ni to'liq bera olmaymiz, lekin 1 100 000 so'm sizning to'lov qobiliyatingizga to'g'ri keladi — bunda oylik to'lov 34 249 so'm bo'ladi. Yakuniy qarorni bank xodimi tasdiqlaydi. To'sqinlik qildi: bank hisobingizdagi tushum deklaratsiya bilan mos; daromadning 20% i naqd yechib olinadi — bank uchun bu ko'rinmas pul; bankimiz bilan tarixingiz qisqa — 1 yil 9 oy, sizni hali yaxshi bilmaymiz. Foydangizga ishladi: yangi kreditsiz ham qarz yukingiz past — daromadning 49% i; barcha to'lovlardan keyin oyiga 1 233 259 so'm qoladi; xarajatlaringiz daromadning 73% i — tejamkor. Nima qilish mumkin: To'lov qobiliyatingiz 1 100 000 so'm ga yetadi. Shu summani so'rasangiz, ariza qo'lda ko'rib chiqishga tushadi. Mavjud kreditlaringizdan birini yopsangiz, qarz yuki pasayadi va limit sezilarli oshadi.","Qo'lda ko'rib chiqish: So'ralgan summada DTI 66.9% — shift 50.0%; taklif: 1 100 000 so'm; Ball 614 — avtomatik ma'qullash chegarasi 630 dan past. Diqqat talab qiladigan omillar: Bank oqimi / deklaratsiya (-11), Naqd yechish ulushi (-4). Ball 614, tavsiya etilgan limit 1 100 000 so'm.",Bank oqimi / deklaratsiya (-11 ball),1100000,0,0.6689,0.1789,0.3097,v1
AP002425,653.3,0.019329,MAQULLANDI,Tabriklaymiz — kredit ma'qullandi. 3 330 783 so'm miqdorida kredit tasdiqlandi. Oylik to'lov taxminan 137 773 so'm bo'ladi. To'sqinlik qildi: oxirgi oylarda daromadingiz kamaygan. Foydangizga ishladi: yangi kreditsiz ham qarz yukingiz past — daromadning 8% i; barcha to'lovlardan keyin oyiga 9 067 620 so'm qoladi; bandlik turingiz (qurilish) barqaror daromad beradi. Nima qilish mumkin: Qo'shimcha shart yo'q — hujjatlarni tasdiqlash uchun bank xodimi siz bilan bog'lanadi.,"Ma'qullandi: ball 653 (PD 1.9%), DTI 9.6% shift ichida. Asosiy ijobiy omillar: Mavjud qarz yuki (yangi kreditsiz) (+14 ball), To'lovlardan keyingi erkin pul (+9 ball), Bandlik turi (+9 ball). Tasdiqlangan summa 3 330 783 so'm.",Daromad trendi (2-yarim/1-yarim) (-7 ball),3330783,84800000,0.0959,0.0137,0.2991,v1
AP002426,639.4,0.030935,MAQULLANDI,Tabriklaymiz — kredit ma'qullandi. 19 633 235 so'm miqdorida kredit tasdiqlandi. Oylik to'lov taxminan 611 297 so'm bo'ladi. To'sqinlik qildi: ish stajingiz qisqa — atigi 1 yil 2 oy; bank hisobingizdagi tushum deklaratsiya bilan mos. Foydangizga ishladi: yangi kreditsiz ham qarz yukingiz past — daromadning 14% i; bandlik turingiz (xususiy) barqaror daromad beradi; oxirgi oylarda daromadingiz o'sgan. Nima qilish mumkin: Qo'shimcha shart yo'q — hujjatlarni tasdiqlash uchun bank xodimi siz bilan bog'lanadi.,"Ma'qullandi: ball 639 (PD 3.1%), DTI 27.8% shift ichida. Asosiy ijobiy omillar: Mavjud qarz yuki (yangi kreditsiz) (+14 ball), Bandlik turi (+9 ball), Daromad trendi (2-yarim/1-yarim) (+8 ball). Tasdiqlangan summa 19 633 235 so'm.",Ish staji (oy) (-15 ball),19633235,48100000,0.2783,0.1428,0.031,v1
AP002427,528.0,0.602426,RAD_ETILDI,"Afsuski, hozircha kredit bera olmaymiz. Sabab: hozirda doimiy ish joyingiz va muntazam daromadingiz yo'q. To'sqinlik qildi: bandlik turingiz (ishsiz) yuqori xavfli guruhda; ish stajingiz qisqa — atigi 0 oy; bank hisobingizdagi tushum deklaratsiya bilan mos. Foydangizga ishladi: barcha to'lovlardan keyin oyiga 3 465 097 so'm qoladi; yangi kreditsiz ham qarz yukingiz past — daromadning 0% i; mavjud qarz qoldig'i yillik daromadingizga nisbatan kichik. Nima qilish mumkin: Rasmiy ish joyi va muntazam daromad tasdiqlangach murojaat qiling — bu asosiy shart.","Rad etildi: Bandlik holati: ishsiz — doimiy daromad manbai yo'q; Defolt ehtimoli 60.2% — shift 20.0%. Ballga eng ko'p salbiy ta'sir: Bandlik turi (-68 ball), Ish staji (oy) (-15 ball). Yakuniy ball 528.",Bandlik turi (-68 ball),0,0,0.2568,0.2568,0.0324,v1
AP002428,621.5,0.056045,QOLDA_KORIB_CHIQISH,"Arizangiz bank xodimiga ko'rib chiqishga yuborildi. So'ragan 58 976 918 so'm ni to'liq bera olmaymiz, lekin 42 000 000 so'm sizning to'lov qobiliyatingizga to'g'ri keladi — bunda oylik to'lov 1 307 704 so'm bo'ladi. Yakuniy qarorni bank xodimi tasdiqlaydi. To'sqinlik qildi: bank hisobingizdagi tushum deklaratsiya bilan mos. Foydangizga ishladi: barcha to'lovlardan keyin oyiga 1 906 511 so'm qoladi; yangi kreditsiz ham qarz yukingiz past — daromadning 0% i; mavjud qarz qoldig'i yillik daromadingizga nisbatan kichik. Nima qilish mumkin: To'lov qobiliyatingiz 42 000 000 so'm ga yetadi. Shu summani so'rasangiz, ariza qo'lda ko'rib chiqishga tushadi.","Qo'lda ko'rib chiqish: Yangi to'lov daromadning 49.1% ini oladi — shift 35.0%; Ball 621 — avtomatik ma'qullash chegarasi 630 dan past. Diqqat talab qiladigan omillar: Bank oqimi / deklaratsiya (-2), Daromad trendi (2-yarim/1-yarim) (-2). Ball 621, tavsiya etilgan limit 42 000 000 so'm.",Bank oqimi / deklaratsiya (-2 ball),42000000,0,0.4906,0.4906,0.0297,v1
AP002429,546.6,0.442705,RAD_ETILDI,"Afsuski, hozircha kredit bera olmaymiz. Sabab: hozirgi daromadingiz mavjud to'lovlardan keyin yangi kreditni ko'tara olmaydi. To'sqinlik qildi: yangi kreditgacha ham mavjud to'lovlaringiz daromadning 123% ini oladi; barcha to'lovlardan keyin qo'lingizda pul umuman qolmaydi; ish stajingiz qisqa — atigi 4 oy. Foydangizga ishladi: bandlik turingiz (xususiy) barqaror daromad beradi; xarajatlaringiz daromadning 67% i — tejamkor. Nima qilish mumkin: Mavjud kreditlaringizdan birini yopsangiz, qarz yuki pasayadi va limit sezilarli oshadi. Daromadingizni muntazam bank hisobiga o'tkazing — barqaror oqim ballni oshiradi.","Rad etildi: So'ralgan summada DTI 500.0% — shift 50.0%; to'lov qobiliyati qolmagan; Yangi to'lov daromadning 409.1% ini oladi — shift 35.0%. Ballga eng ko'p salbiy ta'sir: Mavjud qarz yuki (yangi kreditsiz) (-19 ball), To'lovlardan keyingi erkin pul (-15 ball). Yakuniy ball 547.",Mavjud qarz yuki (yangi kreditsiz) (-19 ball),0,0,5.0,4.0905,0.358,v1
AP002430,575.4,0.226711,RAD_ETILDI,"Afsuski, hozircha kredit bera olmaymiz. Sabab: hozirgi daromadingiz mavjud to'lovlardan keyin yangi kreditni ko'tara olmaydi. To'sqinlik qildi: yangi kreditgacha ham mavjud to'lovlaringiz daromadning 149% ini oladi; barcha to'lovlardan keyin qo'lingizda pul umuman qolmaydi; xarajatlaringiz daromadning 70% ini yeb qo'yadi. Foydangizga ishladi: bank hisobingizdagi tushum deklaratsiya bilan mos; mavjud qarz qoldig'i yillik daromadingizga nisbatan kichik; bankimiz bilan tarixingiz uzoq — 9 yil 5 oy. Nima qilish mumkin: Mavjud kreditlaringizdan birini yopsangiz, qarz yuki pasayadi va limit sezilarli oshadi.","Rad etildi: So'ralgan summada DTI 170.5% — shift 50.0%; to'lov qobiliyati qolmagan; Defolt ehtimoli 22.7% — shift 20.0%. Ballga eng ko'p salbiy ta'sir: Mavjud qarz yuki (yangi kreditsiz) (-19 ball), To'lovlardan keyingi erkin pul (-15 ball). Yakuniy ball 575.",Mavjud qarz yuki (yangi kreditsiz) (-19 ball),0,0,1.7046,0.2129,0.2739,v1
AP002431,620.2,0.058415,QOLDA_KORIB_CHIQISH,Arizangiz bank xodimiga ko'rib chiqishga yuborildi. Ko'rsatkichlaringiz chegaraviy zonada — avtomatik qaror o'rniga bank xodimi arizangizni qo'lda ko'rib chiqadi. To'sqinlik qildi: daromadning 19% i naqd yechib olinadi — bank uchun bu ko'rinmas pul; xarajatlaringiz daromadning 70% ini yeb qo'yadi; oxirgi oylarda daromadingiz kamaygan. Foydangizga ishladi: bandlik turingiz (xususiy) barqaror daromad beradi; barcha to'lovlardan keyin oyiga 4 932 727 so'm qoladi; yangi kreditsiz ham qarz yukingiz past — daromadning 0% i. Nima qilish mumkin: Qo'shimcha shart yo'q — hujjatlarni tasdiqlash uchun bank xodimi siz bilan bog'lanadi.,"Qo'lda ko'rib chiqish: Ball 620 — avtomatik ma'qullash chegarasi 630 dan past. Diqqat talab qiladigan omillar: Naqd yechish ulushi (-4), Sarf intensivligi (chiqim/kirim) (-4). Ball 620, tavsiya etilgan limit 7 943 717 so'm.",Naqd yechish ulushi (-4 ball),7943717,0,0.0625,0.0625,0.2771,v1
AP002432,638.2,0.032141,MAQULLANDI,"Tabriklaymiz — kredit ma'qullandi. 17 500 693 so'm miqdorida kredit tasdiqlandi. Oylik to'lov taxminan 544 898 so'm bo'ladi. To'sqinlik qildi: bank hisobingizdagi tushum deklaratsiya bilan mos; bankimiz bilan tarixingiz qisqa — 3 yil 1 oy, sizni hali yaxshi bilmaymiz. Foydangizga ishladi: oylik daromadingiz 5 943 628 so'm — yetarli daraja; bandlik turingiz (xususiy) barqaror daromad beradi; barcha to'lovlardan keyin oyiga 5 398 730 so'm qoladi. Nima qilish mumkin: Qo'shimcha shart yo'q — hujjatlarni tasdiqlash uchun bank xodimi siz bilan bog'lanadi.","Ma'qullandi: ball 638 (PD 3.2%), DTI 9.2% shift ichida. Asosiy ijobiy omillar: Oylik daromad medianasi (+12 ball), Bandlik turi (+9 ball), To'lovlardan keyingi erkin pul (+8 ball). Tasdiqlangan summa 17 500 693 so'm.",Bank oqimi / deklaratsiya (-4 ball),17500693,66800000,0.0917,0.0917,0.0279,v1
AP002433,456.1,0.948173,RAD_ETILDI,"Afsuski, hozircha kredit bera olmaymiz. Sabab: hozirda doimiy ish joyingiz va muntazam daromadingiz yo'q. To'sqinlik qildi: bandlik turingiz (ishsiz) yuqori xavfli guruhda; yangi kreditgacha ham mavjud to'lovlaringiz daromadning 69% ini oladi; barcha to'lovlardan keyin qo'lingizda pul umuman qolmaydi. Foydangizga ishladi: bank hisobingizdagi tushum deklaratsiya bilan mos. Nima qilish mumkin: Mavjud kreditlaringizdan birini yopsangiz, qarz yuki pasayadi va limit sezilarli oshadi. Rasmiy ish joyi va muntazam daromad tasdiqlangach murojaat qiling — bu asosiy shart.","Rad etildi: Bandlik holati: ishsiz — doimiy daromad manbai yo'q; So'ralgan summada DTI 155.8% — shift 50.0%; to'lov qobiliyati qolmagan. Ballga eng ko'p salbiy ta'sir: Bandlik turi (-68 ball), Mavjud qarz yuki (yangi kreditsiz) (-19 ball). Yakuniy ball 456.",Bandlik turi (-68 ball),0,0,1.5577,0.8666,0.1961,v1
AP002434,630.2,0.042013,QOLDA_KORIB_CHIQISH,"Arizangiz bank xodimiga ko'rib chiqishga yuborildi. So'ragan 10 080 393 so'm ni to'liq bera olmaymiz, lekin 10 000 000 so'm sizning to'lov qobiliyatingizga to'g'ri keladi — bunda oylik to'lov 965 060 so'm bo'ladi. Yakuniy qarorni bank xodimi tasdiqlaydi. To'sqinlik qildi: oxirgi oylarda daromadingiz kamaygan; oylik daromadingiz 2 776 396 so'm — so'ralgan summa uchun kam; oila a'zosiga oyiga atigi 555 279 so'm to'g'ri keladi. Foydangizga ishladi: yangi kreditsiz ham qarz yukingiz past — daromadning 6% i; bandlik turingiz (xususiy) barqaror daromad beradi; barcha to'lovlardan keyin oyiga 1 628 407 so'm qoladi. Nima qilish mumkin: So'rovni 10 000 000 so'm gacha kamaytiring — bu summada ma'qullanish ehtimoli sezilarli oshadi. Muddatni uzaytiring (hozir 1 yil) — oylik to'lov kamayadi va qarz yuki chegara ichiga tushadi.","Qo'lda ko'rib chiqish: Yangi to'lov daromadning 35.0% ini oladi — shift 35.0%. Diqqat talab qiladigan omillar: Daromad trendi (2-yarim/1-yarim) (-7), Oylik daromad medianasi (-3). Ball 630, tavsiya etilgan limit 10 000 000 so'm.",Daromad trendi (2-yarim/1-yarim) (-7 ball),10000000,10000000,0.4135,0.3504,0.208,v1
AP002435,602.3,0.103454,QOLDA_KORIB_CHIQISH,"Arizangiz bank xodimiga ko'rib chiqishga yuborildi. So'ragan 13 598 293 so'm ni to'liq bera olmaymiz, lekin 5 000 000 so'm sizning to'lov qobiliyatingizga to'g'ri keladi — bunda oylik to'lov 482 530 so'm bo'ladi. Yakuniy qarorni bank xodimi tasdiqlaydi. To'sqinlik qildi: oylik daromadingiz 1 393 164 so'm — so'ralgan summa uchun kam; bank hisobingizdagi tushum deklaratsiya bilan mos; xarajatlaringiz daromadning 70% ini yeb qo'yadi. Foydangizga ishladi: bandlik turingiz (xususiy) barqaror daromad beradi; ish stajingiz uzoq — 8 yil 5 oy; yangi kreditsiz ham qarz yukingiz past — daromadning 0% i. Nima qilish mumkin: To'lov qobiliyatingiz 5 000 000 so'm ga yetadi. Shu summani so'rasangiz, ariza qo'lda ko'rib chiqishga tushadi. Muddatni uzaytiring (hozir 1 yil) — oylik to'lov kamayadi va qarz yuki chegara ichiga tushadi.","Qo'lda ko'rib chiqish: So'ralgan summada DTI 94.2% — shift 50.0%; taklif: 5 000 000 so'm; Yangi to'lov daromadning 94.2% ini oladi — shift 35.0%. Diqqat talab qiladigan omillar: Oylik daromad medianasi (-11), Bank oqimi / deklaratsiya (-4). Ball 602, tavsiya etilgan limit 5 000 000 so'm.",Oylik daromad medianasi (-11 ball),5000000,0,0.942,0.942,0.0317,v1
AP002436,603.3,0.100344,QOLDA_KORIB_CHIQISH,"Arizangiz bank xodimiga ko'rib chiqishga yuborildi. So'ragan 17 379 994 so'm ni to'liq bera olmaymiz, lekin 10 500 000 so'm sizning to'lov qobiliyatingizga to'g'ri keladi — bunda oylik to'lov 1 013 313 so'm bo'ladi. Yakuniy qarorni bank xodimi tasdiqlaydi. To'sqinlik qildi: oxirgi oylarda daromadingiz kamaygan; bankimiz bilan tarixingiz qisqa — 1 yil 7 oy, sizni hali yaxshi bilmaymiz; oylik daromadingiz 2 906 449 so'm — so'ralgan summa uchun kam. Foydangizga ishladi: barcha to'lovlardan keyin oyiga 1 229 175 so'm qoladi; yangi kreditsiz ham qarz yukingiz past — daromadning 0% i; mavjud qarz qoldig'i yillik daromadingizga nisbatan kichik. Nima qilish mumkin: To'lov qobiliyatingiz 10 500 000 so'm ga yetadi. Shu summani so'rasangiz, ariza qo'lda ko'rib chiqishga tushadi. Muddatni uzaytiring (hozir 1 yil) — oylik to'lov kamayadi va qarz yuki chegara ichiga tushadi.","Qo'lda ko'rib chiqish: So'ralgan summada DTI 57.7% — shift 50.0%; taklif: 10 500 000 so'm; Yangi to'lov daromadning 57.7% ini oladi — shift 35.0%. Diqqat talab qiladigan omillar: Daromad trendi (2-yarim/1-yarim) (-7), Bank bilan tarix (oy) (-4). Ball 603, tavsiya etilgan limit 10 500 000 so'm.",Daromad trendi (2-yarim/1-yarim) (-7 ball),10500000,0,0.5771,0.5771,0.3081,v1
AP002437,655.0,0.01822,MAQULLANDI,"Tabriklaymiz — kredit ma'qullandi. 10 714 095 so'm miqdorida kredit tasdiqlandi. Oylik to'lov taxminan 1 033 974 so'm bo'ladi. To'sqinlik qildi: bankimiz bilan tarixingiz qisqa — 1 oy, sizni hali yaxshi bilmaymiz; bank hisobingizdagi tushum deklaratsiya bilan mos. Foydangizga ishladi: ish stajingiz uzoq — 11 yil 10 oy; barcha to'lovlardan keyin oyiga 9 592 562 so'm qoladi; bandlik turingiz (qurilish) barqaror daromad beradi. Nima qilish mumkin: Qo'shimcha shart yo'q — hujjatlarni tasdiqlash uchun bank xodimi siz bilan bog'lanadi.","Ma'qullandi: ball 655 (PD 1.8%), DTI 9.7% shift ichida. Asosiy ijobiy omillar: Ish staji (oy) (+13 ball), To'lovlardan keyingi erkin pul (+9 ball), Bandlik turi (+9 ball). Tasdiqlangan summa 10 714 095 so'm.",Bank bilan tarix (oy) (-4 ball),10714095,38500000,0.0973,0.0973,0.0292,v1
AP002438,626.5,0.047536,QOLDA_KORIB_CHIQISH,"Arizangiz bank xodimiga ko'rib chiqishga yuborildi. Ko'rsatkichlaringiz chegaraviy zonada — avtomatik qaror o'rniga bank xodimi arizangizni qo'lda ko'rib chiqadi. To'sqinlik qildi: bank hisobingizdagi tushum deklaratsiya bilan mos; bankimiz bilan tarixingiz qisqa — 3 yil, sizni hali yaxshi bilmaymiz; xarajatlaringiz daromadning 71% ini yeb qo'yadi. Foydangizga ishladi: oylik daromadingiz 6 562 079 so'm — yetarli daraja; yangi kreditsiz ham qarz yukingiz past — daromadning 23% i; oxirgi oylarda daromadingiz o'sgan. Nima qilish mumkin: So'rovni 16 100 000 so'm gacha kamaytiring — bu summada ma'qullanish ehtimoli sezilarli oshadi.","Qo'lda ko'rib chiqish: Ball 626 — avtomatik ma'qullash chegarasi 630 dan past. Diqqat talab qiladigan omillar: Bank oqimi / deklaratsiya (-11), Bank bilan tarix (oy) (-4). Ball 626, tavsiya etilgan limit 27 268 281 so'm.",Bank oqimi / deklaratsiya (-11 ball),27268281,16100000,0.4565,0.2281,0.0281,v1
AP002439,552.2,0.395865,RAD_ETILDI,"Afsuski, hozircha kredit bera olmaymiz. Sabab: hozirgi daromadingiz mavjud to'lovlardan keyin yangi kreditni ko'tara olmaydi. To'sqinlik qildi: yangi kreditgacha ham mavjud to'lovlaringiz daromadning 117% ini oladi; barcha to'lovlardan keyin qo'lingizda pul umuman qolmaydi; mavjud qarz qoldig'i yillik daromadingizdan 0.9 barobar. Foydangizga ishladi: bandlik turingiz (byudjet) barqaror daromad beradi; oxirgi oylarda daromadingiz o'sgan; ish stajingiz uzoq — 12 yil 11 oy. Nima qilish mumkin: Mavjud kreditlaringizdan birini yopsangiz, qarz yuki pasayadi va limit sezilarli oshadi.","Rad etildi: So'ralgan summada DTI 200.0% — shift 50.0%; to'lov qobiliyati qolmagan; Yangi to'lov daromadning 83.0% ini oladi — shift 35.0%. Ballga eng ko'p salbiy ta'sir: Mavjud qarz yuki (yangi kreditsiz) (-19 ball), To'lovlardan keyingi erkin pul (-15 ball). Yakuniy ball 552.",Mavjud qarz yuki (yangi kreditsiz) (-19 ball),0,0,2.0005,0.8296,0.0313,v1
AP002440,573.1,0.240928,RAD_ETILDI,"Afsuski, hozircha kredit bera olmaymiz. Sabab: hozirgi daromadingiz mavjud to'lovlardan keyin yangi kreditni ko'tara olmaydi. To'sqinlik qildi: yangi kreditgacha ham mavjud to'lovlaringiz daromadning 226% ini oladi; barcha to'lovlardan keyin qo'lingizda pul umuman qolmaydi; mavjud qarz qoldig'i yillik daromadingizdan 1.2 barobar. Foydangizga ishladi: bank hisobingizdagi tushum deklaratsiya bilan mos; xarajatlaringiz daromadning 67% i — tejamkor; bankimiz bilan tarixingiz uzoq — 5 yil. Nima qilish mumkin: Mavjud kreditlaringizdan birini yopsangiz, qarz yuki pasayadi va limit sezilarli oshadi.","Rad etildi: So'ralgan summada DTI 333.9% — shift 50.0%; to'lov qobiliyati qolmagan; Yangi to'lov daromadning 107.7% ini oladi — shift 35.0%. Ballga eng ko'p salbiy ta'sir: Mavjud qarz yuki (yangi kreditsiz) (-19 ball), To'lovlardan keyingi erkin pul (-15 ball). Yakuniy ball 573.",Mavjud qarz yuki (yangi kreditsiz) (-19 ball),0,0,3.3386,1.0768,0.2254,v1
AP002441,628.6,0.044324,QOLDA_KORIB_CHIQISH,"Arizangiz bank xodimiga ko'rib chiqishga yuborildi. So'ragan 29 110 314 so'm ni to'liq bera olmaymiz, lekin 12 700 000 so'm sizning to'lov qobiliyatingizga to'g'ri keladi — bunda oylik to'lov 2 292 849 so'm bo'ladi. Yakuniy qarorni bank xodimi tasdiqlaydi. To'sqinlik qildi: daromadning 20% i naqd yechib olinadi — bank uchun bu ko'rinmas pul; oxirgi oylarda daromadingiz kamaygan; xarajatlaringiz daromadning 70% ini yeb qo'yadi. Foydangizga ishladi: yangi kreditsiz ham qarz yukingiz past — daromadning 5% i; oylik daromadingiz 6 595 159 so'm — yetarli daraja; mavjud qarz qoldig'i yillik daromadingizga nisbatan kichik. Nima qilish mumkin: So'rovni 12 700 000 so'm gacha kamaytiring — bu summada ma'qullanish ehtimoli sezilarli oshadi. Muddatni uzaytiring (hozir 6 oy) — oylik to'lov kamayadi va qarz yuki chegara ichiga tushadi.","Qo'lda ko'rib chiqish: So'ralgan summada DTI 84.8% — shift 50.0%; taklif: 12 700 000 so'm; Yangi to'lov daromadning 79.7% ini oladi — shift 35.0%. Diqqat talab qiladigan omillar: Naqd yechish ulushi (-4), Daromad trendi (2-yarim/1-yarim) (-2). Ball 629, tavsiya etilgan limit 12 700 000 so'm.",Naqd yechish ulushi (-4 ball),12700000,12700000,0.8482,0.7969,0.2348,v1
AP002442,635.2,0.035575,MAQULLANDI,Tabriklaymiz — kredit ma'qullandi. 6 867 277 so'm miqdorida kredit tasdiqlandi. Oylik to'lov taxminan 284 055 so'm bo'ladi. To'sqinlik qildi: bank hisobingizdagi tushum deklaratsiya bilan mos; oylik daromadingiz 3 383 497 so'm — so'ralgan summa uchun kam. Foydangizga ishladi: ish stajingiz uzoq — 11 yil 2 oy; bandlik turingiz (xususiy) barqaror daromad beradi; xarajatlaringiz daromadning 67% i — tejamkor. Nima qilish mumkin: Qo'shimcha shart yo'q — hujjatlarni tasdiqlash uchun bank xodimi siz bilan bog'lanadi.,"Ma'qullandi: ball 635 (PD 3.6%), DTI 8.4% shift ichida. Asosiy ijobiy omillar: Ish staji (oy) (+13 ball), Bandlik turi (+9 ball), Sarf intensivligi (chiqim/kirim) (+7 ball). Tasdiqlangan summa 6 867 277 so'm.",Bank oqimi / deklaratsiya (-11 ball),6867277,28600000,0.084,0.084,0.0338,v1
AP002443,605.3,0.094335,QOLDA_KORIB_CHIQISH,"Arizangiz bank xodimiga ko'rib chiqishga yuborildi. Ko'rsatkichlaringiz chegaraviy zonada — avtomatik qaror o'rniga bank xodimi arizangizni qo'lda ko'rib chiqadi. To'sqinlik qildi: bank hisobingizdagi tushum deklaratsiya bilan mos; bankimiz bilan tarixingiz qisqa — 3 oy, sizni hali yaxshi bilmaymiz; daromadning 19% i naqd yechib olinadi — bank uchun bu ko'rinmas pul. Foydangizga ishladi: bandlik turingiz (xususiy) barqaror daromad beradi; xarajatlaringiz daromadning 67% i — tejamkor; barcha to'lovlardan keyin oyiga 2 056 020 so'm qoladi. Nima qilish mumkin: Qo'shimcha shart yo'q — hujjatlarni tasdiqlash uchun bank xodimi siz bilan bog'lanadi.","Qo'lda ko'rib chiqish: Ball 605 — avtomatik ma'qullash chegarasi 630 dan past. Diqqat talab qiladigan omillar: Bank oqimi / deklaratsiya (-11), Bank bilan tarix (oy) (-4). Ball 605, tavsiya etilgan limit 16 461 847 so'm.",Bank oqimi / deklaratsiya (-11 ball),16461847,0,0.2488,0.2488,0.2813,v1
AP002444,663.3,0.013763,MAQULLANDI,Tabriklaymiz — kredit ma'qullandi. 8 126 094 so'm miqdorida kredit tasdiqlandi. Oylik to'lov taxminan 336 124 so'm bo'ladi. To'sqinlik qildi: sezilarli salbiy omil topilmadi. Foydangizga ishladi: bank hisobingizdagi tushum deklaratsiya bilan mos; yangi kreditsiz ham qarz yukingiz past — daromadning 8% i; ish stajingiz uzoq — 12 yil. Nima qilish mumkin: Qo'shimcha shart yo'q — hujjatlarni tasdiqlash uchun bank xodimi siz bilan bog'lanadi.,"Ma'qullandi: ball 663 (PD 1.4%), DTI 16.0% shift ichida. Asosiy ijobiy omillar: Bank oqimi / deklaratsiya (+14 ball), Mavjud qarz yuki (yangi kreditsiz) (+14 ball), Ish staji (oy) (+13 ball). Tasdiqlangan summa 8 126 094 so'm.",Sarf intensivligi (chiqim/kirim) (-1 ball),8126094,36900000,0.1598,0.077,0.0276,v1
AP002445,582.7,0.185266,RAD_ETILDI,"Afsuski, hozircha kredit bera olmaymiz. Sabab: hozirgi daromadingiz mavjud to'lovlardan keyin yangi kreditni ko'tara olmaydi. To'sqinlik qildi: yangi kreditgacha ham mavjud to'lovlaringiz daromadning 68% ini oladi; ish stajingiz qisqa — atigi 10 oy; oylik daromadingiz 2 400 578 so'm — so'ralgan summa uchun kam. Foydangizga ishladi: bank hisobingizdagi tushum deklaratsiya bilan mos; oxirgi oylarda daromadingiz o'sgan; mavjud qarz qoldig'i yillik daromadingizga nisbatan kichik. Nima qilish mumkin: Mavjud kreditlaringizdan birini yopsangiz, qarz yuki pasayadi va limit sezilarli oshadi.","Rad etildi: So'ralgan summada DTI 95.6% — shift 50.0%; to'lov qobiliyati qolmagan. Ballga eng ko'p salbiy ta'sir: Mavjud qarz yuki (yangi kreditsiz) (-19 ball), Ish staji (oy) (-15 ball). Yakuniy ball 583.",Mavjud qarz yuki (yangi kreditsiz) (-19 ball),0,0,0.956,0.2787,0.0354,v1
AP002446,581.8,0.190071,QOLDA_KORIB_CHIQISH,"Arizangiz bank xodimiga ko'rib chiqishga yuborildi. So'ragan 37 468 979 so'm ni to'liq bera olmaymiz, lekin 14 300 000 so'm sizning to'lov qobiliyatingizga to'g'ri keladi — bunda oylik to'lov 591 499 so'm bo'ladi. Yakuniy qarorni bank xodimi tasdiqlaydi. To'sqinlik qildi: ish stajingiz qisqa — atigi 10 oy; mavjud qarz qoldig'i yillik daromadingizdan 0.4 barobar; oylik daromadingiz 1 712 788 so'm — so'ralgan summa uchun kam. Foydangizga ishladi: yangi kreditsiz ham qarz yukingiz past — daromadning 15% i; bandlik turingiz (xususiy) barqaror daromad beradi; bankimiz bilan tarixingiz uzoq — 8 yil 7 oy. Nima qilish mumkin: To'lov qobiliyatingiz 14 300 000 so'm ga yetadi. Shu summani so'rasangiz, ariza qo'lda ko'rib chiqishga tushadi. Muddatni uzaytiring (hozir 3 yil) — oylik to'lov kamayadi va qarz yuki chegara ichiga tushadi.","Qo'lda ko'rib chiqish: So'ralgan summada DTI 105.7% — shift 50.0%; taklif: 14 300 000 so'm; Yangi to'lov daromadning 90.5% ini oladi — shift 35.0%. Diqqat talab qiladigan omillar: Ish staji (oy) (-15), Qarz qoldig'i / yillik daromad (-11). Ball 582, tavsiya etilgan limit 14 300 000 so'm.",Ish staji (oy) (-15 ball),14300000,0,1.0572,0.9049,0.0319,v1
AP002447,646.8,0.024109,MAQULLANDI,"Tabriklaymiz — kredit ma'qullandi. 11 679 656 so'm miqdorida kredit tasdiqlandi. Oylik to'lov taxminan 483 112 so'm bo'ladi. To'sqinlik qildi: bank hisobingizdagi tushum deklaratsiya bilan mos; bankimiz bilan tarixingiz qisqa — 1 yil 2 oy, sizni hali yaxshi bilmaymiz; daromadning 20% i naqd yechib olinadi — bank uchun bu ko'rinmas pul. Foydangizga ishladi: yangi kreditsiz ham qarz yukingiz past — daromadning 12% i; oylik daromadingiz 5 856 538 so'm — yetarli daraja; bandlik turingiz (qurilish) barqaror daromad beradi. Nima qilish mumkin: Qo'shimcha shart yo'q — hujjatlarni tasdiqlash uchun bank xodimi siz bilan bog'lanadi.","Ma'qullandi: ball 647 (PD 2.4%), DTI 20.5% shift ichida. Asosiy ijobiy omillar: Mavjud qarz yuki (yangi kreditsiz) (+14 ball), Oylik daromad medianasi (+12 ball), Bandlik turi (+9 ball). Tasdiqlangan summa 11 679 656 so'm.",Bank oqimi / deklaratsiya (-11 ball),11679656,49500000,0.205,0.0825,0.0333,v1
AP002448,634.1,0.03688,MAQULLANDI,Tabriklaymiz — kredit ma'qullandi. 20 243 121 so'm miqdorida kredit tasdiqlandi. Oylik to'lov taxminan 630 286 so'm bo'ladi. To'sqinlik qildi: xarajatlaringiz daromadning 71% ini yeb qo'yadi; oylik daromadingiz 2 484 156 so'm — so'ralgan summa uchun kam; bank hisobingizdagi tushum deklaratsiya bilan mos. Foydangizga ishladi: ish stajingiz uzoq — 10 yil 11 oy; barcha to'lovlardan keyin oyiga 1 853 870 so'm qoladi; oxirgi oylarda daromadingiz o'sgan. Nima qilish mumkin: Qo'shimcha shart yo'q — hujjatlarni tasdiqlash uchun bank xodimi siz bilan bog'lanadi.,"Ma'qullandi: ball 634 (PD 3.7%), DTI 25.4% shift ichida. Asosiy ijobiy omillar: Ish staji (oy) (+13 ball), To'lovlardan keyingi erkin pul (+7 ball), Daromad trendi (2-yarim/1-yarim) (+7 ball). Tasdiqlangan summa 20 243 121 so'm.",Sarf intensivligi (chiqim/kirim) (-4 ball),20243121,27900000,0.2537,0.2537,0.0202,v1
AP002449,590.1,0.149614,QOLDA_KORIB_CHIQISH,"Arizangiz bank xodimiga ko'rib chiqishga yuborildi. So'ragan 69 447 962 so'm ni to'liq bera olmaymiz, lekin 10 500 000 so'm sizning to'lov qobiliyatingizga to'g'ri keladi — bunda oylik to'lov 1 013 313 so'm bo'ladi. Yakuniy qarorni bank xodimi tasdiqlaydi. To'sqinlik qildi: barcha to'lovlardan keyin qo'lingizda pul umuman qolmaydi; bank hisobingizdagi tushum deklaratsiya bilan mos; bankimiz bilan tarixingiz qisqa — 8 oy, sizni hali yaxshi bilmaymiz. Foydangizga ishladi: yangi kreditsiz ham qarz yukingiz past — daromadning 14% i; ish stajingiz uzoq — 9 yil 9 oy; mavjud qarz qoldig'i yillik daromadingizga nisbatan kichik. Nima qilish mumkin: To'lov qobiliyatingiz 10 500 000 so'm ga yetadi. Shu summani so'rasangiz, ariza qo'lda ko'rib chiqishga tushadi. Muddatni uzaytiring (hozir 1 yil) — oylik to'lov kamayadi va qarz yuki chegara ichiga tushadi.","Qo'lda ko'rib chiqish: So'ralgan summada DTI 244.4% — shift 50.0%; taklif: 10 500 000 so'm; Yangi to'lov daromadning 230.6% ini oladi — shift 35.0%. Diqqat talab qiladigan omillar: To'lovlardan keyingi erkin pul (-15), Bank oqimi / deklaratsiya (-11). Ball 590, tavsiya etilgan limit 10 500 000 so'm.",To'lovlardan keyingi erkin pul (-15 ball),10500000,0,2.4441,2.3057,0.0356,v1
AP002450,620.4,0.058116,QOLDA_KORIB_CHIQISH,"Arizangiz bank xodimiga ko'rib chiqishga yuborildi. Ko'rsatkichlaringiz chegaraviy zonada — avtomatik qaror o'rniga bank xodimi arizangizni qo'lda ko'rib chiqadi. To'sqinlik qildi: bank hisobingizdagi tushum deklaratsiya bilan mos; bankimiz bilan tarixingiz qisqa — 1 yil 9 oy, sizni hali yaxshi bilmaymiz; oxirgi oylarda daromadingiz kamaygan. Foydangizga ishladi: ish stajingiz uzoq — 11 yil 9 oy; bandlik turingiz (qurilish) barqaror daromad beradi; yangi kreditsiz ham qarz yukingiz past — daromadning 28% i. Nima qilish mumkin: Mavjud kreditlaringizdan birini yopsangiz, qarz yuki pasayadi va limit sezilarli oshadi.","Qo'lda ko'rib chiqish: Ball 620 — avtomatik ma'qullash chegarasi 630 dan past. Diqqat talab qiladigan omillar: Bank oqimi / deklaratsiya (-11), Bank bilan tarix (oy) (-4). Ball 620, tavsiya etilgan limit 4 143 870 so'm.",Bank oqimi / deklaratsiya (-11 ball),4143870,0,0.4278,0.1522,0.2712,v1
AP002451,460.9,0.939517,RAD_ETILDI,"Afsuski, hozircha kredit bera olmaymiz. Sabab: hozirda doimiy ish joyingiz va muntazam daromadingiz yo'q. To'sqinlik qildi: bandlik turingiz (ishsiz) yuqori xavfli guruhda; yangi kreditgacha ham mavjud to'lovlaringiz daromadning 190% ini oladi; barcha to'lovlardan keyin qo'lingizda pul umuman qolmaydi. Foydangizga ishladi: xarajatlaringiz daromadning 67% i — tejamkor; bankimiz bilan tarixingiz uzoq — 8 yil. Nima qilish mumkin: Mavjud kreditlaringizdan birini yopsangiz, qarz yuki pasayadi va limit sezilarli oshadi. Rasmiy ish joyi va muntazam daromad tasdiqlangach murojaat qiling — bu asosiy shart.","Rad etildi: Bandlik holati: ishsiz — doimiy daromad manbai yo'q; So'ralgan summada DTI 200.5% — shift 50.0%; to'lov qobiliyati qolmagan. Ballga eng ko'p salbiy ta'sir: Bandlik turi (-68 ball), Mavjud qarz yuki (yangi kreditsiz) (-19 ball). Yakuniy ball 461.",Bandlik turi (-68 ball),0,0,2.005,0.109,0.2716,v1
AP002452,632.4,0.039103,QOLDA_KORIB_CHIQISH,"Arizangiz bank xodimiga ko'rib chiqishga yuborildi. So'ragan 23 215 077 so'm ni to'liq bera olmaymiz, lekin 23 000 000 so'm sizning to'lov qobiliyatingizga to'g'ri keladi — bunda oylik to'lov 951 363 so'm bo'ladi. Yakuniy qarorni bank xodimi tasdiqlaydi. To'sqinlik qildi: bank hisobingizdagi tushum deklaratsiya bilan mos; oylik daromadingiz 2 727 958 so'm — so'ralgan summa uchun kam; xarajatlaringiz daromadning 68% ini yeb qo'yadi. Foydangizga ishladi: ish stajingiz uzoq — 10 yil 10 oy; bandlik turingiz (byudjet) barqaror daromad beradi; barcha to'lovlardan keyin oyiga 1 767 699 so'm qoladi. Nima qilish mumkin: So'rovni 23 000 000 so'm gacha kamaytiring — bu summada ma'qullanish ehtimoli sezilarli oshadi. Muddatni uzaytiring (hozir 3 yil) — oylik to'lov kamayadi va qarz yuki chegara ichiga tushadi.","Qo'lda ko'rib chiqish: Yangi to'lov daromadning 35.2% ini oladi — shift 35.0%. Diqqat talab qiladigan omillar: Bank oqimi / deklaratsiya (-4), Oylik daromad medianasi (-3). Ball 632, tavsiya etilgan limit 23 000 000 so'm.",Bank oqimi / deklaratsiya (-4 ball),23000000,23000000,0.352,0.352,0.0318,v1
AP002453,528.0,0.602481,RAD_ETILDI,"Afsuski, hozircha kredit bera olmaymiz. Sabab: hozirda doimiy ish joyingiz va muntazam daromadingiz yo'q. To'sqinlik qildi: bandlik turingiz (ishsiz) yuqori xavfli guruhda; ish stajingiz qisqa — atigi 0 oy; bank hisobingizdagi tushum deklaratsiya bilan mos. Foydangizga ishladi: oylik daromadingiz 6 648 953 so'm — yetarli daraja; barcha to'lovlardan keyin oyiga 5 993 054 so'm qoladi; yangi kreditsiz ham qarz yukingiz past — daromadning 2% i. Nima qilish mumkin: Rasmiy ish joyi va muntazam daromad tasdiqlangach murojaat qiling — bu asosiy shart.","Rad etildi: Bandlik holati: ishsiz — doimiy daromad manbai yo'q; Defolt ehtimoli 60.2% — shift 20.0%. Ballga eng ko'p salbiy ta'sir: Bandlik turi (-68 ball), Ish staji (oy) (-15 ball). Yakuniy ball 528.",Bandlik turi (-68 ball),0,0,0.0986,0.0763,0.0277,v1
AP002454,599.0,0.114609,QOLDA_KORIB_CHIQISH,"Arizangiz bank xodimiga ko'rib chiqishga yuborildi. So'ragan 20 160 695 so'm ni to'liq bera olmaymiz, lekin 7 900 000 so'm sizning to'lov qobiliyatingizga to'g'ri keladi — bunda oylik to'lov 326 772 so'm bo'ladi. Yakuniy qarorni bank xodimi tasdiqlaydi. To'sqinlik qildi: oylik daromadingiz 939 810 so'm — so'ralgan summa uchun kam; bank hisobingizdagi tushum deklaratsiya bilan mos; oila a'zosiga oyiga atigi 187 962 so'm to'g'ri keladi. Foydangizga ishladi: bandlik turingiz (byudjet) barqaror daromad beradi; yangi kreditsiz ham qarz yukingiz past — daromadning 0% i; mavjud qarz qoldig'i yillik daromadingizga nisbatan kichik. Nima qilish mumkin: To'lov qobiliyatingiz 7 900 000 so'm ga yetadi. Shu summani so'rasangiz, ariza qo'lda ko'rib chiqishga tushadi. Muddatni uzaytiring (hozir 3 yil) — oylik to'lov kamayadi va qarz yuki chegara ichiga tushadi.","Qo'lda ko'rib chiqish: So'ralgan summada DTI 88.7% — shift 50.0%; taklif: 7 900 000 so'm; Yangi to'lov daromadning 88.7% ini oladi — shift 35.0%. Diqqat talab qiladigan omillar: Oylik daromad medianasi (-11), Bank oqimi / deklaratsiya (-4). Ball 599, tavsiya etilgan limit 7 900 000 so'm.",Oylik daromad medianasi (-11 ball),7900000,0,0.8873,0.8873,0.0265,v1
AP002455,643.1,0.027344,QOLDA_KORIB_CHIQISH,"Arizangiz bank xodimiga ko'rib chiqishga yuborildi. So'ragan 25 830 755 so'm ni to'liq bera olmaymiz, lekin 12 600 000 so'm sizning to'lov qobiliyatingizga to'g'ri keladi — bunda oylik to'lov 2 274 795 so'm bo'ladi. Yakuniy qarorni bank xodimi tasdiqlaydi. To'sqinlik qildi: oxirgi oylarda daromadingiz kamaygan; bankimiz bilan tarixingiz qisqa — 2 yil 2 oy, sizni hali yaxshi bilmaymiz. Foydangizga ishladi: ish stajingiz uzoq — 12 yil 5 oy; oylik daromadingiz 8 257 732 so'm — yetarli daraja; bank hisobingizdagi tushum deklaratsiya bilan mos. Nima qilish mumkin: So'rovni 12 600 000 so'm gacha kamaytiring — bu summada ma'qullanish ehtimoli sezilarli oshadi. Muddatni uzaytiring (hozir 6 oy) — oylik to'lov kamayadi va qarz yuki chegara ichiga tushadi.","Qo'lda ko'rib chiqish: So'ralgan summada DTI 78.8% — shift 50.0%; taklif: 12 600 000 so'm; Yangi to'lov daromadning 56.5% ini oladi — shift 35.0%. Diqqat talab qiladigan omillar: Daromad trendi (2-yarim/1-yarim) (-7), Bank bilan tarix (oy) (-4). Ball 643, tavsiya etilgan limit 12 600 000 so'm.",Daromad trendi (2-yarim/1-yarim) (-7 ball),12600000,12600000,0.7877,0.5647,0.2797,v1
AP002456,630.4,0.041727,MAQULLANDI,Tabriklaymiz — kredit ma'qullandi. 10 303 448 so'm miqdorida kredit tasdiqlandi. Oylik to'lov taxminan 994 344 so'm bo'ladi. To'sqinlik qildi: bank hisobingizdagi tushum deklaratsiya bilan mos. Foydangizga ishladi: bandlik turingiz (byudjet) barqaror daromad beradi; oxirgi oylarda daromadingiz o'sgan; ish stajingiz uzoq — 9 yil 1 oy. Nima qilish mumkin: Qo'shimcha shart yo'q — hujjatlarni tasdiqlash uchun bank xodimi siz bilan bog'lanadi.,"Ma'qullandi: ball 630 (PD 4.2%), DTI 25.3% shift ichida. Asosiy ijobiy omillar: Bandlik turi (+11 ball), Daromad trendi (2-yarim/1-yarim) (+7 ball), Ish staji (oy) (+5 ball). Tasdiqlangan summa 10 303 448 so'm.",Bank oqimi / deklaratsiya (-11 ball),10303448,14200000,0.2535,0.2535,0.0286,v1
AP002457,557.0,0.357052,RAD_ETILDI,"Afsuski, hozircha kredit bera olmaymiz. Sabab: hozirgi daromadingiz mavjud to'lovlardan keyin yangi kreditni ko'tara olmaydi. To'sqinlik qildi: yangi kreditgacha ham mavjud to'lovlaringiz daromadning 62% ini oladi; mavjud qarz qoldig'i yillik daromadingizdan 0.7 barobar; oylik daromadingiz 1 677 864 so'm — so'ralgan summa uchun kam. Foydangizga ishladi: bandlik turingiz (byudjet) barqaror daromad beradi; ish stajingiz uzoq — 15 yil; bankimiz bilan tarixingiz uzoq — 6 yil 4 oy. Nima qilish mumkin: Mavjud kreditlaringizdan birini yopsangiz, qarz yuki pasayadi va limit sezilarli oshadi.","Rad etildi: So'ralgan summada DTI 100.0% — shift 50.0%; to'lov qobiliyati qolmagan; Yangi to'lov daromadning 37.6% ini oladi — shift 35.0%. Ballga eng ko'p salbiy ta'sir: Mavjud qarz yuki (yangi kreditsiz) (-19 ball), Qarz qoldig'i / yillik daromad (-11 ball). Yakuniy ball 557.",Mavjud qarz yuki (yangi kreditsiz) (-19 ball),0,0,1.0,0.3758,0.0342,v1
AP002458,609.6,0.082209,QOLDA_KORIB_CHIQISH,"Arizangiz bank xodimiga ko'rib chiqishga yuborildi. So'ragan 35 822 484 so'm ni to'liq bera olmaymiz, lekin 5 700 000 so'm sizning to'lov qobiliyatingizga to'g'ri keladi — bunda oylik to'lov 1 029 074 so'm bo'ladi. Yakuniy qarorni bank xodimi tasdiqlaydi. To'sqinlik qildi: barcha to'lovlardan keyin qo'lingizda pul umuman qolmaydi; xarajatlaringiz daromadning 70% ini yeb qo'yadi; oylik daromadingiz 2 965 832 so'm — so'ralgan summa uchun kam. Foydangizga ishladi: yangi kreditsiz ham qarz yukingiz past — daromadning 4% i; bandlik turingiz (byudjet) barqaror daromad beradi; ish stajingiz uzoq — 8 yil 7 oy. Nima qilish mumkin: So'rovni 5 700 000 so'm gacha kamaytiring — bu summada ma'qullanish ehtimoli sezilarli oshadi. Muddatni uzaytiring (hozir 6 oy) — oylik to'lov kamayadi va qarz yuki chegara ichiga tushadi.","Qo'lda ko'rib chiqish: So'ralgan summada DTI 221.9% — shift 50.0%; taklif: 5 700 000 so'm; Yangi to'lov daromadning 218.1% ini oladi — shift 35.0%. Diqqat talab qiladigan omillar: To'lovlardan keyingi erkin pul (-15), Sarf intensivligi (chiqim/kirim) (-4). Ball 610, tavsiya etilgan limit 5 700 000 so'm.",To'lovlardan keyingi erkin pul (-15 ball),5700000,5700000,2.2193,2.1806,0.0321,v1
AP002459,637.0,0.033507,MAQULLANDI,"Tabriklaymiz — kredit ma'qullandi. 25 605 939 so'm miqdorida kredit tasdiqlandi. Oylik to'lov taxminan 1 405 472 so'm bo'ladi. To'sqinlik qildi: bank hisobingizdagi tushum deklaratsiya bilan mos; bankimiz bilan tarixingiz qisqa — 5 oy, sizni hali yaxshi bilmaymiz; xarajatlaringiz daromadning 64% ini yeb qo'yadi. Foydangizga ishladi: yangi kreditsiz ham qarz yukingiz past — daromadning 10% i; bandlik turingiz (byudjet) barqaror daromad beradi; oxirgi oylarda daromadingiz o'sgan. Nima qilish mumkin: Qo'shimcha shart yo'q — hujjatlarni tasdiqlash uchun bank xodimi siz bilan bog'lanadi.","Ma'qullandi: ball 637 (PD 3.4%), DTI 37.3% shift ichida. Asosiy ijobiy omillar: Mavjud qarz yuki (yangi kreditsiz) (+14 ball), Bandlik turi (+11 ball), Daromad trendi (2-yarim/1-yarim) (+7 ball). Tasdiqlangan summa 25 605 939 so'm.",Bank oqimi / deklaratsiya (-4 ball),25605939,32600000,0.3727,0.2746,0.0324,v1
AP002460,597.7,0.119105,QOLDA_KORIB_CHIQISH,"Arizangiz bank xodimiga ko'rib chiqishga yuborildi. Ko'rsatkichlaringiz chegaraviy zonada — avtomatik qaror o'rniga bank xodimi arizangizni qo'lda ko'rib chiqadi. To'sqinlik qildi: oxirgi oylarda daromadingiz kamaygan; daromadning 19% i naqd yechib olinadi — bank uchun bu ko'rinmas pul; bankimiz bilan tarixingiz qisqa — 3 yil 2 oy, sizni hali yaxshi bilmaymiz. Foydangizga ishladi: barcha to'lovlardan keyin oyiga 1 931 233 so'm qoladi; yangi kreditsiz ham qarz yukingiz past — daromadning 0% i; mavjud qarz qoldig'i yillik daromadingizga nisbatan kichik. Nima qilish mumkin: Qo'shimcha shart yo'q — hujjatlarni tasdiqlash uchun bank xodimi siz bilan bog'lanadi.","Qo'lda ko'rib chiqish: Ball 598 — avtomatik ma'qullash chegarasi 630 dan past. Diqqat talab qiladigan omillar: Daromad trendi (2-yarim/1-yarim) (-7), Naqd yechish ulushi (-4). Ball 598, tavsiya etilgan limit 5 440 607 so'm.",Daromad trendi (2-yarim/1-yarim) (-7 ball),5440607,0,0.3371,0.3371,0.2952,v1
AP002461,617.3,0.064201,QOLDA_KORIB_CHIQISH,"Arizangiz bank xodimiga ko'rib chiqishga yuborildi. So'ragan 72 831 110 so'm ni to'liq bera olmaymiz, lekin 22 000 000 so'm sizning to'lov qobiliyatingizga to'g'ri keladi — bunda oylik to'lov 2 123 132 so'm bo'ladi. Yakuniy qarorni bank xodimi tasdiqlaydi. To'sqinlik qildi: barcha to'lovlardan keyin qo'lingizda pul umuman qolmaydi; bankimiz bilan tarixingiz qisqa — 5 oy, sizni hali yaxshi bilmaymiz; xarajatlaringiz daromadning 68% ini yeb qo'yadi. Foydangizga ishladi: oylik daromadingiz 6 079 038 so'm — yetarli daraja; bandlik turingiz (qurilish) barqaror daromad beradi; oxirgi oylarda daromadingiz o'sgan. Nima qilish mumkin: So'rovni 22 000 000 so'm gacha kamaytiring — bu summada ma'qullanish ehtimoli sezilarli oshadi. Muddatni uzaytiring (hozir 1 yil) — oylik to'lov kamayadi va qarz yuki chegara ichiga tushadi.","Qo'lda ko'rib chiqish: So'ralgan summada DTI 115.6% — shift 50.0%; taklif: 22 000 000 so'm; Yangi to'lov daromadning 115.6% ini oladi — shift 35.0%. Diqqat talab qiladigan omillar: To'lovlardan keyingi erkin pul (-15), Bank bilan tarix (oy) (-4). Ball 617, tavsiya etilgan limit 22 000 000 so'm.",To'lovlardan keyingi erkin pul (-15 ball),22000000,22000000,1.1562,1.1562,0.0305,v1
AP002462,638.6,0.031711,MAQULLANDI,Tabriklaymiz — kredit ma'qullandi. 8 270 098 so'm miqdorida kredit tasdiqlandi. Oylik to'lov taxminan 453 933 so'm bo'ladi. To'sqinlik qildi: bank hisobingizdagi tushum deklaratsiya bilan mos; daromadning 19% i naqd yechib olinadi — bank uchun bu ko'rinmas pul. Foydangizga ishladi: bandlik turingiz (byudjet) barqaror daromad beradi; barcha to'lovlardan keyin oyiga 4 037 840 so'm qoladi; oxirgi oylarda daromadingiz o'sgan. Nima qilish mumkin: Qo'shimcha shart yo'q — hujjatlarni tasdiqlash uchun bank xodimi siz bilan bog'lanadi.,"Ma'qullandi: ball 639 (PD 3.2%), DTI 10.1% shift ichida. Asosiy ijobiy omillar: Bandlik turi (+11 ball), To'lovlardan keyingi erkin pul (+8 ball), Daromad trendi (2-yarim/1-yarim) (+7 ball). Tasdiqlangan summa 8 270 098 so'm.",Bank oqimi / deklaratsiya (-4 ball),8270098,28600000,0.1011,0.1011,0.0345,v1
AP002463,559.8,0.33489,RAD_ETILDI,"Afsuski, hozircha kredit bera olmaymiz. Sabab: hozirgi daromadingiz mavjud to'lovlardan keyin yangi kreditni ko'tara olmaydi. To'sqinlik qildi: yangi kreditgacha ham mavjud to'lovlaringiz daromadning 312% ini oladi; barcha to'lovlardan keyin qo'lingizda pul umuman qolmaydi; mavjud qarz qoldig'i yillik daromadingizdan 2.5 barobar. Foydangizga ishladi: bandlik turingiz (byudjet) barqaror daromad beradi; oxirgi oylarda daromadingiz o'sgan; xarajatlaringiz daromadning 67% i — tejamkor. Nima qilish mumkin: Mavjud kreditlaringizdan birini yopsangiz, qarz yuki pasayadi va limit sezilarli oshadi.","Rad etildi: So'ralgan summada DTI 415.8% — shift 50.0%; to'lov qobiliyati qolmagan; Yangi to'lov daromadning 103.5% ini oladi — shift 35.0%. Ballga eng ko'p salbiy ta'sir: Mavjud qarz yuki (yangi kreditsiz) (-19 ball), To'lovlardan keyingi erkin pul (-15 ball). Yakuniy ball 560.",Mavjud qarz yuki (yangi kreditsiz) (-19 ball),0,0,4.1585,1.0346,0.032,v1
AP002464,631.1,0.040799,MAQULLANDI,"Tabriklaymiz — kredit ma'qullandi. 22 760 908 so'm miqdorida kredit tasdiqlandi. Oylik to'lov taxminan 1 249 312 so'm bo'ladi. To'sqinlik qildi: bankimiz bilan tarixingiz qisqa — 5 oy, sizni hali yaxshi bilmaymiz; oxirgi oylarda daromadingiz kamaygan; xarajatlaringiz daromadning 68% ini yeb qo'yadi. Foydangizga ishladi: barcha to'lovlardan keyin oyiga 8 280 190 so'm qoladi; oylik daromadingiz 9 529 502 so'm — yetarli daraja; bank hisobingizdagi tushum deklaratsiya bilan mos. Nima qilish mumkin: Qo'shimcha shart yo'q — hujjatlarni tasdiqlash uchun bank xodimi siz bilan bog'lanadi.","Ma'qullandi: ball 631 (PD 4.1%), DTI 13.1% shift ichida. Asosiy ijobiy omillar: To'lovlardan keyingi erkin pul (+9 ball), Oylik daromad medianasi (+9 ball), Bank oqimi / deklaratsiya (+8 ball). Tasdiqlangan summa 22 760 908 so'm.",Bank bilan tarix (oy) (-4 ball),22760908,52300000,0.1311,0.1311,0.2292,v1
AP002465,636.5,0.03413,MAQULLANDI,"Tabriklaymiz — kredit ma'qullandi. 22 345 355 so'm miqdorida kredit tasdiqlandi. Oylik to'lov taxminan 695 741 so'm bo'ladi. To'sqinlik qildi: bankimiz bilan tarixingiz qisqa — 3 yil 1 oy, sizni hali yaxshi bilmaymiz; oylik daromadingiz 3 406 550 so'm — so'ralgan summa uchun kam. Foydangizga ishladi: bank hisobingizdagi tushum deklaratsiya bilan mos; xarajatlaringiz daromadning 67% i — tejamkor; oxirgi oylarda daromadingiz o'sgan. Nima qilish mumkin: Qo'shimcha shart yo'q — hujjatlarni tasdiqlash uchun bank xodimi siz bilan bog'lanadi.","Ma'qullandi: ball 636 (PD 3.4%), DTI 20.4% shift ichida. Asosiy ijobiy omillar: Bank oqimi / deklaratsiya (+14 ball), Sarf intensivligi (chiqim/kirim) (+7 ball), Daromad trendi (2-yarim/1-yarim) (+7 ball). Tasdiqlangan summa 22 345 355 so'm.",Bank bilan tarix (oy) (-4 ball),22345355,38200000,0.2042,0.2042,0.0347,v1
AP002466,615.1,0.069032,QOLDA_KORIB_CHIQISH,"Arizangiz bank xodimiga ko'rib chiqishga yuborildi. Ko'rsatkichlaringiz chegaraviy zonada — avtomatik qaror o'rniga bank xodimi arizangizni qo'lda ko'rib chiqadi. To'sqinlik qildi: bank hisobingizdagi tushum deklaratsiya bilan mos; bankimiz bilan tarixingiz qisqa — 3 oy, sizni hali yaxshi bilmaymiz; xarajatlaringiz daromadning 68% ini yeb qo'yadi. Foydangizga ishladi: bandlik turingiz (byudjet) barqaror daromad beradi; barcha to'lovlardan keyin oyiga 2 907 015 so'm qoladi; yangi kreditsiz ham qarz yukingiz past — daromadning 3% i. Nima qilish mumkin: Qo'shimcha shart yo'q — hujjatlarni tasdiqlash uchun bank xodimi siz bilan bog'lanadi.","Qo'lda ko'rib chiqish: Ball 615 — avtomatik ma'qullash chegarasi 630 dan past. Diqqat talab qiladigan omillar: Bank oqimi / deklaratsiya (-4), Bank bilan tarix (oy) (-4). Ball 615, tavsiya etilgan limit 29 936 211 so'm.",Bank oqimi / deklaratsiya (-4 ball),29936211,0,0.3207,0.2893,0.0237,v1
AP002467,652.1,0.020155,MAQULLANDI,Tabriklaymiz — kredit ma'qullandi. 36 486 319 so'm miqdorida kredit tasdiqlandi. Oylik to'lov taxminan 1 509 205 so'm bo'ladi. To'sqinlik qildi: bank hisobingizdagi tushum deklaratsiya bilan mos. Foydangizga ishladi: ish stajingiz uzoq — 11 yil 6 oy; bandlik turingiz (byudjet) barqaror daromad beradi; barcha to'lovlardan keyin oyiga 4 119 572 so'm qoladi. Nima qilish mumkin: Qo'shimcha shart yo'q — hujjatlarni tasdiqlash uchun bank xodimi siz bilan bog'lanadi.,"Ma'qullandi: ball 652 (PD 2.0%), DTI 27.9% shift ichida. Asosiy ijobiy omillar: Ish staji (oy) (+13 ball), Bandlik turi (+11 ball), To'lovlardan keyingi erkin pul (+8 ball). Tasdiqlangan summa 36 486 319 so'm.",Bank oqimi / deklaratsiya (-4 ball),36486319,48300000,0.2792,0.264,0.034,v1
AP002468,651.5,0.020551,QOLDA_KORIB_CHIQISH,"Arizangiz bank xodimiga ko'rib chiqishga yuborildi. So'ragan 27 824 996 so'm ni to'liq bera olmaymiz, lekin 25 200 000 so'm sizning to'lov qobiliyatingizga to'g'ri keladi — bunda oylik to'lov 2 431 951 so'm bo'ladi. Yakuniy qarorni bank xodimi tasdiqlaydi. To'sqinlik qildi: mavjud qarz qoldig'i yillik daromadingizdan 0.3 barobar; bankimiz bilan tarixingiz qisqa — 1 yil 8 oy, sizni hali yaxshi bilmaymiz; o'tmishda 45 kunlik kechikish qayd etilgan. Foydangizga ishladi: bank hisobingizdagi tushum deklaratsiya bilan mos; ish stajingiz uzoq — 11 yil 3 oy; bandlik turingiz (byudjet) barqaror daromad beradi. Nima qilish mumkin: So'rovni 25 200 000 so'm gacha kamaytiring — bu summada ma'qullanish ehtimoli sezilarli oshadi. Muddatni uzaytiring (hozir 1 yil) — oylik to'lov kamayadi va qarz yuki chegara ichiga tushadi. Mavjud kreditlaringizdan birini yopsangiz, qarz yuki pasayadi va limit sezilarli oshadi.","Qo'lda ko'rib chiqish: So'ralgan summada DTI 52.4% — shift 50.0%; taklif: 25 200 000 so'm. Diqqat talab qiladigan omillar: Qarz qoldig'i / yillik daromad (-11), Bank bilan tarix (oy) (-4). Ball 651, tavsiya etilgan limit 25 200 000 so'm.",Qarz qoldig'i / yillik daromad (-11 ball),25200000,25200000,0.5242,0.2652,0.038,v1
AP002469,646.0,0.024747,MAQULLANDI,Tabriklaymiz — kredit ma'qullandi. 19 106 265 so'm miqdorida kredit tasdiqlandi. Oylik to'lov taxminan 1 843 869 so'm bo'ladi. To'sqinlik qildi: o'tmishda 45 kunlik kechikish qayd etilgan; oxirgi oylarda daromadingiz kamaygan. Foydangizga ishladi: yangi kreditsiz ham qarz yukingiz past — daromadning 12% i; oylik daromadingiz 7 859 868 so'm — yetarli daraja; barcha to'lovlardan keyin oyiga 5 102 171 so'm qoladi. Nima qilish mumkin: Qo'shimcha shart yo'q — hujjatlarni tasdiqlash uchun bank xodimi siz bilan bog'lanadi.,"Ma'qullandi: ball 646 (PD 2.5%), DTI 35.1% shift ichida. Asosiy ijobiy omillar: Mavjud qarz yuki (yangi kreditsiz) (+14 ball), Oylik daromad medianasi (+12 ball), To'lovlardan keyingi erkin pul (+8 ball). Tasdiqlangan summa 19 106 265 so'm.",O'tmishdagi maks. kechikish (kun) (-3 ball),19106265,28500000,0.3509,0.2346,0.3215,v1
AP002470,621.8,0.055494,RAD_ETILDI,"Afsuski, hozircha kredit bera olmaymiz. Sabab: kredit tarixingizda 95 kunlik kechikish bor. To'sqinlik qildi: o'tmishda 95 kunlik kechikish qayd etilgan; oxirgi oylarda daromadingiz kamaygan; xarajatlaringiz daromadning 72% ini yeb qo'yadi. Foydangizga ishladi: yangi kreditsiz ham qarz yukingiz past — daromadning 16% i; bandlik turingiz (qurilish) barqaror daromad beradi; bank hisobingizdagi tushum deklaratsiya bilan mos. Nima qilish mumkin: Kechikish yopilgandan keyin 12 oy toza to'lov tarixi to'plang, so'ng qayta murojaat qiling.","Rad etildi: O'tmishda 95 kunlik kechikish (90+ kun — qattiq to'siq); So'ralgan summada DTI 53.2% — shift 50.0%; to'lov qobiliyati qolmagan. Ballga eng ko'p salbiy ta'sir: O'tmishdagi maks. kechikish (kun) (-16 ball), Daromad trendi (2-yarim/1-yarim) (-7 ball). Yakuniy ball 622.",O'tmishdagi maks. kechikish (kun) (-16 ball),0,0,0.532,0.3696,0.3219,v1
AP002471,588.7,0.15613,RAD_ETILDI,"Afsuski, hozircha kredit bera olmaymiz. Sabab: hozirgi daromadingiz mavjud to'lovlardan keyin yangi kreditni ko'tara olmaydi. To'sqinlik qildi: yangi kreditgacha ham mavjud to'lovlaringiz daromadning 126% ini oladi; barcha to'lovlardan keyin qo'lingizda pul umuman qolmaydi; daromadning 19% i naqd yechib olinadi — bank uchun bu ko'rinmas pul. Foydangizga ishladi: oylik daromadingiz 7 190 714 so'm — yetarli daraja; xarajatlaringiz daromadning 67% i — tejamkor; mavjud qarz qoldig'i yillik daromadingizga nisbatan kichik. Nima qilish mumkin: Mavjud kreditlaringizdan birini yopsangiz, qarz yuki pasayadi va limit sezilarli oshadi.","Rad etildi: So'ralgan summada DTI 149.9% — shift 50.0%; to'lov qobiliyati qolmagan. Ballga eng ko'p salbiy ta'sir: Mavjud qarz yuki (yangi kreditsiz) (-19 ball), To'lovlardan keyingi erkin pul (-15 ball). Yakuniy ball 589.",Mavjud qarz yuki (yangi kreditsiz) (-19 ball),0,0,1.4995,0.2366,0.0306,v1
AP002472,626.9,0.046936,QOLDA_KORIB_CHIQISH,Arizangiz bank xodimiga ko'rib chiqishga yuborildi. Ko'rsatkichlaringiz chegaraviy zonada — avtomatik qaror o'rniga bank xodimi arizangizni qo'lda ko'rib chiqadi. To'sqinlik qildi: oylik daromadingiz 2 776 154 so'm — so'ralgan summa uchun kam; oila a'zosiga oyiga atigi 462 692 so'm to'g'ri keladi; bank hisobingizdagi tushum deklaratsiya bilan mos. Foydangizga ishladi: oxirgi oylarda daromadingiz o'sgan; barcha to'lovlardan keyin oyiga 1 938 307 so'm qoladi; ish stajingiz uzoq — 9 yil 3 oy. Nima qilish mumkin: Qo'shimcha shart yo'q — hujjatlarni tasdiqlash uchun bank xodimi siz bilan bog'lanadi.,"Qo'lda ko'rib chiqish: Ball 627 — avtomatik ma'qullash chegarasi 630 dan past. Diqqat talab qiladigan omillar: Oylik daromad medianasi (-3), Jon boshiga daromad (-3). Ball 627, tavsiya etilgan limit 15 264 514 so'm.",Oylik daromad medianasi (-3 ball),15264514,0,0.3018,0.3018,0.0314,v1
AP002473,597.6,0.119452,RAD_ETILDI,"Afsuski, hozircha kredit bera olmaymiz. Sabab: hozirgi daromadingiz mavjud to'lovlardan keyin yangi kreditni ko'tara olmaydi. To'sqinlik qildi: yangi kreditgacha ham mavjud to'lovlaringiz daromadning 66% ini oladi; oylik daromadingiz 1 539 403 so'm — so'ralgan summa uchun kam; bankimiz bilan tarixingiz qisqa — 2 yil 9 oy, sizni hali yaxshi bilmaymiz. Foydangizga ishladi: bank hisobingizdagi tushum deklaratsiya bilan mos; ish stajingiz uzoq — 10 yil 8 oy; bandlik turingiz (xususiy) barqaror daromad beradi. Nima qilish mumkin: Mavjud kreditlaringizdan birini yopsangiz, qarz yuki pasayadi va limit sezilarli oshadi.","Rad etildi: So'ralgan summada DTI 103.2% — shift 50.0%; to'lov qobiliyati qolmagan; Yangi to'lov daromadning 36.8% ini oladi — shift 35.0%. Ballga eng ko'p salbiy ta'sir: Mavjud qarz yuki (yangi kreditsiz) (-19 ball), Oylik daromad medianasi (-11 ball). Yakuniy ball 598.",Mavjud qarz yuki (yangi kreditsiz) (-19 ball),0,0,1.032,0.368,0.0287,v1
AP002474,576.5,0.220154,RAD_ETILDI,"Afsuski, hozircha kredit bera olmaymiz. Sabab: umumiy risk bahosi bankimiz chegarasidan yuqori chiqdi — quyidagi omillar hal qiluvchi bo'ldi. To'sqinlik qildi: ish stajingiz qisqa — atigi 0 oy; oxirgi oylarda daromadingiz kamaygan; bank hisobingizdagi tushum deklaratsiya bilan mos. Foydangizga ishladi: yangi kreditsiz ham qarz yukingiz past — daromadning 0% i; mavjud qarz qoldig'i yillik daromadingizga nisbatan kichik; bandlik turingiz (IT) barqaror daromad beradi. Nima qilish mumkin: To'lov qobiliyatingiz 10 800 000 so'm ga yetadi. Shu summani so'rasangiz, ariza qo'lda ko'rib chiqishga tushadi. Muddatni uzaytiring (hozir 1 yil) — oylik to'lov kamayadi va qarz yuki chegara ichiga tushadi.","Rad etildi: Defolt ehtimoli 22.0% — shift 20.0%; Ball 576.5 — minimal chegara 580. Ballga eng ko'p salbiy ta'sir: Ish staji (oy) (-15 ball), Daromad trendi (2-yarim/1-yarim) (-7 ball). Yakuniy ball 576.",Ish staji (oy) (-15 ball),0,0,1.0397,1.0397,0.0358,v1
AP002475,614.4,0.070625,QOLDA_KORIB_CHIQISH,Arizangiz bank xodimiga ko'rib chiqishga yuborildi. Ko'rsatkichlaringiz chegaraviy zonada — avtomatik qaror o'rniga bank xodimi arizangizni qo'lda ko'rib chiqadi. To'sqinlik qildi: bank hisobingizdagi tushum deklaratsiya bilan mos; oxirgi oylarda daromadingiz kamaygan. Foydangizga ishladi: xarajatlaringiz daromadning 72% i — tejamkor; barcha to'lovlardan keyin oyiga 3 096 689 so'm qoladi; yangi kreditsiz ham qarz yukingiz past — daromadning 4% i. Nima qilish mumkin: Qo'shimcha shart yo'q — hujjatlarni tasdiqlash uchun bank xodimi siz bilan bog'lanadi.,"Qo'lda ko'rib chiqish: Ball 614 — avtomatik ma'qullash chegarasi 630 dan past. Diqqat talab qiladigan omillar: Bank oqimi / deklaratsiya (-4), Daromad trendi (2-yarim/1-yarim) (-2). Ball 614, tavsiya etilgan limit 39 473 454 so'm.",Bank oqimi / deklaratsiya (-4 ball),39473454,0,0.3101,0.2738,0.287,v1
AP002476,643.6,0.026821,MAQULLANDI,"Tabriklaymiz — kredit ma'qullandi. 28 728 829 so'm miqdorida kredit tasdiqlandi. Oylik to'lov taxminan 1 576 882 so'm bo'ladi. To'sqinlik qildi: bankimiz bilan tarixingiz qisqa — 2 yil 11 oy, sizni hali yaxshi bilmaymiz; oxirgi oylarda daromadingiz kamaygan. Foydangizga ishladi: ish stajingiz uzoq — 11 yil 1 oy; barcha to'lovlardan keyin oyiga 7 975 648 so'm qoladi; oylik daromadingiz 9 860 553 so'm — yetarli daraja. Nima qilish mumkin: Qo'shimcha shart yo'q — hujjatlarni tasdiqlash uchun bank xodimi siz bilan bog'lanadi.","Ma'qullandi: ball 644 (PD 2.7%), DTI 19.1% shift ichida. Asosiy ijobiy omillar: Ish staji (oy) (+13 ball), To'lovlardan keyingi erkin pul (+9 ball), Oylik daromad medianasi (+9 ball). Tasdiqlangan summa 28 728 829 so'm.",Bank bilan tarix (oy) (-4 ball),28728829,62800000,0.1912,0.1599,0.1532,v1
AP002477,627.7,0.04573,QOLDA_KORIB_CHIQISH,"Arizangiz bank xodimiga ko'rib chiqishga yuborildi. So'ragan 25 026 208 so'm ni to'liq bera olmaymiz, lekin 23 600 000 so'm sizning to'lov qobiliyatingizga to'g'ri keladi — bunda oylik to'lov 976 181 so'm bo'ladi. Yakuniy qarorni bank xodimi tasdiqlaydi. To'sqinlik qildi: oylik daromadingiz 2 791 322 so'm — so'ralgan summa uchun kam; bank hisobingizdagi tushum deklaratsiya bilan mos. Foydangizga ishladi: bandlik turingiz (byudjet) barqaror daromad beradi; barcha to'lovlardan keyin oyiga 1 756 149 so'm qoladi; xarajatlaringiz daromadning 73% i — tejamkor. Nima qilish mumkin: To'lov qobiliyatingiz 23 600 000 so'm ga yetadi. Shu summani so'rasangiz, ariza qo'lda ko'rib chiqishga tushadi. Muddatni uzaytiring (hozir 3 yil) — oylik to'lov kamayadi va qarz yuki chegara ichiga tushadi.","Qo'lda ko'rib chiqish: Yangi to'lov daromadning 37.1% ini oladi — shift 35.0%; Ball 628 — avtomatik ma'qullash chegarasi 630 dan past. Diqqat talab qiladigan omillar: Oylik daromad medianasi (-3), Bank oqimi / deklaratsiya (-2). Ball 628, tavsiya etilgan limit 23 600 000 so'm.",Oylik daromad medianasi (-3 ball),23600000,0,0.3709,0.3709,0.0302,v1
AP002478,637.0,0.033534,QOLDA_KORIB_CHIQISH,"Arizangiz bank xodimiga ko'rib chiqishga yuborildi. So'ragan 11 091 771 so'm ni to'liq bera olmaymiz, lekin 3 600 000 so'm sizning to'lov qobiliyatingizga to'g'ri keladi — bunda oylik to'lov 649 942 so'm bo'ladi. Yakuniy qarorni bank xodimi tasdiqlaydi. To'sqinlik qildi: oylik daromadingiz 1 872 712 so'm — so'ralgan summa uchun kam; bank hisobingizdagi tushum deklaratsiya bilan mos; oila a'zosiga oyiga atigi 312 119 so'm to'g'ri keladi. Foydangizga ishladi: yangi kreditsiz ham qarz yukingiz past — daromadning 13% i; ish stajingiz uzoq — 10 yil; bandlik turingiz (byudjet) barqaror daromad beradi. Nima qilish mumkin: So'rovni 3 600 000 so'm gacha kamaytiring — bu summada ma'qullanish ehtimoli sezilarli oshadi. Muddatni uzaytiring (hozir 6 oy) — oylik to'lov kamayadi va qarz yuki chegara ichiga tushadi.","Qo'lda ko'rib chiqish: So'ralgan summada DTI 120.1% — shift 50.0%; taklif: 3 600 000 so'm; Yangi to'lov daromadning 106.9% ini oladi — shift 35.0%. Diqqat talab qiladigan omillar: Oylik daromad medianasi (-11), Bank oqimi / deklaratsiya (-4). Ball 637, tavsiya etilgan limit 3 600 000 so'm.",Oylik daromad medianasi (-11 ball),3600000,3600000,1.2009,1.0693,0.0283,v1
AP002479,623.6,0.052349,QOLDA_KORIB_CHIQISH,Arizangiz bank xodimiga ko'rib chiqishga yuborildi. Ko'rsatkichlaringiz chegaraviy zonada — avtomatik qaror o'rniga bank xodimi arizangizni qo'lda ko'rib chiqadi. To'sqinlik qildi: ish stajingiz qisqa — atigi 1 yil 4 oy; oxirgi oylarda daromadingiz kamaygan. Foydangizga ishladi: oylik daromadingiz 5 937 733 so'm — yetarli daraja; barcha to'lovlardan keyin oyiga 5 319 007 so'm qoladi; xarajatlaringiz daromadning 67% i — tejamkor. Nima qilish mumkin: Qo'shimcha shart yo'q — hujjatlarni tasdiqlash uchun bank xodimi siz bilan bog'lanadi.,"Qo'lda ko'rib chiqish: Ball 624 — avtomatik ma'qullash chegarasi 630 dan past. Diqqat talab qiladigan omillar: Ish staji (oy) (-15), Daromad trendi (2-yarim/1-yarim) (-2). Ball 624, tavsiya etilgan limit 14 958 222 so'm.",Ish staji (oy) (-15 ball),14958222,0,0.1042,0.1042,0.2846,v1
AP002480,545.6,0.451619,RAD_ETILDI,"Afsuski, hozircha kredit bera olmaymiz. Sabab: hozirda doimiy ish joyingiz va muntazam daromadingiz yo'q. To'sqinlik qildi: bandlik turingiz (ishsiz) yuqori xavfli guruhda; ish stajingiz qisqa — atigi 0 oy; oxirgi oylarda daromadingiz kamaygan. Foydangizga ishladi: yangi kreditsiz ham qarz yukingiz past — daromadning 8% i; oylik daromadingiz 6 404 606 so'm — yetarli daraja; barcha to'lovlardan keyin oyiga 4 992 698 so'm qoladi. Nima qilish mumkin: Rasmiy ish joyi va muntazam daromad tasdiqlangach murojaat qiling — bu asosiy shart.","Rad etildi: Bandlik holati: ishsiz — doimiy daromad manbai yo'q; Defolt ehtimoli 45.2% — shift 20.0%. Ballga eng ko'p salbiy ta'sir: Bandlik turi (-68 ball), Ish staji (oy) (-15 ball). Yakuniy ball 546.",Bandlik turi (-68 ball),0,0,0.2205,0.1355,0.0384,v1
AP002481,656.3,0.017461,RAD_ETILDI,"Afsuski, hozircha kredit bera olmaymiz. Sabab: hozirgi daromadingiz mavjud to'lovlardan keyin yangi kreditni ko'tara olmaydi. To'sqinlik qildi: mavjud qarz qoldig'i yillik daromadingizdan 0.3 barobar. Foydangizga ishladi: bank hisobingizdagi tushum deklaratsiya bilan mos; ish stajingiz uzoq — 10 yil 11 oy; bandlik turingiz (byudjet) barqaror daromad beradi. Nima qilish mumkin: Mavjud kreditlaringizdan birini yopsangiz, qarz yuki pasayadi va limit sezilarli oshadi.","Rad etildi: So'ralgan summada DTI 76.7% — shift 50.0%; to'lov qobiliyati qolmagan. Ballga eng ko'p salbiy ta'sir: Qarz qoldig'i / yillik daromad (-11 ball), Naqd yechish ulushi (-1 ball). Yakuniy ball 656.",Qarz qoldig'i / yillik daromad (-11 ball),0,0,0.7671,0.2668,0.0302,v1
AP002482,593.1,0.137131,QOLDA_KORIB_CHIQISH,"Arizangiz bank xodimiga ko'rib chiqishga yuborildi. So'ragan 46 698 512 so'm ni to'liq bera olmaymiz, lekin 14 300 000 so'm sizning to'lov qobiliyatingizga to'g'ri keladi — bunda oylik to'lov 784 906 so'm bo'ladi. Yakuniy qarorni bank xodimi tasdiqlaydi. To'sqinlik qildi: ish stajingiz qisqa — atigi 3 oy; bank hisobingizdagi tushum deklaratsiya bilan mos; oylik daromadingiz 2 607 706 so'm — so'ralgan summa uchun kam. Foydangizga ishladi: bandlik turingiz (xususiy) barqaror daromad beradi; yangi kreditsiz ham qarz yukingiz past — daromadning 20% i; xarajatlaringiz daromadning 72% i — tejamkor. Nima qilish mumkin: To'lov qobiliyatingiz 14 300 000 so'm ga yetadi. Shu summani so'rasangiz, ariza qo'lda ko'rib chiqishga tushadi. Muddatni uzaytiring (hozir 2 yil) — oylik to'lov kamayadi va qarz yuki chegara ichiga tushadi.","Qo'lda ko'rib chiqish: So'ralgan summada DTI 118.1% — shift 50.0%; taklif: 14 300 000 so'm; Yangi to'lov daromadning 98.3% ini oladi — shift 35.0%. Diqqat talab qiladigan omillar: Ish staji (oy) (-15), Bank oqimi / deklaratsiya (-11). Ball 593, tavsiya etilgan limit 14 300 000 so'm.",Ish staji (oy) (-15 ball),14300000,0,1.1813,0.9829,0.0343,v1
AP002483,659.8,0.015516,MAQULLANDI,Tabriklaymiz — kredit ma'qullandi. 7 818 826 so'm miqdorida kredit tasdiqlandi. Oylik to'lov taxminan 754 564 so'm bo'ladi. To'sqinlik qildi: sezilarli salbiy omil topilmadi. Foydangizga ishladi: bank hisobingizdagi tushum deklaratsiya bilan mos; ish stajingiz uzoq — 10 yil 9 oy; bandlik turingiz (xususiy) barqaror daromad beradi. Nima qilish mumkin: Qo'shimcha shart yo'q — hujjatlarni tasdiqlash uchun bank xodimi siz bilan bog'lanadi.,"Ma'qullandi: ball 660 (PD 1.6%), DTI 16.4% shift ichida. Asosiy ijobiy omillar: Bank oqimi / deklaratsiya (+14 ball), Ish staji (oy) (+13 ball), Bandlik turi (+9 ball). Tasdiqlangan summa 7 818 826 so'm.",Daromad trendi (2-yarim/1-yarim) (-2 ball),7818826,16600000,0.1639,0.1639,0.0374,v1
AP002484,613.6,0.072471,QOLDA_KORIB_CHIQISH,Arizangiz bank xodimiga ko'rib chiqishga yuborildi. Ko'rsatkichlaringiz chegaraviy zonada — avtomatik qaror o'rniga bank xodimi arizangizni qo'lda ko'rib chiqadi. To'sqinlik qildi: ish stajingiz qisqa — atigi 1 yil 3 oy; oxirgi oylarda daromadingiz kamaygan. Foydangizga ishladi: yangi kreditsiz ham qarz yukingiz past — daromadning 9% i; barcha to'lovlardan keyin oyiga 4 089 146 so'm qoladi; xarajatlaringiz daromadning 74% i — tejamkor. Nima qilish mumkin: Qo'shimcha shart yo'q — hujjatlarni tasdiqlash uchun bank xodimi siz bilan bog'lanadi.,"Qo'lda ko'rib chiqish: Ball 614 — avtomatik ma'qullash chegarasi 630 dan past. Diqqat talab qiladigan omillar: Ish staji (oy) (-15), Daromad trendi (2-yarim/1-yarim) (-7). Ball 614, tavsiya etilgan limit 18 432 874 so'm.",Ish staji (oy) (-15 ball),18432874,0,0.2703,0.1805,0.2561,v1
AP002485,650.0,0.021624,QOLDA_KORIB_CHIQISH,"Arizangiz bank xodimiga ko'rib chiqishga yuborildi. So'ragan 45 317 776 so'm ni to'liq bera olmaymiz, lekin 37 100 000 so'm sizning to'lov qobiliyatingizga to'g'ri keladi — bunda oylik to'lov 2 036 363 so'm bo'ladi. Yakuniy qarorni bank xodimi tasdiqlaydi. To'sqinlik qildi: bankimiz bilan tarixingiz qisqa — 1 yil 6 oy, sizni hali yaxshi bilmaymiz; oxirgi oylarda daromadingiz kamaygan. Foydangizga ishladi: oylik daromadingiz 5 822 768 so'm — yetarli daraja; bandlik turingiz (xususiy) barqaror daromad beradi; bank hisobingizdagi tushum deklaratsiya bilan mos. Nima qilish mumkin: So'rovni 37 100 000 so'm gacha kamaytiring — bu summada ma'qullanish ehtimoli sezilarli oshadi. Muddatni uzaytiring (hozir 2 yil) — oylik to'lov kamayadi va qarz yuki chegara ichiga tushadi. Daromadingizni muntazam bank hisobiga o'tkazing — barqaror oqim ballni oshiradi.","Qo'lda ko'rib chiqish: Yangi to'lov daromadning 42.7% ini oladi — shift 35.0%; Daromad juda o'zgaruvchan (CV 0.36) — barqarorlik past. Diqqat talab qiladigan omillar: Bank bilan tarix (oy) (-4), Daromad trendi (2-yarim/1-yarim) (-2). Ball 650, tavsiya etilgan limit 37 100 000 so'm.",Bank bilan tarix (oy) (-4 ball),37100000,37100000,0.4272,0.4272,0.3562,v1
AP002486,628.5,0.04445,QOLDA_KORIB_CHIQISH,"Arizangiz bank xodimiga ko'rib chiqishga yuborildi. So'ragan 50 233 071 so'm ni to'liq bera olmaymiz, lekin 40 200 000 so'm sizning to'lov qobiliyatingizga to'g'ri keladi — bunda oylik to'lov 1 251 660 so'm bo'ladi. Yakuniy qarorni bank xodimi tasdiqlaydi. To'sqinlik qildi: bankimiz bilan tarixingiz qisqa — 7 oy, sizni hali yaxshi bilmaymiz; oxirgi oylarda daromadingiz kamaygan. Foydangizga ishladi: yangi kreditsiz ham qarz yukingiz past — daromadning 13% i; barcha to'lovlardan keyin oyiga 1 559 346 so'm qoladi; xarajatlaringiz daromadning 72% i — tejamkor. Nima qilish mumkin: To'lov qobiliyatingiz 40 200 000 so'm ga yetadi. Shu summani so'rasangiz, ariza qo'lda ko'rib chiqishga tushadi.","Qo'lda ko'rib chiqish: So'ralgan summada DTI 56.4% — shift 50.0%; taklif: 40 200 000 so'm; Yangi to'lov daromadning 43.7% ini oladi — shift 35.0%. Diqqat talab qiladigan omillar: Bank bilan tarix (oy) (-4), Daromad trendi (2-yarim/1-yarim) (-2). Ball 629, tavsiya etilgan limit 40 200 000 so'm.",Bank bilan tarix (oy) (-4 ball),40200000,0,0.5641,0.4372,0.1798,v1
AP002487,613.1,0.073646,QOLDA_KORIB_CHIQISH,"Arizangiz bank xodimiga ko'rib chiqishga yuborildi. So'ragan 17 686 268 so'm ni to'liq bera olmaymiz, lekin 7 400 000 so'm sizning to'lov qobiliyatingizga to'g'ri keladi — bunda oylik to'lov 1 335 991 so'm bo'ladi. Yakuniy qarorni bank xodimi tasdiqlaydi. To'sqinlik qildi: ish stajingiz qisqa — atigi 1 yil; oxirgi oylarda daromadingiz kamaygan. Foydangizga ishladi: bank hisobingizdagi tushum deklaratsiya bilan mos; xarajatlaringiz daromadning 68% i — tejamkor; yangi kreditsiz ham qarz yukingiz past — daromadning 0% i. Nima qilish mumkin: To'lov qobiliyatingiz 7 400 000 so'm ga yetadi. Shu summani so'rasangiz, ariza qo'lda ko'rib chiqishga tushadi. Muddatni uzaytiring (hozir 6 oy) — oylik to'lov kamayadi va qarz yuki chegara ichiga tushadi.","Qo'lda ko'rib chiqish: So'ralgan summada DTI 83.5% — shift 50.0%; taklif: 7 400 000 so'm; Yangi to'lov daromadning 83.5% ini oladi — shift 35.0%. Diqqat talab qiladigan omillar: Ish staji (oy) (-15), Daromad trendi (2-yarim/1-yarim) (-7). Ball 613, tavsiya etilgan limit 7 400 000 so'm.",Ish staji (oy) (-15 ball),7400000,0,0.8353,0.8353,0.2297,v1
AP002488,615.2,0.068749,QOLDA_KORIB_CHIQISH,Arizangiz bank xodimiga ko'rib chiqishga yuborildi. Ko'rsatkichlaringiz chegaraviy zonada — avtomatik qaror o'rniga bank xodimi arizangizni qo'lda ko'rib chiqadi. To'sqinlik qildi: ish stajingiz qisqa — atigi 2 yil; bank hisobingizdagi tushum deklaratsiya bilan mos. Foydangizga ishladi: bandlik turingiz (qurilish) barqaror daromad beradi; oxirgi oylarda daromadingiz o'sgan; xarajatlaringiz daromadning 73% i — tejamkor. Nima qilish mumkin: Qo'shimcha shart yo'q — hujjatlarni tasdiqlash uchun bank xodimi siz bilan bog'lanadi.,"Qo'lda ko'rib chiqish: Ball 615 — avtomatik ma'qullash chegarasi 630 dan past. Diqqat talab qiladigan omillar: Ish staji (oy) (-15), Bank oqimi / deklaratsiya (-11). Ball 615, tavsiya etilgan limit 26 627 031 so'm.",Ish staji (oy) (-15 ball),26627031,0,0.2299,0.2299,0.0349,v1
AP002489,639.8,0.03054,QOLDA_KORIB_CHIQISH,"Arizangiz bank xodimiga ko'rib chiqishga yuborildi. So'ragan 28 880 216 so'm ni to'liq bera olmaymiz, lekin 4 300 000 so'm sizning to'lov qobiliyatingizga to'g'ri keladi — bunda oylik to'lov 133 884 so'm bo'ladi. Yakuniy qarorni bank xodimi tasdiqlaydi. To'sqinlik qildi: daromadning 20% i naqd yechib olinadi — bank uchun bu ko'rinmas pul; oylik daromadingiz 2 996 084 so'm — so'ralgan summa uchun kam. Foydangizga ishladi: bank hisobingizdagi tushum deklaratsiya bilan mos; ish stajingiz uzoq — 9 yil 11 oy; bandlik turingiz (xususiy) barqaror daromad beradi. Nima qilish mumkin: So'rovni 4 300 000 so'm gacha kamaytiring — bu summada ma'qullanish ehtimoli sezilarli oshadi.","Qo'lda ko'rib chiqish: So'ralgan summada DTI 75.5% — shift 50.0%; taklif: 4 300 000 so'm. Diqqat talab qiladigan omillar: Naqd yechish ulushi (-4), Oylik daromad medianasi (-3). Ball 640, tavsiya etilgan limit 4 300 000 so'm.",Naqd yechish ulushi (-4 ball),4300000,4300000,0.7553,0.3001,0.0338,v1
AP002490,644.6,0.02593,MAQULLANDI,"Tabriklaymiz — kredit ma'qullandi. 18 785 059 so'm miqdorida kredit tasdiqlandi. Oylik to'lov taxminan 1 812 871 so'm bo'ladi. To'sqinlik qildi: bankimiz bilan tarixingiz qisqa — 2 yil 5 oy, sizni hali yaxshi bilmaymiz; bank hisobingizdagi tushum deklaratsiya bilan mos. Foydangizga ishladi: barcha to'lovlardan keyin oyiga 6 953 784 so'm qoladi; oylik daromadingiz 8 766 654 so'm — yetarli daraja; oxirgi oylarda daromadingiz o'sgan. Nima qilish mumkin: Qo'shimcha shart yo'q — hujjatlarni tasdiqlash uchun bank xodimi siz bilan bog'lanadi.","Ma'qullandi: ball 645 (PD 2.6%), DTI 20.7% shift ichida. Asosiy ijobiy omillar: To'lovlardan keyingi erkin pul (+9 ball), Oylik daromad medianasi (+9 ball), Daromad trendi (2-yarim/1-yarim) (+8 ball). Tasdiqlangan summa 18 785 059 so'm.",Bank bilan tarix (oy) (-4 ball),18785059,31700000,0.2068,0.2068,0.0284,v1
AP002491,613.1,0.073502,RAD_ETILDI,"Afsuski, hozircha kredit bera olmaymiz. Sabab: hozirgi daromadingiz mavjud to'lovlardan keyin yangi kreditni ko'tara olmaydi. To'sqinlik qildi: bank hisobingizdagi tushum deklaratsiya bilan mos; oxirgi oylarda daromadingiz kamaygan. Foydangizga ishladi: yangi kreditsiz ham qarz yukingiz past — daromadning 50% i; barcha to'lovlardan keyin oyiga 1 466 499 so'm qoladi; mavjud qarz qoldig'i yillik daromadingizga nisbatan kichik. Nima qilish mumkin: Mavjud kreditlaringizdan birini yopsangiz, qarz yuki pasayadi va limit sezilarli oshadi.","Rad etildi: So'ralgan summada DTI 61.8% — shift 50.0%; to'lov qobiliyati qolmagan. Ballga eng ko'p salbiy ta'sir: Bank oqimi / deklaratsiya (-11 ball), Daromad trendi (2-yarim/1-yarim) (-2 ball). Yakuniy ball 613.",Bank oqimi / deklaratsiya (-11 ball),0,0,0.6182,0.1194,0.3017,v1
AP002492,647.5,0.023541,QOLDA_KORIB_CHIQISH,Arizangiz bank xodimiga ko'rib chiqishga yuborildi. Ko'rsatkichlaringiz chegaraviy zonada — avtomatik qaror o'rniga bank xodimi arizangizni qo'lda ko'rib chiqadi. Foydangizga ishladi: bank hisobingizdagi tushum deklaratsiya bilan mos; oxirgi oylarda daromadingiz o'sgan; xarajatlaringiz daromadning 68% i — tejamkor. Nima qilish mumkin: Daromadingizni muntazam bank hisobiga o'tkazing — barqaror oqim ballni oshiradi.,"Qo'lda ko'rib chiqish: Daromad juda o'zgaruvchan (CV 0.36) — barqarorlik past. Diqqat talab qiladigan omillar: Bandlik turi (-1), Daromad o'zgaruvchanligi (CV) (-1). Ball 647, tavsiya etilgan limit 15 818 403 so'm.",Bandlik turi (-1 ball),15818403,26900000,0.2054,0.2054,0.3616,v1
AP002493,634.0,0.037103,QOLDA_KORIB_CHIQISH,"Arizangiz bank xodimiga ko'rib chiqishga yuborildi. Ko'rsatkichlaringiz chegaraviy zonada — avtomatik qaror o'rniga bank xodimi arizangizni qo'lda ko'rib chiqadi. To'sqinlik qildi: bankimiz bilan tarixingiz qisqa — 3 oy, sizni hali yaxshi bilmaymiz; oxirgi oylarda daromadingiz kamaygan. Foydangizga ishladi: yangi kreditsiz ham qarz yukingiz past — daromadning 11% i; barcha to'lovlardan keyin oyiga 9 601 545 so'm qoladi; oylik daromadingiz 11 071 896 so'm — yetarli daraja. Nima qilish mumkin: Qo'shimcha shart yo'q — hujjatlarni tasdiqlash uchun bank xodimi siz bilan bog'lanadi.","Qo'lda ko'rib chiqish: so'ralgan 7 621 228 so'm o'rniga to'lov qobiliyati 0 so'm ga yetadi (skorkarta bali / PD chegarasi). Diqqat talab qiladigan omillar: Bank bilan tarix (oy) (-4), Daromad trendi (2-yarim/1-yarim) (-2). Ball 634, tavsiya etilgan limit 0 so'm.",Bank bilan tarix (oy) (-4 ball),0,0,0.1328,0.0214,0.2839,v1
AP002494,615.3,0.068446,QOLDA_KORIB_CHIQISH,"Arizangiz bank xodimiga ko'rib chiqishga yuborildi. So'ragan 36 769 741 so'm ni to'liq bera olmaymiz, lekin 17 100 000 so'm sizning to'lov qobiliyatingizga to'g'ri keladi — bunda oylik to'lov 707 317 so'm bo'ladi. Yakuniy qarorni bank xodimi tasdiqlaydi. To'sqinlik qildi: oxirgi oylarda daromadingiz kamaygan; oylik daromadingiz 2 781 628 so'm — so'ralgan summa uchun kam; oila a'zosiga oyiga atigi 397 375 so'm to'g'ri keladi. Foydangizga ishladi: bandlik turingiz (xususiy) barqaror daromad beradi; yangi kreditsiz ham qarz yukingiz past — daromadning 24% i; xarajatlaringiz daromadning 74% i — tejamkor. Nima qilish mumkin: To'lov qobiliyatingiz 17 100 000 so'm ga yetadi. Shu summani so'rasangiz, ariza qo'lda ko'rib chiqishga tushadi. Muddatni uzaytiring (hozir 3 yil) — oylik to'lov kamayadi va qarz yuki chegara ichiga tushadi.","Qo'lda ko'rib chiqish: So'ralgan summada DTI 79.1% — shift 50.0%; taklif: 17 100 000 so'm; Yangi to'lov daromadning 54.7% ini oladi — shift 35.0%. Diqqat talab qiladigan omillar: Daromad trendi (2-yarim/1-yarim) (-7), Oylik daromad medianasi (-3). Ball 615, tavsiya etilgan limit 17 100 000 so'm.",Daromad trendi (2-yarim/1-yarim) (-7 ball),17100000,0,0.7911,0.5468,0.2663,v1
AP002495,661.1,0.014834,MAQULLANDI,Tabriklaymiz — kredit ma'qullandi. 10 333 189 so'm miqdorida kredit tasdiqlandi. Oylik to'lov taxminan 1 865 547 so'm bo'ladi. To'sqinlik qildi: bank hisobingizdagi tushum deklaratsiya bilan mos. Foydangizga ishladi: yangi kreditsiz ham qarz yukingiz past — daromadning 5% i; barcha to'lovlardan keyin oyiga 12 535 639 so'm qoladi; oylik daromadingiz 15 084 904 so'm — yetarli daraja. Nima qilish mumkin: Qo'shimcha shart yo'q — hujjatlarni tasdiqlash uchun bank xodimi siz bilan bog'lanadi.,"Ma'qullandi: ball 661 (PD 1.5%), DTI 16.9% shift ichida. Asosiy ijobiy omillar: Mavjud qarz yuki (yangi kreditsiz) (+14 ball), To'lovlardan keyingi erkin pul (+9 ball), Oylik daromad medianasi (+9 ball). Tasdiqlangan summa 10 333 189 so'm.",Bank oqimi / deklaratsiya (-4 ball),10333189,29200000,0.169,0.1237,0.0288,v1
AP002496,541.5,0.48706,RAD_ETILDI,"Afsuski, hozircha kredit bera olmaymiz. Sabab: hozirgi daromadingiz mavjud to'lovlardan keyin yangi kreditni ko'tara olmaydi. To'sqinlik qildi: yangi kreditgacha ham mavjud to'lovlaringiz daromadning 164% ini oladi; barcha to'lovlardan keyin qo'lingizda pul umuman qolmaydi; mavjud qarz qoldig'i yillik daromadingizdan 0.4 barobar. Foydangizga ishladi: bandlik turingiz (transport) barqaror daromad beradi; bankimiz bilan tarixingiz uzoq — 6 yil 10 oy. Nima qilish mumkin: Mavjud kreditlaringizdan birini yopsangiz, qarz yuki pasayadi va limit sezilarli oshadi.","Rad etildi: So'ralgan summada DTI 210.6% — shift 50.0%; to'lov qobiliyati qolmagan; Yangi to'lov daromadning 47.0% ini oladi — shift 35.0%. Ballga eng ko'p salbiy ta'sir: Mavjud qarz yuki (yangi kreditsiz) (-19 ball), To'lovlardan keyingi erkin pul (-15 ball). Yakuniy ball 541.",Mavjud qarz yuki (yangi kreditsiz) (-19 ball),0,0,2.106,0.47,0.2815,v1
AP002497,629.0,0.043765,QOLDA_KORIB_CHIQISH,Arizangiz bank xodimiga ko'rib chiqishga yuborildi. Ko'rsatkichlaringiz chegaraviy zonada — avtomatik qaror o'rniga bank xodimi arizangizni qo'lda ko'rib chiqadi. To'sqinlik qildi: mavjud qarz qoldig'i yillik daromadingizdan 0.2 barobar; o'tmishda 45 kunlik kechikish qayd etilgan; bank hisobingizdagi tushum deklaratsiya bilan mos. Foydangizga ishladi: yangi kreditsiz ham qarz yukingiz past — daromadning 16% i; barcha to'lovlardan keyin oyiga 8 355 788 so'm qoladi; oylik daromadingiz 10 728 060 so'm — yetarli daraja. Nima qilish mumkin: Qo'shimcha shart yo'q — hujjatlarni tasdiqlash uchun bank xodimi siz bilan bog'lanadi.,"Qo'lda ko'rib chiqish: Ball 629 — avtomatik ma'qullash chegarasi 630 dan past. Diqqat talab qiladigan omillar: Qarz qoldig'i / yillik daromad (-11), O'tmishdagi maks. kechikish (kun) (-3). Ball 629, tavsiya etilgan limit 14 714 706 so'm.",Qarz qoldig'i / yillik daromad (-11 ball),14714706,0,0.2211,0.0567,0.0372,v1
AP002498,574.3,0.233364,RAD_ETILDI,"Afsuski, hozircha kredit bera olmaymiz. Sabab: umumiy risk bahosi bankimiz chegarasidan yuqori chiqdi — quyidagi omillar hal qiluvchi bo'ldi. To'sqinlik qildi: barcha to'lovlardan keyin qo'lingizda pul umuman qolmaydi; oylik daromadingiz 1 077 031 so'm — so'ralgan summa uchun kam; oxirgi oylarda daromadingiz kamaygan. Foydangizga ishladi: yangi kreditsiz ham qarz yukingiz past — daromadning 0% i; mavjud qarz qoldig'i yillik daromadingizga nisbatan kichik; ish stajingiz uzoq — 13 yil 6 oy. Nima qilish mumkin: To'lov qobiliyatingiz 3 900 000 so'm ga yetadi. Shu summani so'rasangiz, ariza qo'lda ko'rib chiqishga tushadi. Muddatni uzaytiring (hozir 1 yil) — oylik to'lov kamayadi va qarz yuki chegara ichiga tushadi.","Rad etildi: Defolt ehtimoli 23.3% — shift 20.0%; Ball 574.3 — minimal chegara 580. Ballga eng ko'p salbiy ta'sir: To'lovlardan keyingi erkin pul (-15 ball), Oylik daromad medianasi (-11 ball). Yakuniy ball 574.",To'lovlardan keyingi erkin pul (-15 ball),0,0,2.6681,2.6681,0.323,v1
AP002499,650.9,0.020969,MAQULLANDI,"Tabriklaymiz — kredit ma'qullandi. 19 630 360 so'm miqdorida kredit tasdiqlandi. Oylik to'lov taxminan 1 894 447 so'm bo'ladi. To'sqinlik qildi: bankimiz bilan tarixingiz qisqa — 10 oy, sizni hali yaxshi bilmaymiz; xarajatlaringiz daromadning 70% ini yeb qo'yadi. Foydangizga ishladi: bank hisobingizdagi tushum deklaratsiya bilan mos; oylik daromadingiz 5 847 998 so'm — yetarli daraja; barcha to'lovlardan keyin oyiga 3 953 551 so'm qoladi. Nima qilish mumkin: Qo'shimcha shart yo'q — hujjatlarni tasdiqlash uchun bank xodimi siz bilan bog'lanadi.","Ma'qullandi: ball 651 (PD 2.1%), DTI 32.4% shift ichida. Asosiy ijobiy omillar: Bank oqimi / deklaratsiya (+14 ball), Oylik daromad medianasi (+12 ball), To'lovlardan keyingi erkin pul (+8 ball). Tasdiqlangan summa 19 630 360 so'm.",Bank bilan tarix (oy) (-4 ball),19630360,21200000,0.3239,0.3239,0.2749,v1
AP002500,599.2,0.114029,QOLDA_KORIB_CHIQISH,"Arizangiz bank xodimiga ko'rib chiqishga yuborildi. So'ragan 18 265 377 so'm ni to'liq bera olmaymiz, lekin 15 000 000 so'm sizning to'lov qobiliyatingizga to'g'ri keladi — bunda oylik to'lov 467 037 so'm bo'ladi. Yakuniy qarorni bank xodimi tasdiqlaydi. To'sqinlik qildi: oylik daromadingiz 1 340 103 so'm — so'ralgan summa uchun kam; bankimiz bilan tarixingiz qisqa — 2 yil 9 oy, sizni hali yaxshi bilmaymiz; xarajatlaringiz daromadning 70% ini yeb qo'yadi. Foydangizga ishladi: bandlik turingiz (byudjet) barqaror daromad beradi; yangi kreditsiz ham qarz yukingiz past — daromadning 0% i; mavjud qarz qoldig'i yillik daromadingizga nisbatan kichik. Nima qilish mumkin: To'lov qobiliyatingiz 15 000 000 so'm ga yetadi. Shu summani so'rasangiz, ariza qo'lda ko'rib chiqishga tushadi.","Qo'lda ko'rib chiqish: Yangi to'lov daromadning 42.4% ini oladi — shift 35.0%; Ball 599 — avtomatik ma'qullash chegarasi 630 dan past. Diqqat talab qiladigan omillar: Oylik daromad medianasi (-11), Bank bilan tarix (oy) (-4). Ball 599, tavsiya etilgan limit 15 000 000 so'm.",Oylik daromad medianasi (-11 ball),15000000,0,0.4244,0.4244,0.0257,v1
AP002501,620.3,0.058273,QOLDA_KORIB_CHIQISH,Arizangiz bank xodimiga ko'rib chiqishga yuborildi. Ko'rsatkichlaringiz chegaraviy zonada — avtomatik qaror o'rniga bank xodimi arizangizni qo'lda ko'rib chiqadi. To'sqinlik qildi: bank hisobingizdagi tushum deklaratsiya bilan mos; oylik daromadingiz 3 409 013 so'm — so'ralgan summa uchun kam; oxirgi oylarda daromadingiz kamaygan. Foydangizga ishladi: yangi kreditsiz ham qarz yukingiz past — daromadning 17% i; xarajatlaringiz daromadning 66% i — tejamkor; barcha to'lovlardan keyin oyiga 2 598 641 so'm qoladi. Nima qilish mumkin: Qo'shimcha shart yo'q — hujjatlarni tasdiqlash uchun bank xodimi siz bilan bog'lanadi.,"Qo'lda ko'rib chiqish: Ball 620 — avtomatik ma'qullash chegarasi 630 dan past. Diqqat talab qiladigan omillar: Bank oqimi / deklaratsiya (-11), Oylik daromad medianasi (-3). Ball 620, tavsiya etilgan limit 7 556 388 so'm.",Bank oqimi / deklaratsiya (-11 ball),7556388,0,0.2377,0.069,0.2511,v1
AP002502,638.9,0.031495,MAQULLANDI,Tabriklaymiz — kredit ma'qullandi. 4 245 218 so'm miqdorida kredit tasdiqlandi. Oylik to'lov taxminan 175 597 so'm bo'ladi. To'sqinlik qildi: daromadning 19% i naqd yechib olinadi — bank uchun bu ko'rinmas pul; xarajatlaringiz daromadning 71% ini yeb qo'yadi; oxirgi oylarda daromadingiz kamaygan. Foydangizga ishladi: bandlik turingiz (qurilish) barqaror daromad beradi; bank hisobingizdagi tushum deklaratsiya bilan mos; yangi kreditsiz ham qarz yukingiz past — daromadning 22% i. Nima qilish mumkin: Qo'shimcha shart yo'q — hujjatlarni tasdiqlash uchun bank xodimi siz bilan bog'lanadi.,"Ma'qullandi: ball 639 (PD 3.1%), DTI 26.9% shift ichida. Asosiy ijobiy omillar: Bandlik turi (+9 ball), Bank oqimi / deklaratsiya (+8 ball), Mavjud qarz yuki (yangi kreditsiz) (+8 ball). Tasdiqlangan summa 4 245 218 so'm.",Naqd yechish ulushi (-4 ball),4245218,25500000,0.2689,0.0461,0.2816,v1
AP002503,624.3,0.051058,QOLDA_KORIB_CHIQISH,"Arizangiz bank xodimiga ko'rib chiqishga yuborildi. So'ragan 38 772 793 so'm ni to'liq bera olmaymiz, lekin 16 800 000 so'm sizning to'lov qobiliyatingizga to'g'ri keladi — bunda oylik to'lov 3 033 060 so'm bo'ladi. Yakuniy qarorni bank xodimi tasdiqlaydi. To'sqinlik qildi: bank hisobingizdagi tushum deklaratsiya bilan mos; xarajatlaringiz daromadning 69% ini yeb qo'yadi. Foydangizga ishladi: oylik daromadingiz 10 780 242 so'm — yetarli daraja; yangi kreditsiz ham qarz yukingiz past — daromadning 22% i; barcha to'lovlardan keyin oyiga 1 425 241 so'm qoladi. Nima qilish mumkin: To'lov qobiliyatingiz 16 800 000 so'm ga yetadi. Shu summani so'rasangiz, ariza qo'lda ko'rib chiqishga tushadi. Muddatni uzaytiring (hozir 6 oy) — oylik to'lov kamayadi va qarz yuki chegara ichiga tushadi.","Qo'lda ko'rib chiqish: So'ralgan summada DTI 86.8% — shift 50.0%; taklif: 16 800 000 so'm; Yangi to'lov daromadning 64.9% ini oladi — shift 35.0%. Diqqat talab qiladigan omillar: Bank oqimi / deklaratsiya (-11), Sarf intensivligi (chiqim/kirim) (-2). Ball 624, tavsiya etilgan limit 16 800 000 so'm.",Bank oqimi / deklaratsiya (-11 ball),16800000,0,0.8678,0.6493,0.0289,v1
AP002504,645.8,0.024921,QOLDA_KORIB_CHIQISH,"Arizangiz bank xodimiga ko'rib chiqishga yuborildi. So'ragan 16 454 595 so'm ni to'liq bera olmaymiz, lekin 7 900 000 so'm sizning to'lov qobiliyatingizga to'g'ri keladi — bunda oylik to'lov 1 426 261 so'm bo'ladi. Yakuniy qarorni bank xodimi tasdiqlaydi. To'sqinlik qildi: xarajatlaringiz daromadning 64% ini yeb qo'yadi. Foydangizga ishladi: bank hisobingizdagi tushum deklaratsiya bilan mos; bandlik turingiz (byudjet) barqaror daromad beradi; barcha to'lovlardan keyin oyiga 1 129 306 so'm qoladi. Nima qilish mumkin: So'rovni 7 900 000 so'm gacha kamaytiring — bu summada ma'qullanish ehtimoli sezilarli oshadi. Muddatni uzaytiring (hozir 6 oy) — oylik to'lov kamayadi va qarz yuki chegara ichiga tushadi.","Qo'lda ko'rib chiqish: So'ralgan summada DTI 72.5% — shift 50.0%; taklif: 7 900 000 so'm; Yangi to'lov daromadning 72.5% ini oladi — shift 35.0%. Diqqat talab qiladigan omillar: Sarf intensivligi (chiqim/kirim) (-3), Daromad trendi (2-yarim/1-yarim) (-2). Ball 646, tavsiya etilgan limit 7 900 000 so'm.",Sarf intensivligi (chiqim/kirim) (-3 ball),7900000,7900000,0.7246,0.7246,0.0301,v1
AP002505,618.3,0.062179,QOLDA_KORIB_CHIQISH,"Arizangiz bank xodimiga ko'rib chiqishga yuborildi. So'ragan 35 817 607 so'm ni to'liq bera olmaymiz, lekin 4 700 000 so'm sizning to'lov qobiliyatingizga to'g'ri keladi — bunda oylik to'lov 453 578 so'm bo'ladi. Yakuniy qarorni bank xodimi tasdiqlaydi. To'sqinlik qildi: oxirgi oylarda daromadingiz kamaygan; bankimiz bilan tarixingiz qisqa — 1 yil 9 oy, sizni hali yaxshi bilmaymiz. Foydangizga ishladi: oylik daromadingiz 7 122 242 so'm — yetarli daraja; yangi kreditsiz ham qarz yukingiz past — daromadning 44% i; xarajatlaringiz daromadning 73% i — tejamkor. Nima qilish mumkin: To'lov qobiliyatingiz 4 700 000 so'm ga yetadi. Shu summani so'rasangiz, ariza qo'lda ko'rib chiqishga tushadi. Muddatni uzaytiring (hozir 1 yil) — oylik to'lov kamayadi va qarz yuki chegara ichiga tushadi. Mavjud kreditlaringizdan birini yopsangiz, qarz yuki pasayadi va limit sezilarli oshadi.","Qo'lda ko'rib chiqish: So'ralgan summada DTI 92.1% — shift 50.0%; taklif: 4 700 000 so'm; Yangi to'lov daromadning 48.5% ini oladi — shift 35.0%. Diqqat talab qiladigan omillar: Daromad trendi (2-yarim/1-yarim) (-7), Bank bilan tarix (oy) (-4). Ball 618, tavsiya etilgan limit 4 700 000 so'm.",Daromad trendi (2-yarim/1-yarim) (-7 ball),4700000,0,0.9207,0.4853,0.2117,v1
AP002506,641.1,0.029204,QOLDA_KORIB_CHIQISH,"Arizangiz bank xodimiga ko'rib chiqishga yuborildi. So'ragan 20 684 003 so'm ni to'liq bera olmaymiz, lekin 17 200 000 so'm sizning to'lov qobiliyatingizga to'g'ri keladi — bunda oylik to'lov 1 659 903 so'm bo'ladi. Yakuniy qarorni bank xodimi tasdiqlaydi. To'sqinlik qildi: daromadning 19% i naqd yechib olinadi — bank uchun bu ko'rinmas pul; xarajatlaringiz daromadning 60% ini yeb qo'yadi. Foydangizga ishladi: ish stajingiz uzoq — 10 yil 7 oy; bandlik turingiz (byudjet) barqaror daromad beradi; bank hisobingizdagi tushum deklaratsiya bilan mos. Nima qilish mumkin: So'rovni 17 200 000 so'm gacha kamaytiring — bu summada ma'qullanish ehtimoli sezilarli oshadi. Muddatni uzaytiring (hozir 1 yil) — oylik to'lov kamayadi va qarz yuki chegara ichiga tushadi.","Qo'lda ko'rib chiqish: Yangi to'lov daromadning 41.9% ini oladi — shift 35.0%. Diqqat talab qiladigan omillar: Naqd yechish ulushi (-4), Sarf intensivligi (chiqim/kirim) (-3). Ball 641, tavsiya etilgan limit 17 200 000 so'm.",Naqd yechish ulushi (-4 ball),17200000,17200000,0.4188,0.4188,0.0267,v1
AP002507,605.3,0.094111,QOLDA_KORIB_CHIQISH,"Arizangiz bank xodimiga ko'rib chiqishga yuborildi. So'ragan 76 097 392 so'm ni to'liq bera olmaymiz, lekin 35 200 000 so'm sizning to'lov qobiliyatingizga to'g'ri keladi — bunda oylik to'lov 1 932 075 so'm bo'ladi. Yakuniy qarorni bank xodimi tasdiqlaydi. To'sqinlik qildi: bank hisobingizdagi tushum deklaratsiya bilan mos; bankimiz bilan tarixingiz qisqa — 2 yil 1 oy, sizni hali yaxshi bilmaymiz; xarajatlaringiz daromadning 62% ini yeb qo'yadi. Foydangizga ishladi: bandlik turingiz (xususiy) barqaror daromad beradi; barcha to'lovlardan keyin oyiga 1 346 196 so'm qoladi; yangi kreditsiz ham qarz yukingiz past — daromadning 0% i. Nima qilish mumkin: To'lov qobiliyatingiz 35 200 000 so'm ga yetadi. Shu summani so'rasangiz, ariza qo'lda ko'rib chiqishga tushadi. Muddatni uzaytiring (hozir 2 yil) — oylik to'lov kamayadi va qarz yuki chegara ichiga tushadi.","Qo'lda ko'rib chiqish: So'ralgan summada DTI 75.6% — shift 50.0%; taklif: 35 200 000 so'm; Yangi to'lov daromadning 75.6% ini oladi — shift 35.0%. Diqqat talab qiladigan omillar: Bank oqimi / deklaratsiya (-11), Bank bilan tarix (oy) (-4). Ball 605, tavsiya etilgan limit 35 200 000 so'm.",Bank oqimi / deklaratsiya (-11 ball),35200000,0,0.7563,0.7563,0.2627,v1
AP002508,559.3,0.338767,RAD_ETILDI,"Afsuski, hozircha kredit bera olmaymiz. Sabab: hozirgi daromadingiz mavjud to'lovlardan keyin yangi kreditni ko'tara olmaydi. To'sqinlik qildi: yangi kreditgacha ham mavjud to'lovlaringiz daromadning 85% ini oladi; barcha to'lovlardan keyin qo'lingizda pul umuman qolmaydi; ish stajingiz qisqa — atigi 7 oy. Foydangizga ishladi: bandlik turingiz (byudjet) barqaror daromad beradi; oxirgi oylarda daromadingiz o'sgan; mavjud qarz qoldig'i yillik daromadingizga nisbatan kichik. Nima qilish mumkin: Mavjud kreditlaringizdan birini yopsangiz, qarz yuki pasayadi va limit sezilarli oshadi.","Rad etildi: So'ralgan summada DTI 168.7% — shift 50.0%; to'lov qobiliyati qolmagan; Yangi to'lov daromadning 83.6% ini oladi — shift 35.0%. Ballga eng ko'p salbiy ta'sir: Mavjud qarz yuki (yangi kreditsiz) (-19 ball), To'lovlardan keyingi erkin pul (-15 ball). Yakuniy ball 559.",Mavjud qarz yuki (yangi kreditsiz) (-19 ball),0,0,1.6872,0.8361,0.021,v1
AP002509,662.6,0.014057,MAQULLANDI,Tabriklaymiz — kredit ma'qullandi. 20 293 302 so'm miqdorida kredit tasdiqlandi. Oylik to'lov taxminan 1 958 425 so'm bo'ladi. To'sqinlik qildi: sezilarli salbiy omil topilmadi. Foydangizga ishladi: ish stajingiz uzoq — 10 yil 4 oy; oylik daromadingiz 6 750 055 so'm — yetarli daraja; bandlik turingiz (xususiy) barqaror daromad beradi. Nima qilish mumkin: Qo'shimcha shart yo'q — hujjatlarni tasdiqlash uchun bank xodimi siz bilan bog'lanadi.,"Ma'qullandi: ball 663 (PD 1.4%), DTI 46.8% shift ichida. Asosiy ijobiy omillar: Ish staji (oy) (+13 ball), Oylik daromad medianasi (+12 ball), Bandlik turi (+9 ball). Tasdiqlangan summa 20 293 302 so'm.",Daromad trendi (2-yarim/1-yarim) (-2 ball),20293302,22500000,0.468,0.2901,0.2347,v1
AP002510,628.2,0.044871,QOLDA_KORIB_CHIQISH,"Arizangiz bank xodimiga ko'rib chiqishga yuborildi. So'ragan 65 748 557 so'm ni to'liq bera olmaymiz, lekin 64 600 000 so'm sizning to'lov qobiliyatingizga to'g'ri keladi — bunda oylik to'lov 3 545 797 so'm bo'ladi. Yakuniy qarorni bank xodimi tasdiqlaydi. To'sqinlik qildi: ish stajingiz qisqa — atigi 1 yil 8 oy; bank hisobingizdagi tushum deklaratsiya bilan mos. Foydangizga ishladi: barcha to'lovlardan keyin oyiga 6 525 202 so'm qoladi; bandlik turingiz (xususiy) barqaror daromad beradi; oylik daromadingiz 10 134 042 so'm — yetarli daraja. Nima qilish mumkin: To'lov qobiliyatingiz 64 600 000 so'm ga yetadi. Shu summani so'rasangiz, ariza qo'lda ko'rib chiqishga tushadi. Muddatni uzaytiring (hozir 2 yil) — oylik to'lov kamayadi va qarz yuki chegara ichiga tushadi.","Qo'lda ko'rib chiqish: Yangi to'lov daromadning 35.6% ini oladi — shift 35.0%; Ball 628 — avtomatik ma'qullash chegarasi 630 dan past. Diqqat talab qiladigan omillar: Ish staji (oy) (-15), Bank oqimi / deklaratsiya (-11). Ball 628, tavsiya etilgan limit 64 600 000 so'm.",Ish staji (oy) (-15 ball),64600000,0,0.3561,0.3561,0.0356,v1
AP002511,609.4,0.082857,QOLDA_KORIB_CHIQISH,"Arizangiz bank xodimiga ko'rib chiqishga yuborildi. So'ragan 32 267 973 so'm ni to'liq bera olmaymiz, lekin 10 800 000 so'm sizning to'lov qobiliyatingizga to'g'ri keladi — bunda oylik to'lov 1 042 265 so'm bo'ladi. Yakuniy qarorni bank xodimi tasdiqlaydi. To'sqinlik qildi: ish stajingiz qisqa — atigi 2 yil; oxirgi oylarda daromadingiz kamaygan; oylik daromadingiz 2 998 448 so'm — so'ralgan summa uchun kam. Foydangizga ishladi: bandlik turingiz (xususiy) barqaror daromad beradi; bank hisobingizdagi tushum deklaratsiya bilan mos; xarajatlaringiz daromadning 68% i — tejamkor. Nima qilish mumkin: To'lov qobiliyatingiz 10 800 000 so'm ga yetadi. Shu summani so'rasangiz, ariza qo'lda ko'rib chiqishga tushadi. Muddatni uzaytiring (hozir 1 yil) — oylik to'lov kamayadi va qarz yuki chegara ichiga tushadi.","Qo'lda ko'rib chiqish: So'ralgan summada DTI 103.9% — shift 50.0%; taklif: 10 800 000 so'm; Yangi to'lov daromadning 103.9% ini oladi — shift 35.0%. Diqqat talab qiladigan omillar: Ish staji (oy) (-15), Daromad trendi (2-yarim/1-yarim) (-7). Ball 609, tavsiya etilgan limit 10 800 000 so'm.",Ish staji (oy) (-15 ball),10800000,0,1.0386,1.0386,0.2116,v1
AP002512,611.7,0.077023,QOLDA_KORIB_CHIQISH,Arizangiz bank xodimiga ko'rib chiqishga yuborildi. Ko'rsatkichlaringiz chegaraviy zonada — avtomatik qaror o'rniga bank xodimi arizangizni qo'lda ko'rib chiqadi. To'sqinlik qildi: bank hisobingizdagi tushum deklaratsiya bilan mos; oxirgi oylarda daromadingiz kamaygan. Foydangizga ishladi: barcha to'lovlardan keyin oyiga 3 128 020 so'm qoladi; yangi kreditsiz ham qarz yukingiz past — daromadning 0% i; mavjud qarz qoldig'i yillik daromadingizga nisbatan kichik. Nima qilish mumkin: Qo'shimcha shart yo'q — hujjatlarni tasdiqlash uchun bank xodimi siz bilan bog'lanadi.,"Qo'lda ko'rib chiqish: Ball 612 — avtomatik ma'qullash chegarasi 630 dan past. Diqqat talab qiladigan omillar: Bank oqimi / deklaratsiya (-11), Daromad trendi (2-yarim/1-yarim) (-2). Ball 612, tavsiya etilgan limit 6 301 608 so'm.",Bank oqimi / deklaratsiya (-11 ball),6301608,0,0.0996,0.0996,0.2795,v1
AP002513,639.0,0.031364,MAQULLANDI,"Tabriklaymiz — kredit ma'qullandi. 9 389 558 so'm miqdorida kredit tasdiqlandi. Oylik to'lov taxminan 388 386 so'm bo'ladi. To'sqinlik qildi: bankimiz bilan tarixingiz qisqa — 1 yil 3 oy, sizni hali yaxshi bilmaymiz; xarajatlaringiz daromadning 68% ini yeb qo'yadi; bank hisobingizdagi tushum deklaratsiya bilan mos. Foydangizga ishladi: ish stajingiz uzoq — 10 yil 6 oy; bandlik turingiz (byudjet) barqaror daromad beradi; barcha to'lovlardan keyin oyiga 4 509 178 so'm qoladi. Nima qilish mumkin: Qo'shimcha shart yo'q — hujjatlarni tasdiqlash uchun bank xodimi siz bilan bog'lanadi.","Ma'qullandi: ball 639 (PD 3.1%), DTI 7.9% shift ichida. Asosiy ijobiy omillar: Ish staji (oy) (+13 ball), Bandlik turi (+11 ball), To'lovlardan keyingi erkin pul (+8 ball). Tasdiqlangan summa 9 389 558 so'm.",Bank bilan tarix (oy) (-4 ball),9389558,41400000,0.0793,0.0793,0.0311,v1
AP002514,661.5,0.014615,MAQULLANDI,"Tabriklaymiz — kredit ma'qullandi. 6 180 824 so'm miqdorida kredit tasdiqlandi. Oylik to'lov taxminan 192 445 so'm bo'ladi. To'sqinlik qildi: daromadning 19% i naqd yechib olinadi — bank uchun bu ko'rinmas pul; bankimiz bilan tarixingiz qisqa — 2 yil, sizni hali yaxshi bilmaymiz; xarajatlaringiz daromadning 71% ini yeb qo'yadi. Foydangizga ishladi: bank hisobingizdagi tushum deklaratsiya bilan mos; yangi kreditsiz ham qarz yukingiz past — daromadning 7% i; ish stajingiz uzoq — 11 yil 6 oy. Nima qilish mumkin: Qo'shimcha shart yo'q — hujjatlarni tasdiqlash uchun bank xodimi siz bilan bog'lanadi.","Ma'qullandi: ball 662 (PD 1.5%), DTI 8.4% shift ichida. Asosiy ijobiy omillar: Bank oqimi / deklaratsiya (+14 ball), Mavjud qarz yuki (yangi kreditsiz) (+14 ball), Ish staji (oy) (+13 ball). Tasdiqlangan summa 6 180 824 so'm.",Naqd yechish ulushi (-4 ball),6180824,182800000,0.0836,0.0118,0.0279,v1
AP002515,492.9,0.836513,RAD_ETILDI,"Afsuski, hozircha kredit bera olmaymiz. Sabab: hozirda doimiy ish joyingiz va muntazam daromadingiz yo'q. To'sqinlik qildi: bandlik turingiz (ishsiz) yuqori xavfli guruhda; yangi kreditgacha ham mavjud to'lovlaringiz daromadning 76% ini oladi; barcha to'lovlardan keyin qo'lingizda pul umuman qolmaydi. Foydangizga ishladi: bank hisobingizdagi tushum deklaratsiya bilan mos; oxirgi oylarda daromadingiz o'sgan; xarajatlaringiz daromadning 72% i — tejamkor. Nima qilish mumkin: Mavjud kreditlaringizdan birini yopsangiz, qarz yuki pasayadi va limit sezilarli oshadi. Rasmiy ish joyi va muntazam daromad tasdiqlangach murojaat qiling — bu asosiy shart.","Rad etildi: Bandlik holati: ishsiz — doimiy daromad manbai yo'q; So'ralgan summada DTI 117.9% — shift 50.0%; to'lov qobiliyati qolmagan. Ballga eng ko'p salbiy ta'sir: Bandlik turi (-68 ball), Mavjud qarz yuki (yangi kreditsiz) (-19 ball). Yakuniy ball 493.",Bandlik turi (-68 ball),0,0,1.1794,0.4216,0.0266,v1
AP002516,549.0,0.422775,RAD_ETILDI,"Afsuski, hozircha kredit bera olmaymiz. Sabab: hozirgi daromadingiz mavjud to'lovlardan keyin yangi kreditni ko'tara olmaydi. To'sqinlik qildi: yangi kreditgacha ham mavjud to'lovlaringiz daromadning 145% ini oladi; barcha to'lovlardan keyin qo'lingizda pul umuman qolmaydi; ish stajingiz qisqa — atigi 5 oy. Foydangizga ishladi: bandlik turingiz (byudjet) barqaror daromad beradi; bank hisobingizdagi tushum deklaratsiya bilan mos; bankimiz bilan tarixingiz uzoq — 5 yil 9 oy. Nima qilish mumkin: Mavjud kreditlaringizdan birini yopsangiz, qarz yuki pasayadi va limit sezilarli oshadi.","Rad etildi: So'ralgan summada DTI 174.6% — shift 50.0%; to'lov qobiliyati qolmagan; Defolt ehtimoli 42.3% — shift 20.0%. Ballga eng ko'p salbiy ta'sir: Mavjud qarz yuki (yangi kreditsiz) (-19 ball), To'lovlardan keyingi erkin pul (-15 ball). Yakuniy ball 549.",Mavjud qarz yuki (yangi kreditsiz) (-19 ball),0,0,1.7461,0.2918,0.0262,v1
AP002517,619.2,0.060404,QOLDA_KORIB_CHIQISH,"Arizangiz bank xodimiga ko'rib chiqishga yuborildi. Ko'rsatkichlaringiz chegaraviy zonada — avtomatik qaror o'rniga bank xodimi arizangizni qo'lda ko'rib chiqadi. To'sqinlik qildi: bank hisobingizdagi tushum deklaratsiya bilan mos; bankimiz bilan tarixingiz qisqa — 2 yil 6 oy, sizni hali yaxshi bilmaymiz; oylik daromadingiz 3 375 230 so'm — so'ralgan summa uchun kam. Foydangizga ishladi: yangi kreditsiz ham qarz yukingiz past — daromadning 9% i; bandlik turingiz (xususiy) barqaror daromad beradi; barcha to'lovlardan keyin oyiga 2 067 248 so'm qoladi. Nima qilish mumkin: Qo'shimcha shart yo'q — hujjatlarni tasdiqlash uchun bank xodimi siz bilan bog'lanadi.","Qo'lda ko'rib chiqish: Ball 619 — avtomatik ma'qullash chegarasi 630 dan past. Diqqat talab qiladigan omillar: Bank oqimi / deklaratsiya (-4), Bank bilan tarix (oy) (-4). Ball 619, tavsiya etilgan limit 23 930 499 so'm.",Bank oqimi / deklaratsiya (-4 ball),23930499,0,0.3875,0.2933,0.1733,v1
AP002518,623.0,0.053293,QOLDA_KORIB_CHIQISH,Arizangiz bank xodimiga ko'rib chiqishga yuborildi. Ko'rsatkichlaringiz chegaraviy zonada — avtomatik qaror o'rniga bank xodimi arizangizni qo'lda ko'rib chiqadi. To'sqinlik qildi: bank hisobingizdagi tushum deklaratsiya bilan mos; oxirgi oylarda daromadingiz kamaygan; oylik daromadingiz 3 390 710 so'm — so'ralgan summa uchun kam. Foydangizga ishladi: yangi kreditsiz ham qarz yukingiz past — daromadning 8% i; bandlik turingiz (xususiy) barqaror daromad beradi; xarajatlaringiz daromadning 67% i — tejamkor. Nima qilish mumkin: Qo'shimcha shart yo'q — hujjatlarni tasdiqlash uchun bank xodimi siz bilan bog'lanadi.,"Qo'lda ko'rib chiqish: Ball 623 — avtomatik ma'qullash chegarasi 630 dan past. Diqqat talab qiladigan omillar: Bank oqimi / deklaratsiya (-11), Daromad trendi (2-yarim/1-yarim) (-7). Ball 623, tavsiya etilgan limit 11 928 725 so'm.",Bank oqimi / deklaratsiya (-11 ball),11928725,0,0.4243,0.3395,0.2502,v1
AP002519,672.3,0.010106,MAQULLANDI,Tabriklaymiz — kredit ma'qullandi. 6 763 646 so'm miqdorida kredit tasdiqlandi. Oylik to'lov taxminan 279 769 so'm bo'ladi. To'sqinlik qildi: sezilarli salbiy omil topilmadi. Foydangizga ishladi: bank hisobingizdagi tushum deklaratsiya bilan mos; oylik daromadingiz 7 239 810 so'm — yetarli daraja; barcha to'lovlardan keyin oyiga 6 960 041 so'm qoladi. Nima qilish mumkin: Qo'shimcha shart yo'q — hujjatlarni tasdiqlash uchun bank xodimi siz bilan bog'lanadi.,"Ma'qullandi: ball 672 (PD 1.0%), DTI 3.9% shift ichida. Asosiy ijobiy omillar: Bank oqimi / deklaratsiya (+14 ball), Oylik daromad medianasi (+12 ball), To'lovlardan keyingi erkin pul (+9 ball). Tasdiqlangan summa 6 763 646 so'm.",salbiy omil yo'q,6763646,61200000,0.0386,0.0386,0.0275,v1
AP002520,646.6,0.024294,MAQULLANDI,Tabriklaymiz — kredit ma'qullandi. 6 168 511 so'm miqdorida kredit tasdiqlandi. Oylik to'lov taxminan 595 298 so'm bo'ladi. To'sqinlik qildi: xarajatlaringiz daromadning 63% ini yeb qo'yadi; oila a'zosiga oyiga atigi 519 271 so'm to'g'ri keladi; bank hisobingizdagi tushum deklaratsiya bilan mos. Foydangizga ishladi: yangi kreditsiz ham qarz yukingiz past — daromadning 12% i; bandlik turingiz (byudjet) barqaror daromad beradi; oxirgi oylarda daromadingiz o'sgan. Nima qilish mumkin: Qo'shimcha shart yo'q — hujjatlarni tasdiqlash uchun bank xodimi siz bilan bog'lanadi.,"Ma'qullandi: ball 647 (PD 2.4%), DTI 28.7% shift ichida. Asosiy ijobiy omillar: Mavjud qarz yuki (yangi kreditsiz) (+14 ball), Bandlik turi (+11 ball), Daromad trendi (2-yarim/1-yarim) (+7 ball). Tasdiqlangan summa 6 168 511 so'm.",Sarf intensivligi (chiqim/kirim) (-3 ball),6168511,13100000,0.2872,0.1638,0.0314,v1
AP002521,659.4,0.015712,MAQULLANDI,Tabriklaymiz — kredit ma'qullandi. 8 563 249 so'm miqdorida kredit tasdiqlandi. Oylik to'lov taxminan 470 024 so'm bo'ladi. To'sqinlik qildi: bank hisobingizdagi tushum deklaratsiya bilan mos; xarajatlaringiz daromadning 69% ini yeb qo'yadi. Foydangizga ishladi: yangi kreditsiz ham qarz yukingiz past — daromadning 5% i; barcha to'lovlardan keyin oyiga 10 986 695 so'm qoladi; bandlik turingiz (qurilish) barqaror daromad beradi. Nima qilish mumkin: Qo'shimcha shart yo'q — hujjatlarni tasdiqlash uchun bank xodimi siz bilan bog'lanadi.,"Ma'qullandi: ball 659 (PD 1.6%), DTI 9.0% shift ichida. Asosiy ijobiy omillar: Mavjud qarz yuki (yangi kreditsiz) (+14 ball), To'lovlardan keyingi erkin pul (+9 ball), Bandlik turi (+9 ball). Tasdiqlangan summa 8 563 249 so'm.",Bank oqimi / deklaratsiya (-4 ball),8563249,76900000,0.0896,0.0389,0.0296,v1
AP002522,635.6,0.035108,MAQULLANDI,"Tabriklaymiz — kredit ma'qullandi. 5 158 933 so'm miqdorida kredit tasdiqlandi. Oylik to'lov taxminan 160 628 so'm bo'ladi. To'sqinlik qildi: bank hisobingizdagi tushum deklaratsiya bilan mos; oxirgi oylarda daromadingiz kamaygan; bankimiz bilan tarixingiz qisqa — 3 oy, sizni hali yaxshi bilmaymiz. Foydangizga ishladi: yangi kreditsiz ham qarz yukingiz past — daromadning 10% i; oylik daromadingiz 7 235 448 so'm — yetarli daraja; barcha to'lovlardan keyin oyiga 6 371 918 so'm qoladi. Nima qilish mumkin: Qo'shimcha shart yo'q — hujjatlarni tasdiqlash uchun bank xodimi siz bilan bog'lanadi.","Ma'qullandi: ball 636 (PD 3.5%), DTI 11.9% shift ichida. Asosiy ijobiy omillar: Mavjud qarz yuki (yangi kreditsiz) (+14 ball), Oylik daromad medianasi (+12 ball), To'lovlardan keyingi erkin pul (+9 ball). Tasdiqlangan summa 5 158 933 so'm.",Bank oqimi / deklaratsiya (-11 ball),5158933,81300000,0.1193,0.0222,0.0343,v1
AP002523,622.9,0.053425,QOLDA_KORIB_CHIQISH,"Arizangiz bank xodimiga ko'rib chiqishga yuborildi. So'ragan 16 487 175 so'm ni to'liq bera olmaymiz, lekin 10 000 000 so'm sizning to'lov qobiliyatingizga to'g'ri keladi — bunda oylik to'lov 413 636 so'm bo'ladi. Yakuniy qarorni bank xodimi tasdiqlaydi. To'sqinlik qildi: oylik daromadingiz 1 847 320 so'm — so'ralgan summa uchun kam; oila a'zosiga oyiga atigi 369 464 so'm to'g'ri keladi; xarajatlaringiz daromadning 70% ini yeb qo'yadi. Foydangizga ishladi: bank hisobingizdagi tushum deklaratsiya bilan mos; bandlik turingiz (qurilish) barqaror daromad beradi; yangi kreditsiz ham qarz yukingiz past — daromadning 27% i. Nima qilish mumkin: So'rovni 6 500 000 so'm gacha kamaytiring — bu summada ma'qullanish ehtimoli sezilarli oshadi. Muddatni uzaytiring (hozir 3 yil) — oylik to'lov kamayadi va qarz yuki chegara ichiga tushadi.","Qo'lda ko'rib chiqish: So'ralgan summada DTI 64.3% — shift 50.0%; taklif: 10 000 000 so'm; Yangi to'lov daromadning 36.9% ini oladi — shift 35.0%. Diqqat talab qiladigan omillar: Oylik daromad medianasi (-11), Jon boshiga daromad (-3). Ball 623, tavsiya etilgan limit 10 000 000 so'm.",Oylik daromad medianasi (-11 ball),10000000,6500000,0.6431,0.3692,0.0332,v1
AP002524,642.7,0.027714,MAQULLANDI,Tabriklaymiz — kredit ma'qullandi. 15 136 929 so'm miqdorida kredit tasdiqlandi. Oylik to'lov taxminan 830 843 so'm bo'ladi. To'sqinlik qildi: oxirgi oylarda daromadingiz kamaygan. Foydangizga ishladi: yangi kreditsiz ham qarz yukingiz past — daromadning 8% i; oylik daromadingiz 6 057 826 so'm — yetarli daraja; barcha to'lovlardan keyin oyiga 4 755 273 so'm qoladi. Nima qilish mumkin: Qo'shimcha shart yo'q — hujjatlarni tasdiqlash uchun bank xodimi siz bilan bog'lanadi.,"Ma'qullandi: ball 643 (PD 2.8%), DTI 21.5% shift ichida. Asosiy ijobiy omillar: Mavjud qarz yuki (yangi kreditsiz) (+14 ball), Oylik daromad medianasi (+12 ball), To'lovlardan keyingi erkin pul (+8 ball). Tasdiqlangan summa 15 136 929 so'm.",Daromad trendi (2-yarim/1-yarim) (-7 ball),15136929,38600000,0.215,0.1372,0.1825,v1
AP002525,649.4,0.022027,MAQULLANDI,Tabriklaymiz — kredit ma'qullandi. 10 612 711 so'm miqdorida kredit tasdiqlandi. Oylik to'lov taxminan 1 024 190 so'm bo'ladi. To'sqinlik qildi: bank hisobingizdagi tushum deklaratsiya bilan mos. Foydangizga ishladi: barcha to'lovlardan keyin oyiga 10 032 214 so'm qoladi; bandlik turingiz (xususiy) barqaror daromad beradi; oylik daromadingiz 11 056 404 so'm — yetarli daraja. Nima qilish mumkin: Qo'shimcha shart yo'q — hujjatlarni tasdiqlash uchun bank xodimi siz bilan bog'lanadi.,"Ma'qullandi: ball 649 (PD 2.2%), DTI 9.3% shift ichida. Asosiy ijobiy omillar: To'lovlardan keyingi erkin pul (+9 ball), Bandlik turi (+9 ball), Oylik daromad medianasi (+9 ball). Tasdiqlangan summa 10 612 711 so'm.",Bank oqimi / deklaratsiya (-2 ball),10612711,40000000,0.0926,0.0926,0.0365,v1
AP002526,644.2,0.026308,MAQULLANDI,"Tabriklaymiz — kredit ma'qullandi. 9 975 214 so'm miqdorida kredit tasdiqlandi. Oylik to'lov taxminan 962 668 so'm bo'ladi. To'sqinlik qildi: bankimiz bilan tarixingiz qisqa — 1 yil, sizni hali yaxshi bilmaymiz; oxirgi oylarda daromadingiz kamaygan; bank hisobingizdagi tushum deklaratsiya bilan mos. Foydangizga ishladi: ish stajingiz uzoq — 10 yil 6 oy; oylik daromadingiz 7 113 994 so'm — yetarli daraja; barcha to'lovlardan keyin oyiga 6 151 327 so'm qoladi. Nima qilish mumkin: Qo'shimcha shart yo'q — hujjatlarni tasdiqlash uchun bank xodimi siz bilan bog'lanadi.","Ma'qullandi: ball 644 (PD 2.6%), DTI 13.5% shift ichida. Asosiy ijobiy omillar: Ish staji (oy) (+13 ball), Oylik daromad medianasi (+12 ball), To'lovlardan keyingi erkin pul (+9 ball). Tasdiqlangan summa 9 975 214 so'm.",Bank bilan tarix (oy) (-4 ball),9975214,25800000,0.1353,0.1353,0.2564,v1
AP002527,623.7,0.052061,QOLDA_KORIB_CHIQISH,Arizangiz bank xodimiga ko'rib chiqishga yuborildi. Ko'rsatkichlaringiz chegaraviy zonada — avtomatik qaror o'rniga bank xodimi arizangizni qo'lda ko'rib chiqadi. To'sqinlik qildi: oxirgi oylarda daromadingiz kamaygan; oylik daromadingiz 2 931 772 so'm — so'ralgan summa uchun kam; xarajatlaringiz daromadning 69% ini yeb qo'yadi. Foydangizga ishladi: bandlik turingiz (xususiy) barqaror daromad beradi; bank hisobingizdagi tushum deklaratsiya bilan mos; barcha to'lovlardan keyin oyiga 1 925 984 so'm qoladi. Nima qilish mumkin: Daromadingizni muntazam bank hisobiga o'tkazing — barqaror oqim ballni oshiradi.,"Qo'lda ko'rib chiqish: Ball 624 — avtomatik ma'qullash chegarasi 630 dan past; Daromad juda o'zgaruvchan (CV 0.42) — barqarorlik past. Diqqat talab qiladigan omillar: Daromad trendi (2-yarim/1-yarim) (-7), Oylik daromad medianasi (-3). Ball 624, tavsiya etilgan limit 5 571 015 so'm.",Daromad trendi (2-yarim/1-yarim) (-7 ball),5571015,0,0.3431,0.3431,0.4211,v1
AP002528,633.0,0.038284,MAQULLANDI,Tabriklaymiz — kredit ma'qullandi. 2 108 115 so'm miqdorida kredit tasdiqlandi. Oylik to'lov taxminan 380 598 so'm bo'ladi. To'sqinlik qildi: bank hisobingizdagi tushum deklaratsiya bilan mos; oylik daromadingiz 2 577 784 so'm — so'ralgan summa uchun kam; oila a'zosiga oyiga atigi 368 255 so'm to'g'ri keladi. Foydangizga ishladi: yangi kreditsiz ham qarz yukingiz past — daromadning 14% i; barcha to'lovlardan keyin oyiga 1 843 209 so'm qoladi; xarajatlaringiz daromadning 74% i — tejamkor. Nima qilish mumkin: Qo'shimcha shart yo'q — hujjatlarni tasdiqlash uchun bank xodimi siz bilan bog'lanadi.,"Ma'qullandi: ball 633 (PD 3.8%), DTI 28.5% shift ichida. Asosiy ijobiy omillar: Mavjud qarz yuki (yangi kreditsiz) (+14 ball), To'lovlardan keyingi erkin pul (+7 ball), Sarf intensivligi (chiqim/kirim) (+5 ball). Tasdiqlangan summa 2 108 115 so'm.",Bank oqimi / deklaratsiya (-4 ball),2108115,4900000,0.285,0.1476,0.026,v1
AP002529,643.1,0.027324,MAQULLANDI,Tabriklaymiz — kredit ma'qullandi. 17 729 829 so'm miqdorida kredit tasdiqlandi. Oylik to'lov taxminan 733 369 so'm bo'ladi. To'sqinlik qildi: daromadning 20% i naqd yechib olinadi — bank uchun bu ko'rinmas pul; oylik daromadingiz 2 853 662 so'm — so'ralgan summa uchun kam; oila a'zosiga oyiga atigi 407 666 so'm to'g'ri keladi. Foydangizga ishladi: bank hisobingizdagi tushum deklaratsiya bilan mos; ish stajingiz uzoq — 11 yil 7 oy; bandlik turingiz (qurilish) barqaror daromad beradi. Nima qilish mumkin: Qo'shimcha shart yo'q — hujjatlarni tasdiqlash uchun bank xodimi siz bilan bog'lanadi.,"Ma'qullandi: ball 643 (PD 2.7%), DTI 25.7% shift ichida. Asosiy ijobiy omillar: Bank oqimi / deklaratsiya (+14 ball), Ish staji (oy) (+13 ball), Bandlik turi (+9 ball). Tasdiqlangan summa 17 729 829 so'm.",Naqd yechish ulushi (-4 ball),17729829,24100000,0.257,0.257,0.0397,v1
AP002530,650.9,0.020946,MAQULLANDI,Tabriklaymiz — kredit ma'qullandi. 10 435 876 so'm miqdorida kredit tasdiqlandi. Oylik to'lov taxminan 324 930 so'm bo'ladi. To'sqinlik qildi: bank hisobingizdagi tushum deklaratsiya bilan mos. Foydangizga ishladi: barcha to'lovlardan keyin oyiga 23 777 424 so'm qoladi; oylik daromadingiz 24 102 354 so'm — yetarli daraja; xarajatlaringiz daromadning 67% i — tejamkor. Nima qilish mumkin: Qo'shimcha shart yo'q — hujjatlarni tasdiqlash uchun bank xodimi siz bilan bog'lanadi.,"Ma'qullandi: ball 651 (PD 2.1%), DTI 1.3% shift ichida. Asosiy ijobiy omillar: To'lovlardan keyingi erkin pul (+9 ball), Oylik daromad medianasi (+9 ball), Sarf intensivligi (chiqim/kirim) (+7 ball). Tasdiqlangan summa 10 435 876 so'm.",Bank oqimi / deklaratsiya (-2 ball),10435876,270900000,0.0135,0.0135,0.0281,v1
AP002531,636.6,0.03391,MAQULLANDI,Tabriklaymiz — kredit ma'qullandi. 26 645 031 so'm miqdorida kredit tasdiqlandi. Oylik to'lov taxminan 1 102 134 so'm bo'ladi. To'sqinlik qildi: xarajatlaringiz daromadning 70% ini yeb qo'yadi; bank hisobingizdagi tushum deklaratsiya bilan mos. Foydangizga ishladi: ish stajingiz uzoq — 10 yil 7 oy; oxirgi oylarda daromadingiz o'sgan; barcha to'lovlardan keyin oyiga 3 339 689 so'm qoladi. Nima qilish mumkin: Qo'shimcha shart yo'q — hujjatlarni tasdiqlash uchun bank xodimi siz bilan bog'lanadi.,"Ma'qullandi: ball 637 (PD 3.4%), DTI 24.8% shift ichida. Asosiy ijobiy omillar: Ish staji (oy) (+13 ball), Daromad trendi (2-yarim/1-yarim) (+7 ball), To'lovlardan keyingi erkin pul (+5 ball). Tasdiqlangan summa 26 645 031 so'm.",Sarf intensivligi (chiqim/kirim) (-2 ball),26645031,37500000,0.2481,0.2481,0.0333,v1
AP002532,617.2,0.064365,QOLDA_KORIB_CHIQISH,"Arizangiz bank xodimiga ko'rib chiqishga yuborildi. So'ragan 13 014 253 so'm ni to'liq bera olmaymiz, lekin 6 300 000 so'm sizning to'lov qobiliyatingizga to'g'ri keladi — bunda oylik to'lov 260 591 so'm bo'ladi. Yakuniy qarorni bank xodimi tasdiqlaydi. To'sqinlik qildi: oxirgi oylarda daromadingiz kamaygan; bank hisobingizdagi tushum deklaratsiya bilan mos; oylik daromadingiz 2 991 882 so'm — so'ralgan summa uchun kam. Foydangizga ishladi: yangi kreditsiz ham qarz yukingiz past — daromadning 41% i; xarajatlaringiz daromadning 67% i — tejamkor; barcha to'lovlardan keyin oyiga 1 219 159 so'm qoladi. Nima qilish mumkin: To'lov qobiliyatingiz 6 300 000 so'm ga yetadi. Shu summani so'rasangiz, ariza qo'lda ko'rib chiqishga tushadi. Muddatni uzaytiring (hozir 3 yil) — oylik to'lov kamayadi va qarz yuki chegara ichiga tushadi. Mavjud kreditlaringizdan birini yopsangiz, qarz yuki pasayadi va limit sezilarli oshadi.","Qo'lda ko'rib chiqish: So'ralgan summada DTI 59.3% — shift 50.0%; taklif: 6 300 000 so'm; Ball 617 — avtomatik ma'qullash chegarasi 630 dan past. Diqqat talab qiladigan omillar: Daromad trendi (2-yarim/1-yarim) (-7), Bank oqimi / deklaratsiya (-4). Ball 617, tavsiya etilgan limit 6 300 000 so'm.",Daromad trendi (2-yarim/1-yarim) (-7 ball),6300000,0,0.5925,0.1799,0.0371,v1
AP002533,591.5,0.143544,RAD_ETILDI,"Afsuski, hozircha kredit bera olmaymiz. Sabab: hozirgi daromadingiz mavjud to'lovlardan keyin yangi kreditni ko'tara olmaydi. To'sqinlik qildi: yangi kreditgacha ham mavjud to'lovlaringiz daromadning 359% ini oladi; barcha to'lovlardan keyin qo'lingizda pul umuman qolmaydi; bank hisobingizdagi tushum deklaratsiya bilan mos. Foydangizga ishladi: oylik daromadingiz 5 818 356 so'm — yetarli daraja; oxirgi oylarda daromadingiz o'sgan; ish stajingiz uzoq — 7 yil 6 oy. Nima qilish mumkin: Mavjud kreditlaringizdan birini yopsangiz, qarz yuki pasayadi va limit sezilarli oshadi.","Rad etildi: So'ralgan summada DTI 371.7% — shift 50.0%; to'lov qobiliyati qolmagan. Ballga eng ko'p salbiy ta'sir: Mavjud qarz yuki (yangi kreditsiz) (-19 ball), To'lovlardan keyingi erkin pul (-15 ball). Yakuniy ball 592.",Mavjud qarz yuki (yangi kreditsiz) (-19 ball),0,0,3.7168,0.1305,0.0427,v1
AP002534,621.0,0.056993,QOLDA_KORIB_CHIQISH,"Arizangiz bank xodimiga ko'rib chiqishga yuborildi. So'ragan 55 589 984 so'm ni to'liq bera olmaymiz, lekin 5 000 000 so'm sizning to'lov qobiliyatingizga to'g'ri keladi — bunda oylik to'lov 206 818 so'm bo'ladi. Yakuniy qarorni bank xodimi tasdiqlaydi. To'sqinlik qildi: barcha to'lovlardan keyin qo'lingizda pul umuman qolmaydi; oylik daromadingiz 593 750 so'm — so'ralgan summa uchun kam; oila a'zosiga oyiga atigi 148 438 so'm to'g'ri keladi. Foydangizga ishladi: bank hisobingizdagi tushum deklaratsiya bilan mos; ish stajingiz uzoq — 10 yil 6 oy; bandlik turingiz (qurilish) barqaror daromad beradi. Nima qilish mumkin: So'rovni 5 000 000 so'm gacha kamaytiring — bu summada ma'qullanish ehtimoli sezilarli oshadi. Muddatni uzaytiring (hozir 3 yil) — oylik to'lov kamayadi va qarz yuki chegara ichiga tushadi.","Qo'lda ko'rib chiqish: So'ralgan summada DTI 387.3% — shift 50.0%; taklif: 5 000 000 so'm; Yangi to'lov daromadning 387.3% ini oladi — shift 35.0%. Diqqat talab qiladigan omillar: To'lovlardan keyingi erkin pul (-15), Oylik daromad medianasi (-11). Ball 621, tavsiya etilgan limit 5 000 000 so'm.",To'lovlardan keyingi erkin pul (-15 ball),5000000,5000000,3.8727,3.8727,0.0347,v1
AP002535,599.7,0.112023,RAD_ETILDI,"Afsuski, hozircha kredit bera olmaymiz. Sabab: hozirgi daromadingiz mavjud to'lovlardan keyin yangi kreditni ko'tara olmaydi. To'sqinlik qildi: yangi kreditgacha ham mavjud to'lovlaringiz daromadning 100% ini oladi; barcha to'lovlardan keyin qo'lingizda pul umuman qolmaydi; mavjud qarz qoldig'i yillik daromadingizdan 0.6 barobar. Foydangizga ishladi: bank hisobingizdagi tushum deklaratsiya bilan mos; ish stajingiz uzoq — 10 yil 7 oy; bandlik turingiz (xususiy) barqaror daromad beradi. Nima qilish mumkin: Mavjud kreditlaringizdan birini yopsangiz, qarz yuki pasayadi va limit sezilarli oshadi.","Rad etildi: So'ralgan summada DTI 116.9% — shift 50.0%; to'lov qobiliyati qolmagan. Ballga eng ko'p salbiy ta'sir: Mavjud qarz yuki (yangi kreditsiz) (-19 ball), To'lovlardan keyingi erkin pul (-15 ball). Yakuniy ball 600.",Mavjud qarz yuki (yangi kreditsiz) (-19 ball),0,0,1.1687,0.1726,0.0369,v1
AP002536,631.9,0.039747,QOLDA_KORIB_CHIQISH,"Arizangiz bank xodimiga ko'rib chiqishga yuborildi. So'ragan 12 109 915 so'm ni to'liq bera olmaymiz, lekin 5 500 000 so'm sizning to'lov qobiliyatingizga to'g'ri keladi — bunda oylik to'lov 992 966 so'm bo'ladi. Yakuniy qarorni bank xodimi tasdiqlaydi. To'sqinlik qildi: xarajatlaringiz daromadning 69% ini yeb qo'yadi; bank hisobingizdagi tushum deklaratsiya bilan mos. Foydangizga ishladi: bandlik turingiz (qurilish) barqaror daromad beradi; yangi kreditsiz ham qarz yukingiz past — daromadning 31% i; barcha to'lovlardan keyin oyiga 1 461 772 so'm qoladi. Nima qilish mumkin: So'rovni 5 500 000 so'm gacha kamaytiring — bu summada ma'qullanish ehtimoli sezilarli oshadi. Muddatni uzaytiring (hozir 6 oy) — oylik to'lov kamayadi va qarz yuki chegara ichiga tushadi. Mavjud kreditlaringizdan birini yopsangiz, qarz yuki pasayadi va limit sezilarli oshadi.","Qo'lda ko'rib chiqish: So'ralgan summada DTI 72.4% — shift 50.0%; taklif: 5 500 000 so'm; Yangi to'lov daromadning 41.2% ini oladi — shift 35.0%. Diqqat talab qiladigan omillar: Sarf intensivligi (chiqim/kirim) (-2), Bank oqimi / deklaratsiya (-2). Ball 632, tavsiya etilgan limit 5 500 000 so'm.",Sarf intensivligi (chiqim/kirim) (-2 ball),5500000,5500000,0.7245,0.4121,0.0307,v1
AP002537,629.4,0.043197,QOLDA_KORIB_CHIQISH,Arizangiz bank xodimiga ko'rib chiqishga yuborildi. Ko'rsatkichlaringiz chegaraviy zonada — avtomatik qaror o'rniga bank xodimi arizangizni qo'lda ko'rib chiqadi. To'sqinlik qildi: bank hisobingizdagi tushum deklaratsiya bilan mos; xarajatlaringiz daromadning 69% ini yeb qo'yadi. Foydangizga ishladi: yangi kreditsiz ham qarz yukingiz past — daromadning 17% i; barcha to'lovlardan keyin oyiga 6 431 548 so'm qoladi; oylik daromadingiz 11 497 590 so'm — yetarli daraja. Nima qilish mumkin: So'rovni 28 300 000 so'm gacha kamaytiring — bu summada ma'qullanish ehtimoli sezilarli oshadi.,"Qo'lda ko'rib chiqish: Ball 629 — avtomatik ma'qullash chegarasi 630 dan past. Diqqat talab qiladigan omillar: Bank oqimi / deklaratsiya (-11), Sarf intensivligi (chiqim/kirim) (-2). Ball 629, tavsiya etilgan limit 32 773 008 so'm.",Bank oqimi / deklaratsiya (-11 ball),32773008,28300000,0.4406,0.2751,0.035,v1
AP002538,593.4,0.135963,RAD_ETILDI,"Afsuski, hozircha kredit bera olmaymiz. Sabab: hozirgi daromadingiz mavjud to'lovlardan keyin yangi kreditni ko'tara olmaydi. To'sqinlik qildi: yangi kreditgacha ham mavjud to'lovlaringiz daromadning 63% ini oladi; ish stajingiz qisqa — atigi 1 yil 7 oy; oylik daromadingiz 2 195 470 so'm — so'ralgan summa uchun kam. Foydangizga ishladi: bank hisobingizdagi tushum deklaratsiya bilan mos; oxirgi oylarda daromadingiz o'sgan; xarajatlaringiz daromadning 68% i — tejamkor. Nima qilish mumkin: Qo'shimcha shart yo'q — hujjatlarni tasdiqlash uchun bank xodimi siz bilan bog'lanadi.","Rad etildi: So'ralgan summada DTI 74.5% — shift 50.0%; to'lov qobiliyati qolmagan. Ballga eng ko'p salbiy ta'sir: Mavjud qarz yuki (yangi kreditsiz) (-19 ball), Ish staji (oy) (-15 ball). Yakuniy ball 593.",Mavjud qarz yuki (yangi kreditsiz) (-19 ball),0,0,0.745,0.1149,0.0344,v1
AP002539,614.2,0.071025,QOLDA_KORIB_CHIQISH,"Arizangiz bank xodimiga ko'rib chiqishga yuborildi. Ko'rsatkichlaringiz chegaraviy zonada — avtomatik qaror o'rniga bank xodimi arizangizni qo'lda ko'rib chiqadi. To'sqinlik qildi: bank hisobingizdagi tushum deklaratsiya bilan mos; bankimiz bilan tarixingiz qisqa — 8 oy, sizni hali yaxshi bilmaymiz; xarajatlaringiz daromadning 65% ini yeb qo'yadi. Foydangizga ishladi: bandlik turingiz (qurilish) barqaror daromad beradi; barcha to'lovlardan keyin oyiga 3 297 184 so'm qoladi; yangi kreditsiz ham qarz yukingiz past — daromadning 0% i. Nima qilish mumkin: Qo'shimcha shart yo'q — hujjatlarni tasdiqlash uchun bank xodimi siz bilan bog'lanadi.","Qo'lda ko'rib chiqish: Ball 614 — avtomatik ma'qullash chegarasi 630 dan past. Diqqat talab qiladigan omillar: Bank oqimi / deklaratsiya (-4), Bank bilan tarix (oy) (-4). Ball 614, tavsiya etilgan limit 10 831 476 so'm.",Bank oqimi / deklaratsiya (-4 ball),10831476,0,0.1196,0.1196,0.1769,v1
AP002540,584.9,0.174283,QOLDA_KORIB_CHIQISH,"Arizangiz bank xodimiga ko'rib chiqishga yuborildi. So'ragan 27 740 155 so'm ni to'liq bera olmaymiz, lekin 5 000 000 so'm sizning to'lov qobiliyatingizga to'g'ri keladi — bunda oylik to'lov 274 442 so'm bo'ladi. Yakuniy qarorni bank xodimi tasdiqlaydi. To'sqinlik qildi: oylik daromadingiz 2 306 180 so'm — so'ralgan summa uchun kam; bank hisobingizdagi tushum deklaratsiya bilan mos; daromadning 19% i naqd yechib olinadi — bank uchun bu ko'rinmas pul. Foydangizga ishladi: yangi kreditsiz ham qarz yukingiz past — daromadning 38% i; mavjud qarz qoldig'i yillik daromadingizga nisbatan kichik; bandlik turingiz (IT) barqaror daromad beradi. Nima qilish mumkin: To'lov qobiliyatingiz 5 000 000 so'm ga yetadi. Shu summani so'rasangiz, ariza qo'lda ko'rib chiqishga tushadi. Muddatni uzaytiring (hozir 2 yil) — oylik to'lov kamayadi va qarz yuki chegara ichiga tushadi. Mavjud kreditlaringizdan birini yopsangiz, qarz yuki pasayadi va limit sezilarli oshadi.","Qo'lda ko'rib chiqish: So'ralgan summada DTI 104.1% — shift 50.0%; taklif: 5 000 000 so'm; Yangi to'lov daromadning 66.0% ini oladi — shift 35.0%. Diqqat talab qiladigan omillar: Oylik daromad medianasi (-11), Bank oqimi / deklaratsiya (-11). Ball 585, tavsiya etilgan limit 5 000 000 so'm.",Oylik daromad medianasi (-11 ball),5000000,0,1.0411,0.6602,0.0357,v1
AP002541,607.0,0.089401,QOLDA_KORIB_CHIQISH,Arizangiz bank xodimiga ko'rib chiqishga yuborildi. Ko'rsatkichlaringiz chegaraviy zonada — avtomatik qaror o'rniga bank xodimi arizangizni qo'lda ko'rib chiqadi. To'sqinlik qildi: ish stajingiz qisqa — atigi 1 yil 6 oy; oxirgi oylarda daromadingiz kamaygan; xarajatlaringiz daromadning 71% ini yeb qo'yadi. Foydangizga ishladi: bank hisobingizdagi tushum deklaratsiya bilan mos; barcha to'lovlardan keyin oyiga 3 611 900 so'm qoladi; yangi kreditsiz ham qarz yukingiz past — daromadning 0% i. Nima qilish mumkin: Qo'shimcha shart yo'q — hujjatlarni tasdiqlash uchun bank xodimi siz bilan bog'lanadi.,"Qo'lda ko'rib chiqish: Ball 607 — avtomatik ma'qullash chegarasi 630 dan past. Diqqat talab qiladigan omillar: Ish staji (oy) (-15), Daromad trendi (2-yarim/1-yarim) (-7). Ball 607, tavsiya etilgan limit 12 268 372 so'm.",Ish staji (oy) (-15 ball),12268372,0,0.1571,0.1571,0.339,v1
AP002542,580.7,0.196011,RAD_ETILDI,"Afsuski, hozircha kredit bera olmaymiz. Sabab: hozirgi daromadingiz mavjud to'lovlardan keyin yangi kreditni ko'tara olmaydi. To'sqinlik qildi: yangi kreditgacha ham mavjud to'lovlaringiz daromadning 75% ini oladi; barcha to'lovlardan keyin qo'lingizda pul umuman qolmaydi; mavjud qarz qoldig'i yillik daromadingizdan 0.3 barobar. Foydangizga ishladi: ish stajingiz uzoq — 10 yil 11 oy; bandlik turingiz (xususiy) barqaror daromad beradi; xarajatlaringiz daromadning 73% i — tejamkor. Nima qilish mumkin: Mavjud kreditlaringizdan birini yopsangiz, qarz yuki pasayadi va limit sezilarli oshadi.","Rad etildi: So'ralgan summada DTI 164.3% — shift 50.0%; to'lov qobiliyati qolmagan; Yangi to'lov daromadning 89.6% ini oladi — shift 35.0%. Ballga eng ko'p salbiy ta'sir: Mavjud qarz yuki (yangi kreditsiz) (-19 ball), To'lovlardan keyingi erkin pul (-15 ball). Yakuniy ball 581.",Mavjud qarz yuki (yangi kreditsiz) (-19 ball),0,0,1.643,0.8962,0.0289,v1
AP002543,587.2,0.163078,RAD_ETILDI,"Afsuski, hozircha kredit bera olmaymiz. Sabab: hozirgi daromadingiz mavjud to'lovlardan keyin yangi kreditni ko'tara olmaydi. To'sqinlik qildi: yangi kreditgacha ham mavjud to'lovlaringiz daromadning 60% ini oladi; oylik daromadingiz 2 167 559 so'm — so'ralgan summa uchun kam; bankimiz bilan tarixingiz qisqa — 2 yil, sizni hali yaxshi bilmaymiz. Foydangizga ishladi: bandlik turingiz (xususiy) barqaror daromad beradi; bank hisobingizdagi tushum deklaratsiya bilan mos; ish stajingiz uzoq — 8 yil. Nima qilish mumkin: Qo'shimcha shart yo'q — hujjatlarni tasdiqlash uchun bank xodimi siz bilan bog'lanadi.","Rad etildi: So'ralgan summada DTI 68.5% — shift 50.0%; to'lov qobiliyati qolmagan. Ballga eng ko'p salbiy ta'sir: Mavjud qarz yuki (yangi kreditsiz) (-19 ball), Oylik daromad medianasi (-11 ball). Yakuniy ball 587.",Mavjud qarz yuki (yangi kreditsiz) (-19 ball),0,0,0.6851,0.0871,0.1811,v1
AP002544,649.0,0.022353,MAQULLANDI,Tabriklaymiz — kredit ma'qullandi. 21 892 334 so'm miqdorida kredit tasdiqlandi. Oylik to'lov taxminan 681 636 so'm bo'ladi. To'sqinlik qildi: oila a'zosiga oyiga atigi 488 591 so'm to'g'ri keladi. Foydangizga ishladi: yangi kreditsiz ham qarz yukingiz past — daromadning 10% i; bandlik turingiz (xususiy) barqaror daromad beradi; bank hisobingizdagi tushum deklaratsiya bilan mos. Nima qilish mumkin: Qo'shimcha shart yo'q — hujjatlarni tasdiqlash uchun bank xodimi siz bilan bog'lanadi.,"Ma'qullandi: ball 649 (PD 2.2%), DTI 29.7% shift ichida. Asosiy ijobiy omillar: Mavjud qarz yuki (yangi kreditsiz) (+14 ball), Bandlik turi (+9 ball), Bank oqimi / deklaratsiya (+8 ball). Tasdiqlangan summa 21 892 334 so'm.",Jon boshiga daromad (-3 ball),21892334,38400000,0.2974,0.1993,0.249,v1
AP002545,630.9,0.041062,QOLDA_KORIB_CHIQISH,Arizangiz bank xodimiga ko'rib chiqishga yuborildi. Ko'rsatkichlaringiz chegaraviy zonada — avtomatik qaror o'rniga bank xodimi arizangizni qo'lda ko'rib chiqadi. To'sqinlik qildi: mavjud qarz qoldig'i yillik daromadingizdan 0.2 barobar; bank hisobingizdagi tushum deklaratsiya bilan mos. Foydangizga ishladi: yangi kreditsiz ham qarz yukingiz past — daromadning 7% i; barcha to'lovlardan keyin oyiga 4 264 578 so'm qoladi; oxirgi oylarda daromadingiz o'sgan. Nima qilish mumkin: Qo'shimcha shart yo'q — hujjatlarni tasdiqlash uchun bank xodimi siz bilan bog'lanadi.,"Qo'lda ko'rib chiqish: so'ralgan 8 281 915 so'm o'rniga to'lov qobiliyati 0 so'm ga yetadi (skorkarta bali / PD chegarasi). Diqqat talab qiladigan omillar: Qarz qoldig'i / yillik daromad (-11), Bank oqimi / deklaratsiya (-2). Ball 631, tavsiya etilgan limit 0 so'm.",Qarz qoldig'i / yillik daromad (-11 ball),0,0,0.1394,0.0691,0.0331,v1
AP002546,634.7,0.036161,MAQULLANDI,"Tabriklaymiz — kredit ma'qullandi. 7 947 701 so'm miqdorida kredit tasdiqlandi. Oylik to'lov taxminan 436 237 so'm bo'ladi. To'sqinlik qildi: bankimiz bilan tarixingiz qisqa — 1 oy, sizni hali yaxshi bilmaymiz; xarajatlaringiz daromadning 70% ini yeb qo'yadi; bank hisobingizdagi tushum deklaratsiya bilan mos. Foydangizga ishladi: yangi kreditsiz ham qarz yukingiz past — daromadning 17% i; barcha to'lovlardan keyin oyiga 4 296 422 so'm qoladi; oxirgi oylarda daromadingiz o'sgan. Nima qilish mumkin: Qo'shimcha shart yo'q — hujjatlarni tasdiqlash uchun bank xodimi siz bilan bog'lanadi.","Ma'qullandi: ball 635 (PD 3.6%), DTI 24.3% shift ichida. Asosiy ijobiy omillar: Mavjud qarz yuki (yangi kreditsiz) (+14 ball), To'lovlardan keyingi erkin pul (+8 ball), Daromad trendi (2-yarim/1-yarim) (+8 ball). Tasdiqlangan summa 7 947 701 so'm.",Bank bilan tarix (oy) (-4 ball),7947701,18700000,0.2434,0.0768,0.0291,v1
AP002547,591.3,0.144774,RAD_ETILDI,"Afsuski, hozircha kredit bera olmaymiz. Sabab: hozirgi daromadingiz mavjud to'lovlardan keyin yangi kreditni ko'tara olmaydi. To'sqinlik qildi: yangi kreditgacha ham mavjud to'lovlaringiz daromadning 69% ini oladi; oylik daromadingiz 1 527 532 so'm — so'ralgan summa uchun kam; daromadning 19% i naqd yechib olinadi — bank uchun bu ko'rinmas pul. Foydangizga ishladi: bandlik turingiz (xususiy) barqaror daromad beradi; oxirgi oylarda daromadingiz o'sgan; xarajatlaringiz daromadning 73% i — tejamkor. Nima qilish mumkin: Mavjud kreditlaringizdan birini yopsangiz, qarz yuki pasayadi va limit sezilarli oshadi.","Rad etildi: So'ralgan summada DTI 122.3% — shift 50.0%; to'lov qobiliyati qolmagan; Yangi to'lov daromadning 53.3% ini oladi — shift 35.0%. Ballga eng ko'p salbiy ta'sir: Mavjud qarz yuki (yangi kreditsiz) (-19 ball), Oylik daromad medianasi (-11 ball). Yakuniy ball 591.",Mavjud qarz yuki (yangi kreditsiz) (-19 ball),0,0,1.2234,0.5326,0.0371,v1
AP002548,578.5,0.208174,RAD_ETILDI,"Afsuski, hozircha kredit bera olmaymiz. Sabab: umumiy risk bahosi bankimiz chegarasidan yuqori chiqdi — quyidagi omillar hal qiluvchi bo'ldi. To'sqinlik qildi: ish stajingiz qisqa — atigi 1 oy; oylik daromadingiz 2 413 402 so'm — so'ralgan summa uchun kam; bank hisobingizdagi tushum deklaratsiya bilan mos. Foydangizga ishladi: yangi kreditsiz ham qarz yukingiz past — daromadning 14% i; bandlik turingiz (xususiy) barqaror daromad beradi; mavjud qarz qoldig'i yillik daromadingizga nisbatan kichik. Nima qilish mumkin: To'lov qobiliyatingiz 4 600 000 so'm ga yetadi. Shu summani so'rasangiz, ariza qo'lda ko'rib chiqishga tushadi. Muddatni uzaytiring (hozir 6 oy) — oylik to'lov kamayadi va qarz yuki chegara ichiga tushadi. Ish stajingiz 3 oyga yetganda qayta murojaat qiling — hozir 1 oy.","Rad etildi: Defolt ehtimoli 20.8% — shift 20.0%; Ball 578.5 — minimal chegara 580. Ballga eng ko'p salbiy ta'sir: Ish staji (oy) (-15 ball), Oylik daromad medianasi (-11 ball). Yakuniy ball 579.",Ish staji (oy) (-15 ball),0,0,1.3298,1.1943,0.2051,v1
AP002549,515.1,0.702939,RAD_ETILDI,"Afsuski, hozircha kredit bera olmaymiz. Sabab: kredit tarixingizda 95 kunlik kechikish bor. To'sqinlik qildi: yangi kreditgacha ham mavjud to'lovlaringiz daromadning 120% ini oladi; o'tmishda 95 kunlik kechikish qayd etilgan; barcha to'lovlardan keyin qo'lingizda pul umuman qolmaydi. Foydangizga ishladi: oxirgi oylarda daromadingiz o'sgan; bankimiz bilan tarixingiz uzoq — 7 yil 9 oy. Nima qilish mumkin: Mavjud kreditlaringizdan birini yopsangiz, qarz yuki pasayadi va limit sezilarli oshadi. Kechikish yopilgandan keyin 12 oy toza to'lov tarixi to'plang, so'ng qayta murojaat qiling.","Rad etildi: O'tmishda 95 kunlik kechikish (90+ kun — qattiq to'siq); So'ralgan summada DTI 202.4% — shift 50.0%; to'lov qobiliyati qolmagan. Ballga eng ko'p salbiy ta'sir: Mavjud qarz yuki (yangi kreditsiz) (-19 ball), O'tmishdagi maks. kechikish (kun) (-16 ball). Yakuniy ball 515.",Mavjud qarz yuki (yangi kreditsiz) (-19 ball),0,0,2.0244,0.8222,0.0301,v1
AP002550,628.4,0.04466,QOLDA_KORIB_CHIQISH,"Arizangiz bank xodimiga ko'rib chiqishga yuborildi. So'ragan 16 926 391 so'm ni to'liq bera olmaymiz, lekin 14 300 000 so'm sizning to'lov qobiliyatingizga to'g'ri keladi — bunda oylik to'lov 1 380 036 so'm bo'ladi. Yakuniy qarorni bank xodimi tasdiqlaydi. To'sqinlik qildi: oxirgi oylarda daromadingiz kamaygan; xarajatlaringiz daromadning 69% ini yeb qo'yadi. Foydangizga ishladi: yangi kreditsiz ham qarz yukingiz past — daromadning 4% i; barcha to'lovlardan keyin oyiga 2 157 224 so'm qoladi; mavjud qarz qoldig'i yillik daromadingizga nisbatan kichik. Nima qilish mumkin: So'rovni 900 000 so'm gacha kamaytiring — bu summada ma'qullanish ehtimoli sezilarli oshadi. Muddatni uzaytiring (hozir 1 yil) — oylik to'lov kamayadi va qarz yuki chegara ichiga tushadi.","Qo'lda ko'rib chiqish: Yangi to'lov daromadning 41.4% ini oladi — shift 35.0%; Ball 628 — avtomatik ma'qullash chegarasi 630 dan past. Diqqat talab qiladigan omillar: Daromad trendi (2-yarim/1-yarim) (-7), Sarf intensivligi (chiqim/kirim) (-2). Ball 628, tavsiya etilgan limit 14 300 000 so'm.",Daromad trendi (2-yarim/1-yarim) (-7 ball),14300000,900000,0.4534,0.4139,0.294,v1
AP002551,519.6,0.669751,RAD_ETILDI,"Afsuski, hozircha kredit bera olmaymiz. Sabab: hozirgi daromadingiz mavjud to'lovlardan keyin yangi kreditni ko'tara olmaydi. To'sqinlik qildi: yangi kreditgacha ham mavjud to'lovlaringiz daromadning 131% ini oladi; barcha to'lovlardan keyin qo'lingizda pul umuman qolmaydi; ish stajingiz qisqa — atigi 3 oy. Foydangizga ishladi: xarajatlaringiz daromadning 72% i — tejamkor. Nima qilish mumkin: Mavjud kreditlaringizdan birini yopsangiz, qarz yuki pasayadi va limit sezilarli oshadi.","Rad etildi: So'ralgan summada DTI 343.7% — shift 50.0%; to'lov qobiliyati qolmagan; Yangi to'lov daromadning 213.2% ini oladi — shift 35.0%. Ballga eng ko'p salbiy ta'sir: Mavjud qarz yuki (yangi kreditsiz) (-19 ball), To'lovlardan keyingi erkin pul (-15 ball). Yakuniy ball 520.",Mavjud qarz yuki (yangi kreditsiz) (-19 ball),0,0,3.4368,2.1318,0.0165,v1
AP002552,626.3,0.047784,QOLDA_KORIB_CHIQISH,"Arizangiz bank xodimiga ko'rib chiqishga yuborildi. So'ragan 35 999 389 so'm ni to'liq bera olmaymiz, lekin 21 300 000 so'm sizning to'lov qobiliyatingizga to'g'ri keladi — bunda oylik to'lov 2 055 578 so'm bo'ladi. Yakuniy qarorni bank xodimi tasdiqlaydi. To'sqinlik qildi: bank hisobingizdagi tushum deklaratsiya bilan mos; xarajatlaringiz daromadning 68% ini yeb qo'yadi. Foydangizga ishladi: oylik daromadingiz 5 898 604 so'm — yetarli daraja; bandlik turingiz (xususiy) barqaror daromad beradi; barcha to'lovlardan keyin oyiga 2 424 448 so'm qoladi. Nima qilish mumkin: So'rovni 21 300 000 so'm gacha kamaytiring — bu summada ma'qullanish ehtimoli sezilarli oshadi. Muddatni uzaytiring (hozir 1 yil) — oylik to'lov kamayadi va qarz yuki chegara ichiga tushadi.","Qo'lda ko'rib chiqish: So'ralgan summada DTI 58.9% — shift 50.0%; taklif: 21 300 000 so'm; Yangi to'lov daromadning 58.9% ini oladi — shift 35.0%. Diqqat talab qiladigan omillar: Bank oqimi / deklaratsiya (-11), Sarf intensivligi (chiqim/kirim) (-2). Ball 626, tavsiya etilgan limit 21 300 000 so'm.",Bank oqimi / deklaratsiya (-11 ball),21300000,21300000,0.589,0.589,0.2151,v1
AP002553,644.9,0.025667,MAQULLANDI,Tabriklaymiz — kredit ma'qullandi. 19 684 806 so'm miqdorida kredit tasdiqlandi. Oylik to'lov taxminan 1 899 702 so'm bo'ladi. To'sqinlik qildi: sezilarli salbiy omil topilmadi. Foydangizga ishladi: bank hisobingizdagi tushum deklaratsiya bilan mos; barcha to'lovlardan keyin oyiga 6 195 007 so'm qoladi; oylik daromadingiz 8 094 709 so'm — yetarli daraja. Nima qilish mumkin: Qo'shimcha shart yo'q — hujjatlarni tasdiqlash uchun bank xodimi siz bilan bog'lanadi.,"Ma'qullandi: ball 645 (PD 2.6%), DTI 23.5% shift ichida. Asosiy ijobiy omillar: Bank oqimi / deklaratsiya (+14 ball), To'lovlardan keyingi erkin pul (+9 ball), Oylik daromad medianasi (+9 ball). Tasdiqlangan summa 19 684 806 so'm.",Daromad trendi (2-yarim/1-yarim) (-2 ball),19684806,29300000,0.2347,0.2347,0.0313,v1
AP002554,658.3,0.016299,MAQULLANDI,Tabriklaymiz — kredit ma'qullandi. 11 473 762 so'm miqdorida kredit tasdiqlandi. Oylik to'lov taxminan 2 071 465 so'm bo'ladi. To'sqinlik qildi: oxirgi oylarda daromadingiz kamaygan. Foydangizga ishladi: yangi kreditsiz ham qarz yukingiz past — daromadning 5% i; oylik daromadingiz 7 979 260 so'm — yetarli daraja; barcha to'lovlardan keyin oyiga 5 504 918 so'm qoladi. Nima qilish mumkin: Qo'shimcha shart yo'q — hujjatlarni tasdiqlash uchun bank xodimi siz bilan bog'lanadi.,"Ma'qullandi: ball 658 (PD 1.6%), DTI 31.0% shift ichida. Asosiy ijobiy omillar: Mavjud qarz yuki (yangi kreditsiz) (+14 ball), Oylik daromad medianasi (+12 ball), To'lovlardan keyingi erkin pul (+8 ball). Tasdiqlangan summa 11 473 762 so'm.",Daromad trendi (2-yarim/1-yarim) (-2 ball),11473762,15400000,0.3101,0.2596,0.2022,v1
AP002555,617.4,0.063949,QOLDA_KORIB_CHIQISH,"Arizangiz bank xodimiga ko'rib chiqishga yuborildi. So'ragan 33 359 860 so'm ni to'liq bera olmaymiz, lekin 24 500 000 so'm sizning to'lov qobiliyatingizga to'g'ri keladi — bunda oylik to'lov 4 423 213 so'm bo'ladi. Yakuniy qarorni bank xodimi tasdiqlaydi. To'sqinlik qildi: ish stajingiz qisqa — atigi 2 oy; bank hisobingizdagi tushum deklaratsiya bilan mos. Foydangizga ishladi: barcha to'lovlardan keyin oyiga 6 628 127 so'm qoladi; bandlik turingiz (xususiy) barqaror daromad beradi; oylik daromadingiz 12 650 894 so'm — yetarli daraja. Nima qilish mumkin: To'lov qobiliyatingiz 24 500 000 so'm ga yetadi. Shu summani so'rasangiz, ariza qo'lda ko'rib chiqishga tushadi. Muddatni uzaytiring (hozir 6 oy) — oylik to'lov kamayadi va qarz yuki chegara ichiga tushadi. Ish stajingiz 3 oyga yetganda qayta murojaat qiling — hozir 2 oy.","Qo'lda ko'rib chiqish: Ish staji 2 oy — minimal talab 3 oy; Yangi to'lov daromadning 47.6% ini oladi — shift 35.0%. Diqqat talab qiladigan omillar: Ish staji (oy) (-15), Bank oqimi / deklaratsiya (-2). Ball 617, tavsiya etilgan limit 24 500 000 so'm.",Ish staji (oy) (-15 ball),24500000,0,0.4761,0.4761,0.1832,v1
AP002556,650.3,0.021429,MAQULLANDI,Tabriklaymiz — kredit ma'qullandi. 23 185 763 so'm miqdorida kredit tasdiqlandi. Oylik to'lov taxminan 959 046 so'm bo'ladi. To'sqinlik qildi: xarajatlaringiz daromadning 63% ini yeb qo'yadi. Foydangizga ishladi: bank hisobingizdagi tushum deklaratsiya bilan mos; barcha to'lovlardan keyin oyiga 8 060 363 so'm qoladi; oylik daromadingiz 9 314 804 so'm — yetarli daraja. Nima qilish mumkin: Qo'shimcha shart yo'q — hujjatlarni tasdiqlash uchun bank xodimi siz bilan bog'lanadi.,"Ma'qullandi: ball 650 (PD 2.1%), DTI 13.5% shift ichida. Asosiy ijobiy omillar: Bank oqimi / deklaratsiya (+14 ball), To'lovlardan keyingi erkin pul (+9 ball), Oylik daromad medianasi (+9 ball). Tasdiqlangan summa 23 185 763 so'm.",Sarf intensivligi (chiqim/kirim) (-3 ball),23185763,78800000,0.1347,0.103,0.0267,v1
AP002557,618.9,0.060899,QOLDA_KORIB_CHIQISH,"Arizangiz bank xodimiga ko'rib chiqishga yuborildi. So'ragan 31 134 820 so'm ni to'liq bera olmaymiz, lekin 10 600 000 so'm sizning to'lov qobiliyatingizga to'g'ri keladi — bunda oylik to'lov 581 818 so'm bo'ladi. Yakuniy qarorni bank xodimi tasdiqlaydi. To'sqinlik qildi: oylik daromadingiz 1 662 453 so'm — so'ralgan summa uchun kam; xarajatlaringiz daromadning 70% ini yeb qo'yadi. Foydangizga ishladi: bandlik turingiz (xususiy) barqaror daromad beradi; bank hisobingizdagi tushum deklaratsiya bilan mos; ish stajingiz uzoq — 8 yil 5 oy. Nima qilish mumkin: So'rovni 2 500 000 so'm gacha kamaytiring — bu summada ma'qullanish ehtimoli sezilarli oshadi. Muddatni uzaytiring (hozir 2 yil) — oylik to'lov kamayadi va qarz yuki chegara ichiga tushadi.","Qo'lda ko'rib chiqish: So'ralgan summada DTI 102.8% — shift 50.0%; taklif: 10 600 000 so'm; Yangi to'lov daromadning 102.8% ini oladi — shift 35.0%. Diqqat talab qiladigan omillar: Oylik daromad medianasi (-11), Sarf intensivligi (chiqim/kirim) (-2). Ball 619, tavsiya etilgan limit 10 600 000 so'm.",Oylik daromad medianasi (-11 ball),10600000,2500000,1.028,1.028,0.3193,v1
AP002558,661.7,0.014516,MAQULLANDI,Tabriklaymiz — kredit ma'qullandi. 21 859 669 so'm miqdorida kredit tasdiqlandi. Oylik to'lov taxminan 680 619 so'm bo'ladi. To'sqinlik qildi: oxirgi oylarda daromadingiz kamaygan. Foydangizga ishladi: yangi kreditsiz ham qarz yukingiz past — daromadning 16% i; oylik daromadingiz 6 678 062 so'm — yetarli daraja; bandlik turingiz (xususiy) barqaror daromad beradi. Nima qilish mumkin: Qo'shimcha shart yo'q — hujjatlarni tasdiqlash uchun bank xodimi siz bilan bog'lanadi.,"Ma'qullandi: ball 662 (PD 1.5%), DTI 26.2% shift ichida. Asosiy ijobiy omillar: Mavjud qarz yuki (yangi kreditsiz) (+14 ball), Oylik daromad medianasi (+12 ball), Bandlik turi (+9 ball). Tasdiqlangan summa 21 859 669 so'm.",Daromad trendi (2-yarim/1-yarim) (-2 ball),21859669,72800000,0.2621,0.1019,0.2906,v1
AP002559,639.2,0.031084,QOLDA_KORIB_CHIQISH,Arizangiz bank xodimiga ko'rib chiqishga yuborildi. Ko'rsatkichlaringiz chegaraviy zonada — avtomatik qaror o'rniga bank xodimi arizangizni qo'lda ko'rib chiqadi. To'sqinlik qildi: oxirgi oylarda daromadingiz kamaygan. Foydangizga ishladi: barcha to'lovlardan keyin oyiga 9 902 929 so'm qoladi; oylik daromadingiz 10 461 438 so'm — yetarli daraja; xarajatlaringiz daromadning 68% i — tejamkor. Nima qilish mumkin: Daromadingizni muntazam bank hisobiga o'tkazing — barqaror oqim ballni oshiradi.,"Qo'lda ko'rib chiqish: Daromad juda o'zgaruvchan (CV 0.36) — barqarorlik past. Diqqat talab qiladigan omillar: Daromad trendi (2-yarim/1-yarim) (-7), Daromad o'zgaruvchanligi (CV) (-1). Ball 639, tavsiya etilgan limit 10 175 348 so'm.",Daromad trendi (2-yarim/1-yarim) (-7 ball),10175348,66700000,0.0534,0.0534,0.3596,v1
AP002560,626.9,0.046875,RAD_ETILDI,"Afsuski, hozircha kredit bera olmaymiz. Sabab: hozirgi daromadingiz mavjud to'lovlardan keyin yangi kreditni ko'tara olmaydi. To'sqinlik qildi: oylik daromadingiz 2 966 876 so'm — so'ralgan summa uchun kam; oila a'zosiga oyiga atigi 423 840 so'm to'g'ri keladi; bank hisobingizdagi tushum deklaratsiya bilan mos. Foydangizga ishladi: ish stajingiz uzoq — 9 yil 11 oy; yangi kreditsiz ham qarz yukingiz past — daromadning 50% i; xarajatlaringiz daromadning 67% i — tejamkor. Nima qilish mumkin: Qo'shimcha shart yo'q — hujjatlarni tasdiqlash uchun bank xodimi siz bilan bog'lanadi.","Rad etildi: So'ralgan summada DTI 79.0% — shift 50.0%; to'lov qobiliyati qolmagan. Ballga eng ko'p salbiy ta'sir: Oylik daromad medianasi (-3 ball), Jon boshiga daromad (-3 ball). Yakuniy ball 627.",Oylik daromad medianasi (-3 ball),0,0,0.7904,0.2871,0.0278,v1
AP002561,634.9,0.035961,MAQULLANDI,"Tabriklaymiz — kredit ma'qullandi. 6 890 116 so'm miqdorida kredit tasdiqlandi. Oylik to'lov taxminan 378 188 so'm bo'ladi. To'sqinlik qildi: ish stajingiz qisqa — atigi 6 oy; bankimiz bilan tarixingiz qisqa — 1 yil 3 oy, sizni hali yaxshi bilmaymiz; o'tmishda 45 kunlik kechikish qayd etilgan. Foydangizga ishladi: bank hisobingizdagi tushum deklaratsiya bilan mos; barcha to'lovlardan keyin oyiga 6 613 179 so'm qoladi; oylik daromadingiz 11 262 258 so'm — yetarli daraja. Nima qilish mumkin: Mavjud kreditlaringizdan birini yopsangiz, qarz yuki pasayadi va limit sezilarli oshadi.","Ma'qullandi: ball 635 (PD 3.6%), DTI 41.3% shift ichida. Asosiy ijobiy omillar: Bank oqimi / deklaratsiya (+14 ball), To'lovlardan keyingi erkin pul (+9 ball), Oylik daromad medianasi (+9 ball). Tasdiqlangan summa 6 890 116 so'm.",Ish staji (oy) (-15 ball),6890116,24700000,0.4128,0.0336,0.0309,v1
AP002562,656.8,0.017175,QOLDA_KORIB_CHIQISH,"Arizangiz bank xodimiga ko'rib chiqishga yuborildi. So'ragan 19 923 164 so'm ni to'liq bera olmaymiz, lekin 17 200 000 so'm sizning to'lov qobiliyatingizga to'g'ri keladi — bunda oylik to'lov 1 659 903 so'm bo'ladi. Yakuniy qarorni bank xodimi tasdiqlaydi. To'sqinlik qildi: daromadning 20% i naqd yechib olinadi — bank uchun bu ko'rinmas pul; xarajatlaringiz daromadning 69% ini yeb qo'yadi. Foydangizga ishladi: bank hisobingizdagi tushum deklaratsiya bilan mos; ish stajingiz uzoq — 10 yil 9 oy; bandlik turingiz (byudjet) barqaror daromad beradi. Nima qilish mumkin: So'rovni 17 200 000 so'm gacha kamaytiring — bu summada ma'qullanish ehtimoli sezilarli oshadi. Muddatni uzaytiring (hozir 1 yil) — oylik to'lov kamayadi va qarz yuki chegara ichiga tushadi.","Qo'lda ko'rib chiqish: Yangi to'lov daromadning 40.5% ini oladi — shift 35.0%. Diqqat talab qiladigan omillar: Naqd yechish ulushi (-4), Sarf intensivligi (chiqim/kirim) (-2). Ball 657, tavsiya etilgan limit 17 200 000 so'm.",Naqd yechish ulushi (-4 ball),17200000,17200000,0.405,0.405,0.0244,v1
AP002563,619.9,0.059006,QOLDA_KORIB_CHIQISH,"Arizangiz bank xodimiga ko'rib chiqishga yuborildi. So'ragan 29 405 825 so'm ni to'liq bera olmaymiz, lekin 17 500 000 so'm sizning to'lov qobiliyatingizga to'g'ri keladi — bunda oylik to'lov 1 688 855 so'm bo'ladi. Yakuniy qarorni bank xodimi tasdiqlaydi. To'sqinlik qildi: bank hisobingizdagi tushum deklaratsiya bilan mos; oxirgi oylarda daromadingiz kamaygan. Foydangizga ishladi: bandlik turingiz (qurilish) barqaror daromad beradi; barcha to'lovlardan keyin oyiga 1 989 357 so'm qoladi; xarajatlaringiz daromadning 72% i — tejamkor. Nima qilish mumkin: To'lov qobiliyatingiz 17 500 000 so'm ga yetadi. Shu summani so'rasangiz, ariza qo'lda ko'rib chiqishga tushadi. Muddatni uzaytiring (hozir 1 yil) — oylik to'lov kamayadi va qarz yuki chegara ichiga tushadi.","Qo'lda ko'rib chiqish: So'ralgan summada DTI 58.8% — shift 50.0%; taklif: 17 500 000 so'm; Yangi to'lov daromadning 58.8% ini oladi — shift 35.0%. Diqqat talab qiladigan omillar: Bank oqimi / deklaratsiya (-11), Daromad trendi (2-yarim/1-yarim) (-7). Ball 620, tavsiya etilgan limit 17 500 000 so'm.",Bank oqimi / deklaratsiya (-11 ball),17500000,0,0.5879,0.5879,0.2984,v1
AP002564,630.9,0.041021,MAQULLANDI,"Tabriklaymiz — kredit ma'qullandi. 12 155 404 so'm miqdorida kredit tasdiqlandi. Oylik to'lov taxminan 502 791 so'm bo'ladi. To'sqinlik qildi: bankimiz bilan tarixingiz qisqa — 2 yil 3 oy, sizni hali yaxshi bilmaymiz; xarajatlaringiz daromadning 66% ini yeb qo'yadi. Foydangizga ishladi: bank hisobingizdagi tushum deklaratsiya bilan mos; barcha to'lovlardan keyin oyiga 3 490 113 so'm qoladi; yangi kreditsiz ham qarz yukingiz past — daromadning 0% i. Nima qilish mumkin: Qo'shimcha shart yo'q — hujjatlarni tasdiqlash uchun bank xodimi siz bilan bog'lanadi.","Ma'qullandi: ball 631 (PD 4.1%), DTI 12.6% shift ichida. Asosiy ijobiy omillar: Bank oqimi / deklaratsiya (+14 ball), To'lovlardan keyingi erkin pul (+5 ball), Mavjud qarz yuki (yangi kreditsiz) (+5 ball). Tasdiqlangan summa 12 155 404 so'm.",Bank bilan tarix (oy) (-4 ball),12155404,33700000,0.1259,0.1259,0.03,v1
AP002565,637.0,0.033456,QOLDA_KORIB_CHIQISH,"Arizangiz bank xodimiga ko'rib chiqishga yuborildi. So'ragan 47 206 032 so'm ni to'liq bera olmaymiz, lekin 28 800 000 so'm sizning to'lov qobiliyatingizga to'g'ri keladi — bunda oylik to'lov 5 199 532 so'm bo'ladi. Yakuniy qarorni bank xodimi tasdiqlaydi. To'sqinlik qildi: oxirgi oylarda daromadingiz kamaygan; bank hisobingizdagi tushum deklaratsiya bilan mos. Foydangizga ishladi: barcha to'lovlardan keyin oyiga 6 384 817 so'm qoladi; bandlik turingiz (xususiy) barqaror daromad beradi; oylik daromadingiz 14 907 362 so'm — yetarli daraja. Nima qilish mumkin: So'rovni 28 800 000 so'm gacha kamaytiring — bu summada ma'qullanish ehtimoli sezilarli oshadi. Muddatni uzaytiring (hozir 6 oy) — oylik to'lov kamayadi va qarz yuki chegara ichiga tushadi.","Qo'lda ko'rib chiqish: So'ralgan summada DTI 57.2% — shift 50.0%; taklif: 28 800 000 so'm; Yangi to'lov daromadning 57.2% ini oladi — shift 35.0%. Diqqat talab qiladigan omillar: Daromad trendi (2-yarim/1-yarim) (-2), Bank oqimi / deklaratsiya (-2). Ball 637, tavsiya etilgan limit 28 800 000 so'm.",Daromad trendi (2-yarim/1-yarim) (-2 ball),28800000,28800000,0.5717,0.5717,0.2398,v1
AP002566,613.8,0.071957,QOLDA_KORIB_CHIQISH,"Arizangiz bank xodimiga ko'rib chiqishga yuborildi. So'ragan 22 568 561 so'm ni to'liq bera olmaymiz, lekin 8 500 000 so'm sizning to'lov qobiliyatingizga to'g'ri keladi — bunda oylik to'lov 820 301 so'm bo'ladi. Yakuniy qarorni bank xodimi tasdiqlaydi. To'sqinlik qildi: oylik daromadingiz 2 350 692 so'm — so'ralgan summa uchun kam; oxirgi oylarda daromadingiz kamaygan. Foydangizga ishladi: bandlik turingiz (xususiy) barqaror daromad beradi; bank hisobingizdagi tushum deklaratsiya bilan mos; yangi kreditsiz ham qarz yukingiz past — daromadning 0% i. Nima qilish mumkin: To'lov qobiliyatingiz 8 500 000 so'm ga yetadi. Shu summani so'rasangiz, ariza qo'lda ko'rib chiqishga tushadi. Muddatni uzaytiring (hozir 1 yil) — oylik to'lov kamayadi va qarz yuki chegara ichiga tushadi. Daromadingizni muntazam bank hisobiga o'tkazing — barqaror oqim ballni oshiradi.","Qo'lda ko'rib chiqish: So'ralgan summada DTI 92.7% — shift 50.0%; taklif: 8 500 000 so'm; Yangi to'lov daromadning 92.7% ini oladi — shift 35.0%. Diqqat talab qiladigan omillar: Oylik daromad medianasi (-11), Daromad trendi (2-yarim/1-yarim) (-2). Ball 614, tavsiya etilgan limit 8 500 000 so'm.",Oylik daromad medianasi (-11 ball),8500000,0,0.9265,0.9265,0.3676,v1
AP002567,640.6,0.029682,MAQULLANDI,"Tabriklaymiz — kredit ma'qullandi. 39 949 243 so'm miqdorida kredit tasdiqlandi. Oylik to'lov taxminan 1 652 444 so'm bo'ladi. To'sqinlik qildi: daromadning 19% i naqd yechib olinadi — bank uchun bu ko'rinmas pul; bankimiz bilan tarixingiz qisqa — 2 yil 8 oy, sizni hali yaxshi bilmaymiz; bank hisobingizdagi tushum deklaratsiya bilan mos. Foydangizga ishladi: oylik daromadingiz 6 875 494 so'm — yetarli daraja; bandlik turingiz (xususiy) barqaror daromad beradi; barcha to'lovlardan keyin oyiga 3 740 956 so'm qoladi. Nima qilish mumkin: Qo'shimcha shart yo'q — hujjatlarni tasdiqlash uchun bank xodimi siz bilan bog'lanadi.","Ma'qullandi: ball 641 (PD 3.0%), DTI 45.6% shift ichida. Asosiy ijobiy omillar: Oylik daromad medianasi (+12 ball), Bandlik turi (+9 ball), To'lovlardan keyingi erkin pul (+8 ball). Tasdiqlangan summa 39 949 243 so'm.",Naqd yechish ulushi (-4 ball),39949243,47200000,0.4559,0.2403,0.0279,v1
AP002568,582.4,0.186982,QOLDA_KORIB_CHIQISH,"Arizangiz bank xodimiga ko'rib chiqishga yuborildi. So'ragan 16 022 659 so'm ni to'liq bera olmaymiz, lekin 15 800 000 so'm sizning to'lov qobiliyatingizga to'g'ri keladi — bunda oylik to'lov 653 545 so'm bo'ladi. Yakuniy qarorni bank xodimi tasdiqlaydi. To'sqinlik qildi: ish stajingiz qisqa — atigi 2 oy; oylik daromadingiz 1 877 390 so'm — so'ralgan summa uchun kam; oxirgi oylarda daromadingiz kamaygan. Foydangizga ishladi: bank hisobingizdagi tushum deklaratsiya bilan mos; barcha to'lovlardan keyin oyiga 1 214 635 so'm qoladi; yangi kreditsiz ham qarz yukingiz past — daromadning 0% i. Nima qilish mumkin: To'lov qobiliyatingiz 15 800 000 so'm ga yetadi. Shu summani so'rasangiz, ariza qo'lda ko'rib chiqishga tushadi. Muddatni uzaytiring (hozir 3 yil) — oylik to'lov kamayadi va qarz yuki chegara ichiga tushadi. Ish stajingiz 3 oyga yetganda qayta murojaat qiling — hozir 2 oy.","Qo'lda ko'rib chiqish: Ish staji 2 oy — minimal talab 3 oy; Yangi to'lov daromadning 35.3% ini oladi — shift 35.0%. Diqqat talab qiladigan omillar: Ish staji (oy) (-15), Oylik daromad medianasi (-11). Ball 582, tavsiya etilgan limit 15 800 000 so'm.",Ish staji (oy) (-15 ball),15800000,0,0.353,0.353,0.2663,v1
AP002569,597.5,0.119805,QOLDA_KORIB_CHIQISH,"Arizangiz bank xodimiga ko'rib chiqishga yuborildi. So'ragan 35 915 242 so'm ni to'liq bera olmaymiz, lekin 7 100 000 so'm sizning to'lov qobiliyatingizga to'g'ri keladi — bunda oylik to'lov 1 281 829 so'm bo'ladi. Yakuniy qarorni bank xodimi tasdiqlaydi. To'sqinlik qildi: barcha to'lovlardan keyin qo'lingizda pul umuman qolmaydi; xarajatlaringiz daromadning 70% ini yeb qo'yadi; bank hisobingizdagi tushum deklaratsiya bilan mos. Foydangizga ishladi: bandlik turingiz (qurilish) barqaror daromad beradi; yangi kreditsiz ham qarz yukingiz past — daromadning 0% i; mavjud qarz qoldig'i yillik daromadingizga nisbatan kichik. Nima qilish mumkin: To'lov qobiliyatingiz 7 100 000 so'm ga yetadi. Shu summani so'rasangiz, ariza qo'lda ko'rib chiqishga tushadi. Muddatni uzaytiring (hozir 6 oy) — oylik to'lov kamayadi va qarz yuki chegara ichiga tushadi.","Qo'lda ko'rib chiqish: So'ralgan summada DTI 176.9% — shift 50.0%; taklif: 7 100 000 so'm; Yangi to'lov daromadning 176.9% ini oladi — shift 35.0%. Diqqat talab qiladigan omillar: To'lovlardan keyingi erkin pul (-15), Sarf intensivligi (chiqim/kirim) (-2). Ball 598, tavsiya etilgan limit 7 100 000 so'm.",To'lovlardan keyingi erkin pul (-15 ball),7100000,0,1.7691,1.7691,0.025,v1
AP002570,618.8,0.06108,QOLDA_KORIB_CHIQISH,"Arizangiz bank xodimiga ko'rib chiqishga yuborildi. So'ragan 68 303 272 so'm ni to'liq bera olmaymiz, lekin 34 300 000 so'm sizning to'lov qobiliyatingizga to'g'ri keladi — bunda oylik to'lov 1 067 959 so'm bo'ladi. Yakuniy qarorni bank xodimi tasdiqlaydi. To'sqinlik qildi: mavjud qarz qoldig'i yillik daromadingizdan 0.3 barobar; bank hisobingizdagi tushum deklaratsiya bilan mos. Foydangizga ishladi: bandlik turingiz (xususiy) barqaror daromad beradi; yangi kreditsiz ham qarz yukingiz past — daromadning 29% i; barcha to'lovlardan keyin oyiga 1 517 982 so'm qoladi. Nima qilish mumkin: To'lov qobiliyatingiz 34 300 000 so'm ga yetadi. Shu summani so'rasangiz, ariza qo'lda ko'rib chiqishga tushadi. Mavjud kreditlaringizdan birini yopsangiz, qarz yuki pasayadi va limit sezilarli oshadi.","Qo'lda ko'rib chiqish: So'ralgan summada DTI 70.5% — shift 50.0%; taklif: 34 300 000 so'm; Yangi to'lov daromadning 41.3% ini oladi — shift 35.0%. Diqqat talab qiladigan omillar: Qarz qoldig'i / yillik daromad (-11), Bank oqimi / deklaratsiya (-4). Ball 619, tavsiya etilgan limit 34 300 000 so'm.",Qarz qoldig'i / yillik daromad (-11 ball),34300000,0,0.7053,0.4129,0.1372,v1
AP002571,616.6,0.065776,QOLDA_KORIB_CHIQISH,"Arizangiz bank xodimiga ko'rib chiqishga yuborildi. Ko'rsatkichlaringiz chegaraviy zonada — avtomatik qaror o'rniga bank xodimi arizangizni qo'lda ko'rib chiqadi. To'sqinlik qildi: ish stajingiz qisqa — atigi 8 oy; bankimiz bilan tarixingiz qisqa — 1 yil 10 oy, sizni hali yaxshi bilmaymiz; oxirgi oylarda daromadingiz kamaygan. Foydangizga ishladi: barcha to'lovlardan keyin oyiga 7 822 671 so'm qoladi; oylik daromadingiz 10 377 716 so'm — yetarli daraja; xarajatlaringiz daromadning 73% i — tejamkor. Nima qilish mumkin: Qo'shimcha shart yo'q — hujjatlarni tasdiqlash uchun bank xodimi siz bilan bog'lanadi.","Qo'lda ko'rib chiqish: Ball 617 — avtomatik ma'qullash chegarasi 630 dan past. Diqqat talab qiladigan omillar: Ish staji (oy) (-15), Bank bilan tarix (oy) (-4). Ball 617, tavsiya etilgan limit 14 152 296 so'm.",Ish staji (oy) (-15 ball),14152296,0,0.2462,0.2462,0.2672,v1
AP002572,604.2,0.097417,QOLDA_KORIB_CHIQISH,"Arizangiz bank xodimiga ko'rib chiqishga yuborildi. So'ragan 14 580 722 so'm ni to'liq bera olmaymiz, lekin 5 800 000 so'm sizning to'lov qobiliyatingizga to'g'ri keladi — bunda oylik to'lov 1 047 128 so'm bo'ladi. Yakuniy qarorni bank xodimi tasdiqlaydi. To'sqinlik qildi: bank hisobingizdagi tushum deklaratsiya bilan mos; oxirgi oylarda daromadingiz kamaygan; bankimiz bilan tarixingiz qisqa — 7 oy, sizni hali yaxshi bilmaymiz. Foydangizga ishladi: ish stajingiz uzoq — 10 yil 11 oy; xarajatlaringiz daromadning 66% i — tejamkor; yangi kreditsiz ham qarz yukingiz past — daromadning 0% i. Nima qilish mumkin: To'lov qobiliyatingiz 5 800 000 so'm ga yetadi. Shu summani so'rasangiz, ariza qo'lda ko'rib chiqishga tushadi. Muddatni uzaytiring (hozir 6 oy) — oylik to'lov kamayadi va qarz yuki chegara ichiga tushadi. Daromadingizni muntazam bank hisobiga o'tkazing — barqaror oqim ballni oshiradi.","Qo'lda ko'rib chiqish: So'ralgan summada DTI 87.6% — shift 50.0%; taklif: 5 800 000 so'm; Yangi to'lov daromadning 87.6% ini oladi — shift 35.0%. Diqqat talab qiladigan omillar: Bank oqimi / deklaratsiya (-11), Daromad trendi (2-yarim/1-yarim) (-7). Ball 604, tavsiya etilgan limit 5 800 000 so'm.",Bank oqimi / deklaratsiya (-11 ball),5800000,0,0.8759,0.8759,0.4308,v1
AP002573,591.8,0.142596,QOLDA_KORIB_CHIQISH,"Arizangiz bank xodimiga ko'rib chiqishga yuborildi. So'ragan 28 408 309 so'm ni to'liq bera olmaymiz, lekin 4 800 000 so'm sizning to'lov qobiliyatingizga to'g'ri keladi — bunda oylik to'lov 866 589 so'm bo'ladi. Yakuniy qarorni bank xodimi tasdiqlaydi. To'sqinlik qildi: barcha to'lovlardan keyin qo'lingizda pul umuman qolmaydi; xarajatlaringiz daromadning 70% ini yeb qo'yadi; oylik daromadingiz 2 499 426 so'm — so'ralgan summa uchun kam. Foydangizga ishladi: bandlik turingiz (xususiy) barqaror daromad beradi; yangi kreditsiz ham qarz yukingiz past — daromadning 0% i; mavjud qarz qoldig'i yillik daromadingizga nisbatan kichik. Nima qilish mumkin: To'lov qobiliyatingiz 4 800 000 so'm ga yetadi. Shu summani so'rasangiz, ariza qo'lda ko'rib chiqishga tushadi. Muddatni uzaytiring (hozir 6 oy) — oylik to'lov kamayadi va qarz yuki chegara ichiga tushadi.","Qo'lda ko'rib chiqish: So'ralgan summada DTI 205.2% — shift 50.0%; taklif: 4 800 000 so'm; Yangi to'lov daromadning 205.2% ini oladi — shift 35.0%. Diqqat talab qiladigan omillar: To'lovlardan keyingi erkin pul (-15), Sarf intensivligi (chiqim/kirim) (-4). Ball 592, tavsiya etilgan limit 4 800 000 so'm.",To'lovlardan keyingi erkin pul (-15 ball),4800000,0,2.052,2.052,0.1929,v1
AP002574,622.7,0.053936,QOLDA_KORIB_CHIQISH,"Arizangiz bank xodimiga ko'rib chiqishga yuborildi. Ko'rsatkichlaringiz chegaraviy zonada — avtomatik qaror o'rniga bank xodimi arizangizni qo'lda ko'rib chiqadi. To'sqinlik qildi: oxirgi oylarda daromadingiz kamaygan. Foydangizga ishladi: yangi kreditsiz ham qarz yukingiz past — daromadning 23% i; barcha to'lovlardan keyin oyiga 3 410 214 so'm qoladi; pul harakatingiz shaffof, naqd yechish kam. Nima qilish mumkin: Qo'shimcha shart yo'q — hujjatlarni tasdiqlash uchun bank xodimi siz bilan bog'lanadi.","Qo'lda ko'rib chiqish: Ball 623 — avtomatik ma'qullash chegarasi 630 dan past. Diqqat talab qiladigan omillar: Daromad trendi (2-yarim/1-yarim) (-2), Sarf intensivligi (chiqim/kirim) (-1). Ball 623, tavsiya etilgan limit 8 558 227 so'm.",Daromad trendi (2-yarim/1-yarim) (-2 ball),8558227,0,0.285,0.0559,0.331,v1
AP002575,620.1,0.058637,QOLDA_KORIB_CHIQISH,"Arizangiz bank xodimiga ko'rib chiqishga yuborildi. So'ragan 33 162 987 so'm ni to'liq bera olmaymiz, lekin 27 700 000 so'm sizning to'lov qobiliyatingizga to'g'ri keladi — bunda oylik to'lov 1 520 411 so'm bo'ladi. Yakuniy qarorni bank xodimi tasdiqlaydi. To'sqinlik qildi: bank hisobingizdagi tushum deklaratsiya bilan mos; bankimiz bilan tarixingiz qisqa — 3 oy, sizni hali yaxshi bilmaymiz. Foydangizga ishladi: oxirgi oylarda daromadingiz o'sgan; barcha to'lovlardan keyin oyiga 2 532 616 so'm qoladi; yangi kreditsiz ham qarz yukingiz past — daromadning 0% i. Nima qilish mumkin: To'lov qobiliyatingiz 27 700 000 so'm ga yetadi. Shu summani so'rasangiz, ariza qo'lda ko'rib chiqishga tushadi. Muddatni uzaytiring (hozir 2 yil) — oylik to'lov kamayadi va qarz yuki chegara ichiga tushadi.","Qo'lda ko'rib chiqish: Yangi to'lov daromadning 41.8% ini oladi — shift 35.0%; Ball 620 — avtomatik ma'qullash chegarasi 630 dan past. Diqqat talab qiladigan omillar: Bank oqimi / deklaratsiya (-4), Bank bilan tarix (oy) (-4). Ball 620, tavsiya etilgan limit 27 700 000 so'm.",Bank oqimi / deklaratsiya (-4 ball),27700000,0,0.4182,0.4182,0.028,v1
AP002576,626.5,0.047519,QOLDA_KORIB_CHIQISH,"Arizangiz bank xodimiga ko'rib chiqishga yuborildi. Ko'rsatkichlaringiz chegaraviy zonada — avtomatik qaror o'rniga bank xodimi arizangizni qo'lda ko'rib chiqadi. To'sqinlik qildi: bankimiz bilan tarixingiz qisqa — 2 yil 5 oy, sizni hali yaxshi bilmaymiz; bank hisobingizdagi tushum deklaratsiya bilan mos. Foydangizga ishladi: bandlik turingiz (byudjet) barqaror daromad beradi; oxirgi oylarda daromadingiz o'sgan; barcha to'lovlardan keyin oyiga 3 644 204 so'm qoladi. Nima qilish mumkin: So'rovni 11 000 000 so'm gacha kamaytiring — bu summada ma'qullanish ehtimoli sezilarli oshadi.","Qo'lda ko'rib chiqish: Ball 627 — avtomatik ma'qullash chegarasi 630 dan past. Diqqat talab qiladigan omillar: Bank bilan tarix (oy) (-4), Bank oqimi / deklaratsiya (-2). Ball 627, tavsiya etilgan limit 15 611 444 so'm.",Bank bilan tarix (oy) (-4 ball),15611444,11000000,0.1904,0.1904,0.0331,v1
AP002577,566.8,0.283241,RAD_ETILDI,"Afsuski, hozircha kredit bera olmaymiz. Sabab: hozirgi daromadingiz mavjud to'lovlardan keyin yangi kreditni ko'tara olmaydi. To'sqinlik qildi: yangi kreditgacha ham mavjud to'lovlaringiz daromadning 68% ini oladi; mavjud qarz qoldig'i yillik daromadingizdan 0.3 barobar; bank hisobingizdagi tushum deklaratsiya bilan mos. Foydangizga ishladi: ish stajingiz uzoq — 13 yil 6 oy; oylik daromadingiz 3 911 852 so'm — yetarli daraja; bandlik turingiz (IT) barqaror daromad beradi. Nima qilish mumkin: Mavjud kreditlaringizdan birini yopsangiz, qarz yuki pasayadi va limit sezilarli oshadi.","Rad etildi: So'ralgan summada DTI 75.3% — shift 50.0%; to'lov qobiliyati qolmagan; Defolt ehtimoli 28.3% — shift 20.0%. Ballga eng ko'p salbiy ta'sir: Mavjud qarz yuki (yangi kreditsiz) (-19 ball), Qarz qoldig'i / yillik daromad (-11 ball). Yakuniy ball 567.",Mavjud qarz yuki (yangi kreditsiz) (-19 ball),0,0,0.7533,0.071,0.0238,v1
AP002578,621.3,0.056384,QOLDA_KORIB_CHIQISH,Arizangiz bank xodimiga ko'rib chiqishga yuborildi. Ko'rsatkichlaringiz chegaraviy zonada — avtomatik qaror o'rniga bank xodimi arizangizni qo'lda ko'rib chiqadi. To'sqinlik qildi: ish stajingiz qisqa — atigi 1 yil 8 oy; xarajatlaringiz daromadning 71% ini yeb qo'yadi; oxirgi oylarda daromadingiz kamaygan. Foydangizga ishladi: oylik daromadingiz 5 830 894 so'm — yetarli daraja; bandlik turingiz (qurilish) barqaror daromad beradi; barcha to'lovlardan keyin oyiga 4 699 810 so'm qoladi. Nima qilish mumkin: Qo'shimcha shart yo'q — hujjatlarni tasdiqlash uchun bank xodimi siz bilan bog'lanadi.,"Qo'lda ko'rib chiqish: Ball 621 — avtomatik ma'qullash chegarasi 630 dan past. Diqqat talab qiladigan omillar: Ish staji (oy) (-15), Sarf intensivligi (chiqim/kirim) (-4). Ball 621, tavsiya etilgan limit 36 327 430 so'm.",Ish staji (oy) (-15 ball),36327430,0,0.194,0.194,0.2407,v1
AP002579,649.3,0.022102,MAQULLANDI,Tabriklaymiz — kredit ma'qullandi. 16 823 843 so'm miqdorida kredit tasdiqlandi. Oylik to'lov taxminan 923 435 so'm bo'ladi. To'sqinlik qildi: oylik daromadingiz 3 025 617 so'm — so'ralgan summa uchun kam. Foydangizga ishladi: bank hisobingizdagi tushum deklaratsiya bilan mos; ish stajingiz uzoq — 11 yil 6 oy; barcha to'lovlardan keyin oyiga 2 102 182 so'm qoladi. Nima qilish mumkin: Qo'shimcha shart yo'q — hujjatlarni tasdiqlash uchun bank xodimi siz bilan bog'lanadi.,"Ma'qullandi: ball 649 (PD 2.2%), DTI 30.5% shift ichida. Asosiy ijobiy omillar: Bank oqimi / deklaratsiya (+14 ball), Ish staji (oy) (+13 ball), To'lovlardan keyingi erkin pul (+7 ball). Tasdiqlangan summa 16 823 843 so'm.",Oylik daromad medianasi (-3 ball),16823843,19200000,0.3052,0.3052,0.0341,v1
AP002580,652.9,0.019599,MAQULLANDI,"Tabriklaymiz — kredit ma'qullandi. 13 410 661 so'm miqdorida kredit tasdiqlandi. Oylik to'lov taxminan 1 294 209 so'm bo'ladi. To'sqinlik qildi: bankimiz bilan tarixingiz qisqa — 1 yil 8 oy, sizni hali yaxshi bilmaymiz; oxirgi oylarda daromadingiz kamaygan; xarajatlaringiz daromadning 69% ini yeb qo'yadi. Foydangizga ishladi: yangi kreditsiz ham qarz yukingiz past — daromadning 7% i; ish stajingiz uzoq — 12 yil 2 oy; barcha to'lovlardan keyin oyiga 9 636 941 so'm qoladi. Nima qilish mumkin: Qo'shimcha shart yo'q — hujjatlarni tasdiqlash uchun bank xodimi siz bilan bog'lanadi.","Ma'qullandi: ball 653 (PD 2.0%), DTI 17.9% shift ichida. Asosiy ijobiy omillar: Mavjud qarz yuki (yangi kreditsiz) (+14 ball), Ish staji (oy) (+13 ball), To'lovlardan keyingi erkin pul (+9 ball). Tasdiqlangan summa 13 410 661 so'm.",Bank bilan tarix (oy) (-4 ball),13410661,42500000,0.1785,0.1103,0.1794,v1
AP002581,598.8,0.115422,QOLDA_KORIB_CHIQISH,"Arizangiz bank xodimiga ko'rib chiqishga yuborildi. Ko'rsatkichlaringiz chegaraviy zonada — avtomatik qaror o'rniga bank xodimi arizangizni qo'lda ko'rib chiqadi. To'sqinlik qildi: bank hisobingizdagi tushum deklaratsiya bilan mos; bankimiz bilan tarixingiz qisqa — 2 yil 9 oy, sizni hali yaxshi bilmaymiz; xarajatlaringiz daromadning 71% ini yeb qo'yadi. Foydangizga ishladi: barcha to'lovlardan keyin oyiga 2 091 821 so'm qoladi; ish stajingiz uzoq — 7 yil 4 oy; yangi kreditsiz ham qarz yukingiz past — daromadning 0% i. Nima qilish mumkin: Qo'shimcha shart yo'q — hujjatlarni tasdiqlash uchun bank xodimi siz bilan bog'lanadi.","Qo'lda ko'rib chiqish: Ball 599 — avtomatik ma'qullash chegarasi 630 dan past. Diqqat talab qiladigan omillar: Bank oqimi / deklaratsiya (-11), Bank bilan tarix (oy) (-4). Ball 599, tavsiya etilgan limit 21 972 350 so'm.",Bank oqimi / deklaratsiya (-11 ball),21972350,0,0.3029,0.3029,0.037,v1
AP002582,626.7,0.047255,QOLDA_KORIB_CHIQISH,"Arizangiz bank xodimiga ko'rib chiqishga yuborildi. Ko'rsatkichlaringiz chegaraviy zonada — avtomatik qaror o'rniga bank xodimi arizangizni qo'lda ko'rib chiqadi. To'sqinlik qildi: mavjud qarz qoldig'i yillik daromadingizdan 0.9 barobar; oxirgi oylarda daromadingiz kamaygan. Foydangizga ishladi: bandlik turingiz (xususiy) barqaror daromad beradi; bank hisobingizdagi tushum deklaratsiya bilan mos; yangi kreditsiz ham qarz yukingiz past — daromadning 31% i. Nima qilish mumkin: Mavjud kreditlaringizdan birini yopsangiz, qarz yuki pasayadi va limit sezilarli oshadi.","Qo'lda ko'rib chiqish: Ball 627 — avtomatik ma'qullash chegarasi 630 dan past. Diqqat talab qiladigan omillar: Qarz qoldig'i / yillik daromad (-11), Daromad trendi (2-yarim/1-yarim) (-2). Ball 627, tavsiya etilgan limit 8 316 661 so'm.",Qarz qoldig'i / yillik daromad (-11 ball),8316661,0,0.3858,0.0749,0.3025,v1
AP002583,597.9,0.118348,QOLDA_KORIB_CHIQISH,"Arizangiz bank xodimiga ko'rib chiqishga yuborildi. So'ragan 47 618 417 so'm ni to'liq bera olmaymiz, lekin 10 800 000 so'm sizning to'lov qobiliyatingizga to'g'ri keladi — bunda oylik to'lov 1 042 265 so'm bo'ladi. Yakuniy qarorni bank xodimi tasdiqlaydi. To'sqinlik qildi: barcha to'lovlardan keyin qo'lingizda pul umuman qolmaydi; mavjud qarz qoldig'i yillik daromadingizdan 0.2 barobar; bank hisobingizdagi tushum deklaratsiya bilan mos. Foydangizga ishladi: yangi kreditsiz ham qarz yukingiz past — daromadning 11% i; bandlik turingiz (xususiy) barqaror daromad beradi; oxirgi oylarda daromadingiz o'sgan. Nima qilish mumkin: To'lov qobiliyatingiz 10 800 000 so'm ga yetadi. Shu summani so'rasangiz, ariza qo'lda ko'rib chiqishga tushadi. Muddatni uzaytiring (hozir 1 yil) — oylik to'lov kamayadi va qarz yuki chegara ichiga tushadi.","Qo'lda ko'rib chiqish: So'ralgan summada DTI 164.7% — shift 50.0%; taklif: 10 800 000 so'm; Yangi to'lov daromadning 153.8% ini oladi — shift 35.0%. Diqqat talab qiladigan omillar: To'lovlardan keyingi erkin pul (-15), Qarz qoldig'i / yillik daromad (-11). Ball 598, tavsiya etilgan limit 10 800 000 so'm.",To'lovlardan keyingi erkin pul (-15 ball),10800000,0,1.6468,1.5378,0.0328,v1
AP002584,596.6,0.123128,QOLDA_KORIB_CHIQISH,"Arizangiz bank xodimiga ko'rib chiqishga yuborildi. So'ragan 10 348 472 so'm ni to'liq bera olmaymiz, lekin 9 800 000 so'm sizning to'lov qobiliyatingizga to'g'ri keladi — bunda oylik to'lov 537 907 so'm bo'ladi. Yakuniy qarorni bank xodimi tasdiqlaydi. To'sqinlik qildi: oylik daromadingiz 1 980 147 so'm — so'ralgan summa uchun kam; bank hisobingizdagi tushum deklaratsiya bilan mos; xarajatlaringiz daromadning 69% ini yeb qo'yadi. Foydangizga ishladi: yangi kreditsiz ham qarz yukingiz past — daromadning 23% i; mavjud qarz qoldig'i yillik daromadingizga nisbatan kichik; ish stajingiz uzoq — 13 yil 10 oy. Nima qilish mumkin: To'lov qobiliyatingiz 9 800 000 so'm ga yetadi. Shu summani so'rasangiz, ariza qo'lda ko'rib chiqishga tushadi. Muddatni uzaytiring (hozir 2 yil) — oylik to'lov kamayadi va qarz yuki chegara ichiga tushadi.","Qo'lda ko'rib chiqish: So'ralgan summada DTI 51.5% — shift 50.0%; taklif: 9 800 000 so'm; Ball 597 — avtomatik ma'qullash chegarasi 630 dan past. Diqqat talab qiladigan omillar: Oylik daromad medianasi (-11), Bank oqimi / deklaratsiya (-11). Ball 597, tavsiya etilgan limit 9 800 000 so'm.",Oylik daromad medianasi (-11 ball),9800000,0,0.5152,0.2869,0.0373,v1
AP002585,568.4,0.272009,RAD_ETILDI,"Afsuski, hozircha kredit bera olmaymiz. Sabab: umumiy risk bahosi bankimiz chegarasidan yuqori chiqdi — quyidagi omillar hal qiluvchi bo'ldi. To'sqinlik qildi: barcha to'lovlardan keyin qo'lingizda pul umuman qolmaydi; ish stajingiz qisqa — atigi 6 oy; mavjud qarz qoldig'i yillik daromadingizdan 0.5 barobar. Foydangizga ishladi: yangi kreditsiz ham qarz yukingiz past — daromadning 35% i; oxirgi oylarda daromadingiz o'sgan; bankimiz bilan tarixingiz uzoq — 9 yil 8 oy. Nima qilish mumkin: To'lov qobiliyatingiz 2 600 000 so'm ga yetadi. Shu summani so'rasangiz, ariza qo'lda ko'rib chiqishga tushadi. Muddatni uzaytiring (hozir 6 oy) — oylik to'lov kamayadi va qarz yuki chegara ichiga tushadi. Mavjud kreditlaringizdan birini yopsangiz, qarz yuki pasayadi va limit sezilarli oshadi.","Rad etildi: Defolt ehtimoli 27.2% — shift 20.0%; Ball 568.4 — minimal chegara 580. Ballga eng ko'p salbiy ta'sir: To'lovlardan keyingi erkin pul (-15 ball), Ish staji (oy) (-15 ball). Yakuniy ball 568.",To'lovlardan keyingi erkin pul (-15 ball),0,0,1.5619,1.216,0.0336,v1
AP002586,625.3,0.049428,QOLDA_KORIB_CHIQISH,Arizangiz bank xodimiga ko'rib chiqishga yuborildi. Ko'rsatkichlaringiz chegaraviy zonada — avtomatik qaror o'rniga bank xodimi arizangizni qo'lda ko'rib chiqadi. To'sqinlik qildi: ish stajingiz qisqa — atigi 1 yil 7 oy; oxirgi oylarda daromadingiz kamaygan. Foydangizga ishladi: yangi kreditsiz ham qarz yukingiz past — daromadning 9% i; barcha to'lovlardan keyin oyiga 8 882 778 so'm qoladi; bandlik turingiz (xususiy) barqaror daromad beradi. Nima qilish mumkin: Qo'shimcha shart yo'q — hujjatlarni tasdiqlash uchun bank xodimi siz bilan bog'lanadi.,"Qo'lda ko'rib chiqish: Ball 625 — avtomatik ma'qullash chegarasi 630 dan past. Diqqat talab qiladigan omillar: Ish staji (oy) (-15), Daromad trendi (2-yarim/1-yarim) (-7). Ball 625, tavsiya etilgan limit 13 456 573 so'm.",Ish staji (oy) (-15 ball),13456573,0,0.2842,0.1958,0.23,v1
AP002587,647.0,0.023925,MAQULLANDI,Tabriklaymiz — kredit ma'qullandi. 5 718 058 so'm miqdorida kredit tasdiqlandi. Oylik to'lov taxminan 236 519 so'm bo'ladi. To'sqinlik qildi: xarajatlaringiz daromadning 64% ini yeb qo'yadi. Foydangizga ishladi: bank hisobingizdagi tushum deklaratsiya bilan mos; bandlik turingiz (xususiy) barqaror daromad beradi; barcha to'lovlardan keyin oyiga 3 996 319 so'm qoladi. Nima qilish mumkin: Qo'shimcha shart yo'q — hujjatlarni tasdiqlash uchun bank xodimi siz bilan bog'lanadi.,"Ma'qullandi: ball 647 (PD 2.4%), DTI 5.6% shift ichida. Asosiy ijobiy omillar: Bank oqimi / deklaratsiya (+14 ball), Bandlik turi (+9 ball), To'lovlardan keyingi erkin pul (+8 ball). Tasdiqlangan summa 5 718 058 so'm.",Sarf intensivligi (chiqim/kirim) (-3 ball),5718058,35800000,0.0559,0.0559,0.211,v1
AP002588,660.2,0.015263,MAQULLANDI,Tabriklaymiz — kredit ma'qullandi. 13 476 345 so'm miqdorida kredit tasdiqlandi. Oylik to'lov taxminan 739 696 so'm bo'ladi. To'sqinlik qildi: sezilarli salbiy omil topilmadi. Foydangizga ishladi: barcha to'lovlardan keyin oyiga 8 383 419 so'm qoladi; bandlik turingiz (xususiy) barqaror daromad beradi; oylik daromadingiz 9 123 116 so'm — yetarli daraja. Nima qilish mumkin: Qo'shimcha shart yo'q — hujjatlarni tasdiqlash uchun bank xodimi siz bilan bog'lanadi.,"Ma'qullandi: ball 660 (PD 1.5%), DTI 8.1% shift ichida. Asosiy ijobiy omillar: To'lovlardan keyingi erkin pul (+9 ball), Bandlik turi (+9 ball), Oylik daromad medianasi (+9 ball). Tasdiqlangan summa 13 476 345 so'm.",Daromad trendi (2-yarim/1-yarim) (-2 ball),13476345,58100000,0.0811,0.0811,0.033,v1
AP002589,556.3,0.362181,RAD_ETILDI,"Afsuski, hozircha kredit bera olmaymiz. Sabab: kredit tarixingizda 95 kunlik kechikish bor. To'sqinlik qildi: yangi kreditgacha ham mavjud to'lovlaringiz daromadning 133% ini oladi; o'tmishda 95 kunlik kechikish qayd etilgan; barcha to'lovlardan keyin qo'lingizda pul umuman qolmaydi. Foydangizga ishladi: ish stajingiz uzoq — 10 yil 3 oy; bank hisobingizdagi tushum deklaratsiya bilan mos; mavjud qarz qoldig'i yillik daromadingizga nisbatan kichik. Nima qilish mumkin: Mavjud kreditlaringizdan birini yopsangiz, qarz yuki pasayadi va limit sezilarli oshadi. Kechikish yopilgandan keyin 12 oy toza to'lov tarixi to'plang, so'ng qayta murojaat qiling.","Rad etildi: O'tmishda 95 kunlik kechikish (90+ kun — qattiq to'siq); So'ralgan summada DTI 167.9% — shift 50.0%; to'lov qobiliyati qolmagan. Ballga eng ko'p salbiy ta'sir: Mavjud qarz yuki (yangi kreditsiz) (-19 ball), O'tmishdagi maks. kechikish (kun) (-16 ball). Yakuniy ball 556.",Mavjud qarz yuki (yangi kreditsiz) (-19 ball),0,0,1.6793,0.3514,0.2646,v1
AP002590,617.8,0.063128,QOLDA_KORIB_CHIQISH,"Arizangiz bank xodimiga ko'rib chiqishga yuborildi. So'ragan 24 902 714 so'm ni to'liq bera olmaymiz, lekin 7 200 000 so'm sizning to'lov qobiliyatingizga to'g'ri keladi — bunda oylik to'lov 1 299 883 so'm bo'ladi. Yakuniy qarorni bank xodimi tasdiqlaydi. To'sqinlik qildi: daromadning 19% i naqd yechib olinadi — bank uchun bu ko'rinmas pul; oila a'zosiga oyiga atigi 532 227 so'm to'g'ri keladi; bank hisobingizdagi tushum deklaratsiya bilan mos. Foydangizga ishladi: oxirgi oylarda daromadingiz o'sgan; xarajatlaringiz daromadning 73% i — tejamkor; yangi kreditsiz ham qarz yukingiz past — daromadning 0% i. Nima qilish mumkin: To'lov qobiliyatingiz 7 200 000 so'm ga yetadi. Shu summani so'rasangiz, ariza qo'lda ko'rib chiqishga tushadi. Muddatni uzaytiring (hozir 6 oy) — oylik to'lov kamayadi va qarz yuki chegara ichiga tushadi.","Qo'lda ko'rib chiqish: So'ralgan summada DTI 120.7% — shift 50.0%; taklif: 7 200 000 so'm; Yangi to'lov daromadning 120.7% ini oladi — shift 35.0%. Diqqat talab qiladigan omillar: Naqd yechish ulushi (-4), Jon boshiga daromad (-3). Ball 618, tavsiya etilgan limit 7 200 000 so'm.",Naqd yechish ulushi (-4 ball),7200000,0,1.2068,1.2068,0.0297,v1
AP002591,613.7,0.072183,QOLDA_KORIB_CHIQISH,"Arizangiz bank xodimiga ko'rib chiqishga yuborildi. Ko'rsatkichlaringiz chegaraviy zonada — avtomatik qaror o'rniga bank xodimi arizangizni qo'lda ko'rib chiqadi. To'sqinlik qildi: bank hisobingizdagi tushum deklaratsiya bilan mos; bankimiz bilan tarixingiz qisqa — 2 yil 10 oy, sizni hali yaxshi bilmaymiz; xarajatlaringiz daromadning 71% ini yeb qo'yadi. Foydangizga ishladi: bandlik turingiz (byudjet) barqaror daromad beradi; barcha to'lovlardan keyin oyiga 3 637 706 so'm qoladi; yangi kreditsiz ham qarz yukingiz past — daromadning 0% i. Nima qilish mumkin: Qo'shimcha shart yo'q — hujjatlarni tasdiqlash uchun bank xodimi siz bilan bog'lanadi.","Qo'lda ko'rib chiqish: Ball 614 — avtomatik ma'qullash chegarasi 630 dan past. Diqqat talab qiladigan omillar: Bank oqimi / deklaratsiya (-11), Bank bilan tarix (oy) (-4). Ball 614, tavsiya etilgan limit 7 225 007 so'm.",Bank oqimi / deklaratsiya (-11 ball),7225007,0,0.0759,0.0759,0.0268,v1
AP002592,638.2,0.032159,MAQULLANDI,"Tabriklaymiz — kredit ma'qullandi. 9 827 705 so'm miqdorida kredit tasdiqlandi. Oylik to'lov taxminan 539 428 so'm bo'ladi. To'sqinlik qildi: bank hisobingizdagi tushum deklaratsiya bilan mos; bankimiz bilan tarixingiz qisqa — 2 yil 10 oy, sizni hali yaxshi bilmaymiz; o'tmishda 45 kunlik kechikish qayd etilgan. Foydangizga ishladi: yangi kreditsiz ham qarz yukingiz past — daromadning 7% i; barcha to'lovlardan keyin oyiga 7 305 954 so'm qoladi; bandlik turingiz (xususiy) barqaror daromad beradi. Nima qilish mumkin: Qo'shimcha shart yo'q — hujjatlarni tasdiqlash uchun bank xodimi siz bilan bog'lanadi.","Ma'qullandi: ball 638 (PD 3.2%), DTI 13.3% shift ichida. Asosiy ijobiy omillar: Mavjud qarz yuki (yangi kreditsiz) (+14 ball), To'lovlardan keyingi erkin pul (+9 ball), Bandlik turi (+9 ball). Tasdiqlangan summa 9 827 705 so'm.",Bank oqimi / deklaratsiya (-4 ball),9827705,53700000,0.1325,0.064,0.0335,v1
AP002593,584.2,0.177547,RAD_ETILDI,"Afsuski, hozircha kredit bera olmaymiz. Sabab: hozirgi daromadingiz mavjud to'lovlardan keyin yangi kreditni ko'tara olmaydi. To'sqinlik qildi: yangi kreditgacha ham mavjud to'lovlaringiz daromadning 92% ini oladi; mavjud qarz qoldig'i yillik daromadingizdan 0.6 barobar; xarajatlaringiz daromadning 62% ini yeb qo'yadi. Foydangizga ishladi: bandlik turingiz (xususiy) barqaror daromad beradi; oxirgi oylarda daromadingiz o'sgan; bankimiz bilan tarixingiz uzoq — 8 yil 1 oy. Nima qilish mumkin: Mavjud kreditlaringizdan birini yopsangiz, qarz yuki pasayadi va limit sezilarli oshadi.","Rad etildi: So'ralgan summada DTI 116.0% — shift 50.0%; to'lov qobiliyati qolmagan. Ballga eng ko'p salbiy ta'sir: Mavjud qarz yuki (yangi kreditsiz) (-19 ball), Qarz qoldig'i / yillik daromad (-11 ball). Yakuniy ball 584.",Mavjud qarz yuki (yangi kreditsiz) (-19 ball),0,0,1.1601,0.241,0.0325,v1
AP002594,625.2,0.049673,QOLDA_KORIB_CHIQISH,"Arizangiz bank xodimiga ko'rib chiqishga yuborildi. So'ragan 16 970 261 so'm ni to'liq bera olmaymiz, lekin 10 300 000 so'm sizning to'lov qobiliyatingizga to'g'ri keladi — bunda oylik to'lov 994 012 so'm bo'ladi. Yakuniy qarorni bank xodimi tasdiqlaydi. To'sqinlik qildi: oylik daromadingiz 2 844 252 so'm — so'ralgan summa uchun kam; xarajatlaringiz daromadning 70% ini yeb qo'yadi. Foydangizga ishladi: bandlik turingiz (xususiy) barqaror daromad beradi; barcha to'lovlardan keyin oyiga 1 206 520 so'm qoladi; ish stajingiz uzoq — 9 yil 4 oy. Nima qilish mumkin: To'lov qobiliyatingiz 10 300 000 so'm ga yetadi. Shu summani so'rasangiz, ariza qo'lda ko'rib chiqishga tushadi. Muddatni uzaytiring (hozir 1 yil) — oylik to'lov kamayadi va qarz yuki chegara ichiga tushadi.","Qo'lda ko'rib chiqish: So'ralgan summada DTI 57.6% — shift 50.0%; taklif: 10 300 000 so'm; Yangi to'lov daromadning 57.6% ini oladi — shift 35.0%. Diqqat talab qiladigan omillar: Oylik daromad medianasi (-3), Sarf intensivligi (chiqim/kirim) (-2). Ball 625, tavsiya etilgan limit 10 300 000 so'm.",Oylik daromad medianasi (-3 ball),10300000,0,0.5758,0.5758,0.2337,v1
AP002595,629.3,0.043335,QOLDA_KORIB_CHIQISH,Arizangiz bank xodimiga ko'rib chiqishga yuborildi. Ko'rsatkichlaringiz chegaraviy zonada — avtomatik qaror o'rniga bank xodimi arizangizni qo'lda ko'rib chiqadi. To'sqinlik qildi: bank hisobingizdagi tushum deklaratsiya bilan mos; xarajatlaringiz daromadning 69% ini yeb qo'yadi. Foydangizga ishladi: ish stajingiz uzoq — 12 yil 1 oy; barcha to'lovlardan keyin oyiga 4 426 886 so'm qoladi; oxirgi oylarda daromadingiz o'sgan. Nima qilish mumkin: Qo'shimcha shart yo'q — hujjatlarni tasdiqlash uchun bank xodimi siz bilan bog'lanadi.,"Qo'lda ko'rib chiqish: Ball 629 — avtomatik ma'qullash chegarasi 630 dan past. Diqqat talab qiladigan omillar: Bank oqimi / deklaratsiya (-11), Sarf intensivligi (chiqim/kirim) (-2). Ball 629, tavsiya etilgan limit 6 123 226 so'm.",Bank oqimi / deklaratsiya (-11 ball),6123226,0,0.0955,0.0687,0.1369,v1
AP002596,519.9,0.667294,RAD_ETILDI,"Afsuski, hozircha kredit bera olmaymiz. Sabab: hozirda doimiy ish joyingiz va muntazam daromadingiz yo'q. To'sqinlik qildi: bandlik turingiz (ishsiz) yuqori xavfli guruhda; ish stajingiz qisqa — atigi 0 oy; bank hisobingizdagi tushum deklaratsiya bilan mos. Foydangizga ishladi: oylik daromadingiz 6 864 690 so'm — yetarli daraja; barcha to'lovlardan keyin oyiga 4 737 651 so'm qoladi; yangi kreditsiz ham qarz yukingiz past — daromadning 0% i. Nima qilish mumkin: Rasmiy ish joyi va muntazam daromad tasdiqlangach murojaat qiling — bu asosiy shart.","Rad etildi: Bandlik holati: ishsiz — doimiy daromad manbai yo'q; Defolt ehtimoli 66.7% — shift 20.0%. Ballga eng ko'p salbiy ta'sir: Bandlik turi (-68 ball), Ish staji (oy) (-15 ball). Yakuniy ball 520.",Bandlik turi (-68 ball),0,0,0.3099,0.3099,0.2393,v1
AP002597,650.2,0.021479,MAQULLANDI,Tabriklaymiz — kredit ma'qullandi. 22 389 710 so'm miqdorida kredit tasdiqlandi. Oylik to'lov taxminan 697 122 so'm bo'ladi. To'sqinlik qildi: bank hisobingizdagi tushum deklaratsiya bilan mos. Foydangizga ishladi: ish stajingiz uzoq — 10 yil 5 oy; bandlik turingiz (byudjet) barqaror daromad beradi; yangi kreditsiz ham qarz yukingiz past — daromadning 18% i. Nima qilish mumkin: Qo'shimcha shart yo'q — hujjatlarni tasdiqlash uchun bank xodimi siz bilan bog'lanadi.,"Ma'qullandi: ball 650 (PD 2.1%), DTI 37.0% shift ichida. Asosiy ijobiy omillar: Ish staji (oy) (+13 ball), Bandlik turi (+11 ball), Mavjud qarz yuki (yangi kreditsiz) (+8 ball). Tasdiqlangan summa 22 389 710 so'm.",Bank oqimi / deklaratsiya (-2 ball),22389710,37300000,0.3704,0.1938,0.0305,v1
AP002598,624.0,0.051518,QOLDA_KORIB_CHIQISH,Arizangiz bank xodimiga ko'rib chiqishga yuborildi. Ko'rsatkichlaringiz chegaraviy zonada — avtomatik qaror o'rniga bank xodimi arizangizni qo'lda ko'rib chiqadi. To'sqinlik qildi: bank hisobingizdagi tushum deklaratsiya bilan mos; xarajatlaringiz daromadning 70% ini yeb qo'yadi; oxirgi oylarda daromadingiz kamaygan. Foydangizga ishladi: bandlik turingiz (xususiy) barqaror daromad beradi; barcha to'lovlardan keyin oyiga 2 509 479 so'm qoladi; yangi kreditsiz ham qarz yukingiz past — daromadning 0% i. Nima qilish mumkin: Qo'shimcha shart yo'q — hujjatlarni tasdiqlash uchun bank xodimi siz bilan bog'lanadi.,"Qo'lda ko'rib chiqish: Ball 624 — avtomatik ma'qullash chegarasi 630 dan past. Diqqat talab qiladigan omillar: Bank oqimi / deklaratsiya (-4), Sarf intensivligi (chiqim/kirim) (-4). Ball 624, tavsiya etilgan limit 18 401 335 so'm.",Bank oqimi / deklaratsiya (-4 ball),18401335,0,0.287,0.287,0.249,v1
AP002599,624.7,0.050495,QOLDA_KORIB_CHIQISH,Arizangiz bank xodimiga ko'rib chiqishga yuborildi. Ko'rsatkichlaringiz chegaraviy zonada — avtomatik qaror o'rniga bank xodimi arizangizni qo'lda ko'rib chiqadi. To'sqinlik qildi: oylik daromadingiz 2 905 148 so'm — so'ralgan summa uchun kam; oxirgi oylarda daromadingiz kamaygan. Foydangizga ishladi: bank hisobingizdagi tushum deklaratsiya bilan mos; barcha to'lovlardan keyin oyiga 2 111 629 so'm qoladi; yangi kreditsiz ham qarz yukingiz past — daromadning 0% i. Nima qilish mumkin: Qo'shimcha shart yo'q — hujjatlarni tasdiqlash uchun bank xodimi siz bilan bog'lanadi.,"Qo'lda ko'rib chiqish: Ball 625 — avtomatik ma'qullash chegarasi 630 dan past. Diqqat talab qiladigan omillar: Oylik daromad medianasi (-3), Daromad trendi (2-yarim/1-yarim) (-2). Ball 625, tavsiya etilgan limit 19 183 987 so'm.",Oylik daromad medianasi (-3 ball),19183987,0,0.2731,0.2731,0.3382,v1
AP002600,619.1,0.060614,QOLDA_KORIB_CHIQISH,"Arizangiz bank xodimiga ko'rib chiqishga yuborildi. So'ragan 35 592 789 so'm ni to'liq bera olmaymiz, lekin 8 600 000 so'm sizning to'lov qobiliyatingizga to'g'ri keladi — bunda oylik to'lov 829 952 so'm bo'ladi. Yakuniy qarorni bank xodimi tasdiqlaydi. To'sqinlik qildi: bankimiz bilan tarixingiz qisqa — 1 yil 3 oy, sizni hali yaxshi bilmaymiz; bank hisobingizdagi tushum deklaratsiya bilan mos. Foydangizga ishladi: yangi kreditsiz ham qarz yukingiz past — daromadning 28% i; xarajatlaringiz daromadning 68% i — tejamkor; mavjud qarz qoldig'i yillik daromadingizga nisbatan kichik. Nima qilish mumkin: So'rovni 8 600 000 so'm gacha kamaytiring — bu summada ma'qullanish ehtimoli sezilarli oshadi. Muddatni uzaytiring (hozir 1 yil) — oylik to'lov kamayadi va qarz yuki chegara ichiga tushadi. Mavjud kreditlaringizdan birini yopsangiz, qarz yuki pasayadi va limit sezilarli oshadi.","Qo'lda ko'rib chiqish: So'ralgan summada DTI 118.9% — shift 50.0%; taklif: 8 600 000 so'm; Yangi to'lov daromadning 91.0% ini oladi — shift 35.0%. Diqqat talab qiladigan omillar: Bank bilan tarix (oy) (-4), Bank oqimi / deklaratsiya (-2). Ball 619, tavsiya etilgan limit 8 600 000 so'm.",Bank bilan tarix (oy) (-4 ball),8600000,8600000,1.1885,0.9098,0.0349,v1
AP002601,609.6,0.082362,RAD_ETILDI,"Afsuski, hozircha kredit bera olmaymiz. Sabab: hozirgi daromadingiz mavjud to'lovlardan keyin yangi kreditni ko'tara olmaydi. To'sqinlik qildi: yangi kreditgacha ham mavjud to'lovlaringiz daromadning 59% ini oladi; bankimiz bilan tarixingiz qisqa — 5 oy, sizni hali yaxshi bilmaymiz; daromadning 19% i naqd yechib olinadi — bank uchun bu ko'rinmas pul. Foydangizga ishladi: oylik daromadingiz 6 403 742 so'm — yetarli daraja; oxirgi oylarda daromadingiz o'sgan; xarajatlaringiz daromadning 67% i — tejamkor. Nima qilish mumkin: Mavjud kreditlaringizdan birini yopsangiz, qarz yuki pasayadi va limit sezilarli oshadi.","Rad etildi: So'ralgan summada DTI 89.7% — shift 50.0%; to'lov qobiliyati qolmagan. Ballga eng ko'p salbiy ta'sir: Mavjud qarz yuki (yangi kreditsiz) (-19 ball), Bank bilan tarix (oy) (-4 ball). Yakuniy ball 610.",Mavjud qarz yuki (yangi kreditsiz) (-19 ball),0,0,0.8968,0.3027,0.0292,v1
AP002602,628.3,0.044799,QOLDA_KORIB_CHIQISH,Arizangiz bank xodimiga ko'rib chiqishga yuborildi. Ko'rsatkichlaringiz chegaraviy zonada — avtomatik qaror o'rniga bank xodimi arizangizni qo'lda ko'rib chiqadi. To'sqinlik qildi: bank hisobingizdagi tushum deklaratsiya bilan mos. Foydangizga ishladi: yangi kreditsiz ham qarz yukingiz past — daromadning 15% i; barcha to'lovlardan keyin oyiga 4 311 455 so'm qoladi; ish stajingiz uzoq — 7 yil 8 oy. Nima qilish mumkin: Qo'shimcha shart yo'q — hujjatlarni tasdiqlash uchun bank xodimi siz bilan bog'lanadi.,"Qo'lda ko'rib chiqish: Ball 628 — avtomatik ma'qullash chegarasi 630 dan past. Diqqat talab qiladigan omillar: Bank oqimi / deklaratsiya (-4), Daromad trendi (2-yarim/1-yarim) (-2). Ball 628, tavsiya etilgan limit 10 866 293 so'm.",Bank oqimi / deklaratsiya (-4 ball),10866293,0,0.2134,0.0617,0.0227,v1
AP002603,549.1,0.422195,RAD_ETILDI,"Afsuski, hozircha kredit bera olmaymiz. Sabab: hozirgi daromadingiz mavjud to'lovlardan keyin yangi kreditni ko'tara olmaydi. To'sqinlik qildi: yangi kreditgacha ham mavjud to'lovlaringiz daromadning 186% ini oladi; barcha to'lovlardan keyin qo'lingizda pul umuman qolmaydi; mavjud qarz qoldig'i yillik daromadingizdan 0.4 barobar. Foydangizga ishladi: bandlik turingiz (xususiy) barqaror daromad beradi; bank hisobingizdagi tushum deklaratsiya bilan mos. Nima qilish mumkin: Mavjud kreditlaringizdan birini yopsangiz, qarz yuki pasayadi va limit sezilarli oshadi.","Rad etildi: So'ralgan summada DTI 206.7% — shift 50.0%; to'lov qobiliyati qolmagan; Defolt ehtimoli 42.2% — shift 20.0%. Ballga eng ko'p salbiy ta'sir: Mavjud qarz yuki (yangi kreditsiz) (-19 ball), To'lovlardan keyingi erkin pul (-15 ball). Yakuniy ball 549.",Mavjud qarz yuki (yangi kreditsiz) (-19 ball),0,0,2.0668,0.2094,0.2879,v1
AP002604,631.2,0.040667,QOLDA_KORIB_CHIQISH,Arizangiz bank xodimiga ko'rib chiqishga yuborildi. Ko'rsatkichlaringiz chegaraviy zonada — avtomatik qaror o'rniga bank xodimi arizangizni qo'lda ko'rib chiqadi. To'sqinlik qildi: ish stajingiz qisqa — atigi 1 yil 10 oy; oxirgi oylarda daromadingiz kamaygan. Foydangizga ishladi: yangi kreditsiz ham qarz yukingiz past — daromadning 9% i; bandlik turingiz (xususiy) barqaror daromad beradi; barcha to'lovlardan keyin oyiga 4 670 388 so'm qoladi. Nima qilish mumkin: Qo'shimcha shart yo'q — hujjatlarni tasdiqlash uchun bank xodimi siz bilan bog'lanadi.,"Qo'lda ko'rib chiqish: so'ralgan 3 851 850 so'm o'rniga to'lov qobiliyati 0 so'm ga yetadi (skorkarta bali / PD chegarasi). Diqqat talab qiladigan omillar: Ish staji (oy) (-15), Daromad trendi (2-yarim/1-yarim) (-2). Ball 631, tavsiya etilgan limit 0 so'm.",Ish staji (oy) (-15 ball),0,0,0.1093,0.0229,0.2283,v1
AP002605,672.5,0.010025,MAQULLANDI,Tabriklaymiz — kredit ma'qullandi. 18 434 573 so'm miqdorida kredit tasdiqlandi. Oylik to'lov taxminan 762 520 so'm bo'ladi. To'sqinlik qildi: sezilarli salbiy omil topilmadi. Foydangizga ishladi: ish stajingiz uzoq — 11 yil 7 oy; barcha to'lovlardan keyin oyiga 8 972 914 so'm qoladi; bandlik turingiz (xususiy) barqaror daromad beradi. Nima qilish mumkin: Qo'shimcha shart yo'q — hujjatlarni tasdiqlash uchun bank xodimi siz bilan bog'lanadi.,"Ma'qullandi: ball 673 (PD 1.0%), DTI 7.8% shift ichida. Asosiy ijobiy omillar: Ish staji (oy) (+13 ball), To'lovlardan keyingi erkin pul (+9 ball), Bandlik turi (+9 ball). Tasdiqlangan summa 18 434 573 so'm.",salbiy omil yo'q,18434573,82300000,0.0783,0.0783,0.0315,v1
AP002606,596.6,0.123113,QOLDA_KORIB_CHIQISH,"Arizangiz bank xodimiga ko'rib chiqishga yuborildi. So'ragan 28 636 497 so'm ni to'liq bera olmaymiz, lekin 3 800 000 so'm sizning to'lov qobiliyatingizga to'g'ri keladi — bunda oylik to'lov 208 576 so'm bo'ladi. Yakuniy qarorni bank xodimi tasdiqlaydi. To'sqinlik qildi: mavjud qarz qoldig'i yillik daromadingizdan 0.4 barobar; oylik daromadingiz 2 230 972 so'm — so'ralgan summa uchun kam; bankimiz bilan tarixingiz qisqa — 2 oy, sizni hali yaxshi bilmaymiz. Foydangizga ishladi: bank hisobingizdagi tushum deklaratsiya bilan mos; yangi kreditsiz ham qarz yukingiz past — daromadning 41% i; pul harakatingiz shaffof, naqd yechish kam. Nima qilish mumkin: To'lov qobiliyatingiz 3 800 000 so'm ga yetadi. Shu summani so'rasangiz, ariza qo'lda ko'rib chiqishga tushadi. Muddatni uzaytiring (hozir 2 yil) — oylik to'lov kamayadi va qarz yuki chegara ichiga tushadi. Mavjud kreditlaringizdan birini yopsangiz, qarz yuki pasayadi va limit sezilarli oshadi.","Qo'lda ko'rib chiqish: So'ralgan summada DTI 111.0% — shift 50.0%; taklif: 3 800 000 so'm; Yangi to'lov daromadning 70.5% ini oladi — shift 35.0%. Diqqat talab qiladigan omillar: Qarz qoldig'i / yillik daromad (-11), Oylik daromad medianasi (-11). Ball 597, tavsiya etilgan limit 3 800 000 so'm.",Qarz qoldig'i / yillik daromad (-11 ball),3800000,0,1.1099,0.7045,0.0322,v1
AP002607,644.5,0.026007,MAQULLANDI,"Tabriklaymiz — kredit ma'qullandi. 16 721 505 so'm miqdorida kredit tasdiqlandi. Oylik to'lov taxminan 917 818 so'm bo'ladi. To'sqinlik qildi: bankimiz bilan tarixingiz qisqa — 0 oy, sizni hali yaxshi bilmaymiz; daromadning 20% i naqd yechib olinadi — bank uchun bu ko'rinmas pul; xarajatlaringiz daromadning 72% ini yeb qo'yadi. Foydangizga ishladi: ish stajingiz uzoq — 11 yil 10 oy; barcha to'lovlardan keyin oyiga 8 665 602 so'm qoladi; oylik daromadingiz 9 583 420 so'm — yetarli daraja. Nima qilish mumkin: Qo'shimcha shart yo'q — hujjatlarni tasdiqlash uchun bank xodimi siz bilan bog'lanadi.","Ma'qullandi: ball 645 (PD 2.6%), DTI 9.6% shift ichida. Asosiy ijobiy omillar: Ish staji (oy) (+13 ball), To'lovlardan keyingi erkin pul (+9 ball), Oylik daromad medianasi (+9 ball). Tasdiqlangan summa 16 721 505 so'm.",Bank bilan tarix (oy) (-4 ball),16721505,61100000,0.0958,0.0958,0.0266,v1
AP002608,640.4,0.029899,MAQULLANDI,Tabriklaymiz — kredit ma'qullandi. 9 354 396 so'm miqdorida kredit tasdiqlandi. Oylik to'lov taxminan 386 931 so'm bo'ladi. To'sqinlik qildi: daromadning 19% i naqd yechib olinadi — bank uchun bu ko'rinmas pul; bank hisobingizdagi tushum deklaratsiya bilan mos. Foydangizga ishladi: bandlik turingiz (byudjet) barqaror daromad beradi; barcha to'lovlardan keyin oyiga 4 924 660 so'm qoladi; oxirgi oylarda daromadingiz o'sgan. Nima qilish mumkin: Qo'shimcha shart yo'q — hujjatlarni tasdiqlash uchun bank xodimi siz bilan bog'lanadi.,"Ma'qullandi: ball 640 (PD 3.0%), DTI 7.3% shift ichida. Asosiy ijobiy omillar: Bandlik turi (+11 ball), To'lovlardan keyingi erkin pul (+8 ball), Daromad trendi (2-yarim/1-yarim) (+8 ball). Tasdiqlangan summa 9 354 396 so'm.",Naqd yechish ulushi (-4 ball),9354396,44900000,0.0728,0.0728,0.0295,v1
AP002609,596.3,0.124493,QOLDA_KORIB_CHIQISH,"Arizangiz bank xodimiga ko'rib chiqishga yuborildi. So'ragan 46 093 681 so'm ni to'liq bera olmaymiz, lekin 9 200 000 so'm sizning to'lov qobiliyatingizga to'g'ri keladi — bunda oylik to'lov 1 660 962 so'm bo'ladi. Yakuniy qarorni bank xodimi tasdiqlaydi. To'sqinlik qildi: barcha to'lovlardan keyin qo'lingizda pul umuman qolmaydi; bank hisobingizdagi tushum deklaratsiya bilan mos; bankimiz bilan tarixingiz qisqa — 9 oy, sizni hali yaxshi bilmaymiz. Foydangizga ishladi: bandlik turingiz (xususiy) barqaror daromad beradi; ish stajingiz uzoq — 7 yil 6 oy; yangi kreditsiz ham qarz yukingiz past — daromadning 0% i. Nima qilish mumkin: To'lov qobiliyatingiz 9 200 000 so'm ga yetadi. Shu summani so'rasangiz, ariza qo'lda ko'rib chiqishga tushadi. Muddatni uzaytiring (hozir 6 oy) — oylik to'lov kamayadi va qarz yuki chegara ichiga tushadi.","Qo'lda ko'rib chiqish: So'ralgan summada DTI 174.2% — shift 50.0%; taklif: 9 200 000 so'm; Yangi to'lov daromadning 174.2% ini oladi — shift 35.0%. Diqqat talab qiladigan omillar: To'lovlardan keyingi erkin pul (-15), Bank oqimi / deklaratsiya (-4). Ball 596, tavsiya etilgan limit 9 200 000 so'm.",To'lovlardan keyingi erkin pul (-15 ball),9200000,0,1.7416,1.7416,0.0268,v1
AP002610,535.9,0.535185,RAD_ETILDI,"Afsuski, hozircha kredit bera olmaymiz. Sabab: kredit tarixingizda 95 kunlik kechikish bor. To'sqinlik qildi: yangi kreditgacha ham mavjud to'lovlaringiz daromadning 222% ini oladi; o'tmishda 95 kunlik kechikish qayd etilgan; barcha to'lovlardan keyin qo'lingizda pul umuman qolmaydi. Foydangizga ishladi: ish stajingiz uzoq — 11 yil 2 oy; oxirgi oylarda daromadingiz o'sgan. Nima qilish mumkin: Mavjud kreditlaringizdan birini yopsangiz, qarz yuki pasayadi va limit sezilarli oshadi. Kechikish yopilgandan keyin 12 oy toza to'lov tarixi to'plang, so'ng qayta murojaat qiling.","Rad etildi: O'tmishda 95 kunlik kechikish (90+ kun — qattiq to'siq); So'ralgan summada DTI 286.6% — shift 50.0%; to'lov qobiliyati qolmagan. Ballga eng ko'p salbiy ta'sir: Mavjud qarz yuki (yangi kreditsiz) (-19 ball), O'tmishdagi maks. kechikish (kun) (-16 ball). Yakuniy ball 536.",Mavjud qarz yuki (yangi kreditsiz) (-19 ball),0,0,2.8663,0.6416,0.0309,v1
AP002611,608.0,0.086629,QOLDA_KORIB_CHIQISH,"Arizangiz bank xodimiga ko'rib chiqishga yuborildi. So'ragan 29 644 190 so'm ni to'liq bera olmaymiz, lekin 26 900 000 so'm sizning to'lov qobiliyatingizga to'g'ri keladi — bunda oylik to'lov 1 112 681 so'm bo'ladi. Yakuniy qarorni bank xodimi tasdiqlaydi. To'sqinlik qildi: mavjud qarz qoldig'i yillik daromadingizdan 0.2 barobar; bank hisobingizdagi tushum deklaratsiya bilan mos; bankimiz bilan tarixingiz qisqa — 8 oy, sizni hali yaxshi bilmaymiz. Foydangizga ishladi: yangi kreditsiz ham qarz yukingiz past — daromadning 10% i; bandlik turingiz (xususiy) barqaror daromad beradi; oxirgi oylarda daromadingiz o'sgan. Nima qilish mumkin: To'lov qobiliyatingiz 26 900 000 so'm ga yetadi. Shu summani so'rasangiz, ariza qo'lda ko'rib chiqishga tushadi. Muddatni uzaytiring (hozir 3 yil) — oylik to'lov kamayadi va qarz yuki chegara ichiga tushadi.","Qo'lda ko'rib chiqish: Yangi to'lov daromadning 38.4% ini oladi — shift 35.0%; Ball 608 — avtomatik ma'qullash chegarasi 630 dan past. Diqqat talab qiladigan omillar: Qarz qoldig'i / yillik daromad (-11), Bank oqimi / deklaratsiya (-4). Ball 608, tavsiya etilgan limit 26 900 000 so'm.",Qarz qoldig'i / yillik daromad (-11 ball),26900000,0,0.4874,0.3845,0.0323,v1
AP002612,517.6,0.68505,RAD_ETILDI,"Afsuski, hozircha kredit bera olmaymiz. Sabab: hozirda doimiy ish joyingiz va muntazam daromadingiz yo'q. To'sqinlik qildi: bandlik turingiz (ishsiz) yuqori xavfli guruhda; ish stajingiz qisqa — atigi 0 oy; oylik daromadingiz 2 356 210 so'm — so'ralgan summa uchun kam. Foydangizga ishladi: yangi kreditsiz ham qarz yukingiz past — daromadning 31% i; xarajatlaringiz daromadning 67% i — tejamkor; mavjud qarz qoldig'i yillik daromadingizga nisbatan kichik. Nima qilish mumkin: Mavjud kreditlaringizdan birini yopsangiz, qarz yuki pasayadi va limit sezilarli oshadi. Rasmiy ish joyi va muntazam daromad tasdiqlangach murojaat qiling — bu asosiy shart.","Rad etildi: Bandlik holati: ishsiz — doimiy daromad manbai yo'q; So'ralgan summada DTI 106.0% — shift 50.0%; to'lov qobiliyati qolmagan. Ballga eng ko'p salbiy ta'sir: Bandlik turi (-68 ball), Ish staji (oy) (-15 ball). Yakuniy ball 518.",Bandlik turi (-68 ball),0,0,1.0602,0.7483,0.0342,v1
AP002613,588.1,0.158627,QOLDA_KORIB_CHIQISH,"Arizangiz bank xodimiga ko'rib chiqishga yuborildi. So'ragan 11 292 813 so'm ni to'liq bera olmaymiz, lekin 6 800 000 so'm sizning to'lov qobiliyatingizga to'g'ri keladi — bunda oylik to'lov 1 227 667 so'm bo'ladi. Yakuniy qarorni bank xodimi tasdiqlaydi. To'sqinlik qildi: mavjud qarz qoldig'i yillik daromadingizdan 0.5 barobar; oxirgi oylarda daromadingiz kamaygan; daromadning 20% i naqd yechib olinadi — bank uchun bu ko'rinmas pul. Foydangizga ishladi: yangi kreditsiz ham qarz yukingiz past — daromadning 28% i; barcha to'lovlardan keyin oyiga 1 946 318 so'm qoladi. Nima qilish mumkin: To'lov qobiliyatingiz 6 800 000 so'm ga yetadi. Shu summani so'rasangiz, ariza qo'lda ko'rib chiqishga tushadi. Muddatni uzaytiring (hozir 6 oy) — oylik to'lov kamayadi va qarz yuki chegara ichiga tushadi. Mavjud kreditlaringizdan birini yopsangiz, qarz yuki pasayadi va limit sezilarli oshadi.","Qo'lda ko'rib chiqish: So'ralgan summada DTI 64.6% — shift 50.0%; taklif: 6 800 000 so'm; Yangi to'lov daromadning 37.1% ini oladi — shift 35.0%. Diqqat talab qiladigan omillar: Qarz qoldig'i / yillik daromad (-11), Daromad trendi (2-yarim/1-yarim) (-7). Ball 588, tavsiya etilgan limit 6 800 000 so'm.",Qarz qoldig'i / yillik daromad (-11 ball),6800000,0,0.6463,0.3705,0.2824,v1
AP002614,653.8,0.018993,MAQULLANDI,Tabriklaymiz — kredit ma'qullandi. 4 535 892 so'm miqdorida kredit tasdiqlandi. Oylik to'lov taxminan 187 621 so'm bo'ladi. To'sqinlik qildi: oxirgi oylarda daromadingiz kamaygan; bank hisobingizdagi tushum deklaratsiya bilan mos. Foydangizga ishladi: yangi kreditsiz ham qarz yukingiz past — daromadning 14% i; oylik daromadingiz 6 052 810 so'm — yetarli daraja; bandlik turingiz (byudjet) barqaror daromad beradi. Nima qilish mumkin: Qo'shimcha shart yo'q — hujjatlarni tasdiqlash uchun bank xodimi siz bilan bog'lanadi.,"Ma'qullandi: ball 654 (PD 1.9%), DTI 16.9% shift ichida. Asosiy ijobiy omillar: Mavjud qarz yuki (yangi kreditsiz) (+14 ball), Oylik daromad medianasi (+12 ball), Bandlik turi (+11 ball). Tasdiqlangan summa 4 535 892 so'm.",Daromad trendi (2-yarim/1-yarim) (-7 ball),4535892,51200000,0.1694,0.031,0.0321,v1
AP002615,651.7,0.020389,QOLDA_KORIB_CHIQISH,"Arizangiz bank xodimiga ko'rib chiqishga yuborildi. So'ragan 26 008 841 so'm ni to'liq bera olmaymiz, lekin 11 800 000 so'm sizning to'lov qobiliyatingizga to'g'ri keladi — bunda oylik to'lov 2 130 364 so'm bo'ladi. Yakuniy qarorni bank xodimi tasdiqlaydi. To'sqinlik qildi: bank hisobingizdagi tushum deklaratsiya bilan mos. Foydangizga ishladi: ish stajingiz uzoq — 11 yil 4 oy; oylik daromadingiz 6 087 686 so'm — yetarli daraja; barcha to'lovlardan keyin oyiga 1 392 068 so'm qoladi. Nima qilish mumkin: So'rovni 11 800 000 so'm gacha kamaytiring — bu summada ma'qullanish ehtimoli sezilarli oshadi. Muddatni uzaytiring (hozir 6 oy) — oylik to'lov kamayadi va qarz yuki chegara ichiga tushadi. Daromadingizni muntazam bank hisobiga o'tkazing — barqaror oqim ballni oshiradi.","Qo'lda ko'rib chiqish: So'ralgan summada DTI 77.1% — shift 50.0%; taklif: 11 800 000 so'm; Yangi to'lov daromadning 77.1% ini oladi — shift 35.0%. Diqqat talab qiladigan omillar: Bank oqimi / deklaratsiya (-4), Bandlik turi (-1). Ball 652, tavsiya etilgan limit 11 800 000 so'm.",Bank oqimi / deklaratsiya (-4 ball),11800000,11800000,0.7713,0.7713,0.3933,v1
AP002616,622.4,0.054447,QOLDA_KORIB_CHIQISH,Arizangiz bank xodimiga ko'rib chiqishga yuborildi. Ko'rsatkichlaringiz chegaraviy zonada — avtomatik qaror o'rniga bank xodimi arizangizni qo'lda ko'rib chiqadi. To'sqinlik qildi: bank hisobingizdagi tushum deklaratsiya bilan mos; oylik daromadingiz 2 507 202 so'm — so'ralgan summa uchun kam; oxirgi oylarda daromadingiz kamaygan. Foydangizga ishladi: bandlik turingiz (xususiy) barqaror daromad beradi; xarajatlaringiz daromadning 68% i — tejamkor; barcha to'lovlardan keyin oyiga 2 024 728 so'm qoladi. Nima qilish mumkin: Qo'shimcha shart yo'q — hujjatlarni tasdiqlash uchun bank xodimi siz bilan bog'lanadi.,"Qo'lda ko'rib chiqish: Ball 622 — avtomatik ma'qullash chegarasi 630 dan past. Diqqat talab qiladigan omillar: Bank oqimi / deklaratsiya (-11), Oylik daromad medianasi (-3). Ball 622, tavsiya etilgan limit 15 495 754 so'm.",Bank oqimi / deklaratsiya (-11 ball),15495754,0,0.1924,0.1924,0.0392,v1
AP002617,611.5,0.077443,QOLDA_KORIB_CHIQISH,"Arizangiz bank xodimiga ko'rib chiqishga yuborildi. So'ragan 109 406 986 so'm ni to'liq bera olmaymiz, lekin 48 600 000 so'm sizning to'lov qobiliyatingizga to'g'ri keladi — bunda oylik to'lov 1 513 201 so'm bo'ladi. Yakuniy qarorni bank xodimi tasdiqlaydi. To'sqinlik qildi: bank hisobingizdagi tushum deklaratsiya bilan mos; daromadning 19% i naqd yechib olinadi — bank uchun bu ko'rinmas pul. Foydangizga ishladi: bandlik turingiz (qurilish) barqaror daromad beradi; xarajatlaringiz daromadning 72% i — tejamkor; yangi kreditsiz ham qarz yukingiz past — daromadning 0% i. Nima qilish mumkin: To'lov qobiliyatingiz 48 600 000 so'm ga yetadi. Shu summani so'rasangiz, ariza qo'lda ko'rib chiqishga tushadi.","Qo'lda ko'rib chiqish: So'ralgan summada DTI 78.7% — shift 50.0%; taklif: 48 600 000 so'm; Yangi to'lov daromadning 78.7% ini oladi — shift 35.0%. Diqqat talab qiladigan omillar: Bank oqimi / deklaratsiya (-11), Naqd yechish ulushi (-4). Ball 611, tavsiya etilgan limit 48 600 000 so'm.",Bank oqimi / deklaratsiya (-11 ball),48600000,0,0.7868,0.7868,0.0383,v1
AP002618,608.9,0.084227,QOLDA_KORIB_CHIQISH,"Arizangiz bank xodimiga ko'rib chiqishga yuborildi. Ko'rsatkichlaringiz chegaraviy zonada — avtomatik qaror o'rniga bank xodimi arizangizni qo'lda ko'rib chiqadi. To'sqinlik qildi: bank hisobingizdagi tushum deklaratsiya bilan mos; o'tmishda 45 kunlik kechikish qayd etilgan. Foydangizga ishladi: barcha to'lovlardan keyin oyiga 4 344 687 so'm qoladi; yangi kreditsiz ham qarz yukingiz past — daromadning 3% i; pul harakatingiz shaffof, naqd yechish kam. Nima qilish mumkin: Qo'shimcha shart yo'q — hujjatlarni tasdiqlash uchun bank xodimi siz bilan bog'lanadi.","Qo'lda ko'rib chiqish: Ball 609 — avtomatik ma'qullash chegarasi 630 dan past. Diqqat talab qiladigan omillar: Bank oqimi / deklaratsiya (-11), O'tmishdagi maks. kechikish (kun) (-3). Ball 609, tavsiya etilgan limit 18 072 686 so'm.",Bank oqimi / deklaratsiya (-11 ball),18072686,0,0.1692,0.1429,0.315,v1
AP002619,622.9,0.05352,QOLDA_KORIB_CHIQISH,"Arizangiz bank xodimiga ko'rib chiqishga yuborildi. So'ragan 25 855 935 so'm ni to'liq bera olmaymiz, lekin 10 400 000 so'm sizning to'lov qobiliyatingizga to'g'ri keladi — bunda oylik to'lov 570 840 so'm bo'ladi. Yakuniy qarorni bank xodimi tasdiqlaydi. To'sqinlik qildi: oylik daromadingiz 1 643 042 so'm — so'ralgan summa uchun kam; oila a'zosiga oyiga atigi 410 760 so'm to'g'ri keladi. Foydangizga ishladi: bank hisobingizdagi tushum deklaratsiya bilan mos; ish stajingiz uzoq — 11 yil; yangi kreditsiz ham qarz yukingiz past — daromadning 0% i. Nima qilish mumkin: So'rovni 10 300 000 so'm gacha kamaytiring — bu summada ma'qullanish ehtimoli sezilarli oshadi. Muddatni uzaytiring (hozir 2 yil) — oylik to'lov kamayadi va qarz yuki chegara ichiga tushadi.","Qo'lda ko'rib chiqish: So'ralgan summada DTI 86.4% — shift 50.0%; taklif: 10 400 000 so'm; Yangi to'lov daromadning 86.4% ini oladi — shift 35.0%. Diqqat talab qiladigan omillar: Oylik daromad medianasi (-11), Jon boshiga daromad (-3). Ball 623, tavsiya etilgan limit 10 400 000 so'm.",Oylik daromad medianasi (-11 ball),10400000,10300000,0.8638,0.8638,0.2247,v1
AP002620,538.5,0.513043,RAD_ETILDI,"Afsuski, hozircha kredit bera olmaymiz. Sabab: hozirda doimiy ish joyingiz va muntazam daromadingiz yo'q. To'sqinlik qildi: bandlik turingiz (ishsiz) yuqori xavfli guruhda; ish stajingiz qisqa — atigi 0 oy; oylik daromadingiz 2 383 575 so'm — so'ralgan summa uchun kam. Foydangizga ishladi: bank hisobingizdagi tushum deklaratsiya bilan mos; oxirgi oylarda daromadingiz o'sgan; barcha to'lovlardan keyin oyiga 1 925 183 so'm qoladi. Nima qilish mumkin: Rasmiy ish joyi va muntazam daromad tasdiqlangach murojaat qiling — bu asosiy shart.","Rad etildi: Bandlik holati: ishsiz — doimiy daromad manbai yo'q; Defolt ehtimoli 51.3% — shift 20.0%. Ballga eng ko'p salbiy ta'sir: Bandlik turi (-68 ball), Ish staji (oy) (-15 ball). Yakuniy ball 538.",Bandlik turi (-68 ball),0,0,0.1923,0.1616,0.2092,v1
AP002621,626.6,0.047391,QOLDA_KORIB_CHIQISH,Arizangiz bank xodimiga ko'rib chiqishga yuborildi. Ko'rsatkichlaringiz chegaraviy zonada — avtomatik qaror o'rniga bank xodimi arizangizni qo'lda ko'rib chiqadi. To'sqinlik qildi: ish stajingiz qisqa — atigi 9 oy; bank hisobingizdagi tushum deklaratsiya bilan mos. Foydangizga ishladi: oylik daromadingiz 6 543 630 so'm — yetarli daraja; barcha to'lovlardan keyin oyiga 6 165 534 so'm qoladi; bandlik turingiz (xususiy) barqaror daromad beradi. Nima qilish mumkin: Qo'shimcha shart yo'q — hujjatlarni tasdiqlash uchun bank xodimi siz bilan bog'lanadi.,"Qo'lda ko'rib chiqish: Ball 627 — avtomatik ma'qullash chegarasi 630 dan past. Diqqat talab qiladigan omillar: Ish staji (oy) (-15), Bank oqimi / deklaratsiya (-2). Ball 627, tavsiya etilgan limit 9 140 783 so'm.",Ish staji (oy) (-15 ball),9140783,0,0.0578,0.0578,0.0286,v1
AP002622,591.6,0.143157,QOLDA_KORIB_CHIQISH,"Arizangiz bank xodimiga ko'rib chiqishga yuborildi. So'ragan 32 408 388 so'm ni to'liq bera olmaymiz, lekin 13 300 000 so'm sizning to'lov qobiliyatingizga to'g'ri keladi — bunda oylik to'lov 730 017 so'm bo'ladi. Yakuniy qarorni bank xodimi tasdiqlaydi. To'sqinlik qildi: oylik daromadingiz 2 099 854 so'm — so'ralgan summa uchun kam; bank hisobingizdagi tushum deklaratsiya bilan mos; daromadning 19% i naqd yechib olinadi — bank uchun bu ko'rinmas pul. Foydangizga ishladi: yangi kreditsiz ham qarz yukingiz past — daromadning 4% i; mavjud qarz qoldig'i yillik daromadingizga nisbatan kichik; ish stajingiz uzoq — 14 yil 6 oy. Nima qilish mumkin: To'lov qobiliyatingiz 13 300 000 so'm ga yetadi. Shu summani so'rasangiz, ariza qo'lda ko'rib chiqishga tushadi. Muddatni uzaytiring (hozir 2 yil) — oylik to'lov kamayadi va qarz yuki chegara ichiga tushadi.","Qo'lda ko'rib chiqish: So'ralgan summada DTI 88.4% — shift 50.0%; taklif: 13 300 000 so'm; Yangi to'lov daromadning 84.7% ini oladi — shift 35.0%. Diqqat talab qiladigan omillar: Oylik daromad medianasi (-11), Bank oqimi / deklaratsiya (-4). Ball 592, tavsiya etilgan limit 13 300 000 so'm.",Oylik daromad medianasi (-11 ball),13300000,0,0.8837,0.8471,0.0252,v1
AP002623,630.2,0.042076,QOLDA_KORIB_CHIQISH,"Arizangiz bank xodimiga ko'rib chiqishga yuborildi. Ko'rsatkichlaringiz chegaraviy zonada — avtomatik qaror o'rniga bank xodimi arizangizni qo'lda ko'rib chiqadi. To'sqinlik qildi: bank hisobingizdagi tushum deklaratsiya bilan mos; bankimiz bilan tarixingiz qisqa — 6 oy, sizni hali yaxshi bilmaymiz; xarajatlaringiz daromadning 61% ini yeb qo'yadi. Foydangizga ishladi: barcha to'lovlardan keyin oyiga 15 992 688 so'm qoladi; oylik daromadingiz 16 993 990 so'm — yetarli daraja; oxirgi oylarda daromadingiz o'sgan. Nima qilish mumkin: Qo'shimcha shart yo'q — hujjatlarni tasdiqlash uchun bank xodimi siz bilan bog'lanadi.","Qo'lda ko'rib chiqish: so'ralgan 18 242 479 so'm o'rniga to'lov qobiliyati 0 so'm ga yetadi (skorkarta bali / PD chegarasi). Diqqat talab qiladigan omillar: Bank oqimi / deklaratsiya (-4), Bank bilan tarix (oy) (-4). Ball 630, tavsiya etilgan limit 0 so'm.",Bank oqimi / deklaratsiya (-4 ball),0,0,0.0589,0.0589,0.0368,v1
AP002624,641.1,0.02925,MAQULLANDI,"Tabriklaymiz — kredit ma'qullandi. 16 413 328 so'm miqdorida kredit tasdiqlandi. Oylik to'lov taxminan 900 903 so'm bo'ladi. To'sqinlik qildi: mavjud qarz qoldig'i yillik daromadingizdan 0.4 barobar; xarajatlaringiz daromadning 70% ini yeb qo'yadi. Foydangizga ishladi: oylik daromadingiz 7 214 429 so'm — yetarli daraja; barcha to'lovlardan keyin oyiga 4 451 249 so'm qoladi; bank hisobingizdagi tushum deklaratsiya bilan mos. Nima qilish mumkin: Mavjud kreditlaringizdan birini yopsangiz, qarz yuki pasayadi va limit sezilarli oshadi.","Ma'qullandi: ball 641 (PD 2.9%), DTI 38.3% shift ichida. Asosiy ijobiy omillar: Oylik daromad medianasi (+12 ball), To'lovlardan keyingi erkin pul (+8 ball), Bank oqimi / deklaratsiya (+8 ball). Tasdiqlangan summa 16 413 328 so'm.",Qarz qoldig'i / yillik daromad (-11 ball),16413328,31700000,0.383,0.1249,0.0377,v1
AP002625,628.3,0.044779,QOLDA_KORIB_CHIQISH,Arizangiz bank xodimiga ko'rib chiqishga yuborildi. Ko'rsatkichlaringiz chegaraviy zonada — avtomatik qaror o'rniga bank xodimi arizangizni qo'lda ko'rib chiqadi. To'sqinlik qildi: oylik daromadingiz 2 881 476 so'm — so'ralgan summa uchun kam; oila a'zosiga oyiga atigi 480 246 so'm to'g'ri keladi; xarajatlaringiz daromadning 69% ini yeb qo'yadi. Foydangizga ishladi: bandlik turingiz (byudjet) barqaror daromad beradi; oxirgi oylarda daromadingiz o'sgan; barcha to'lovlardan keyin oyiga 2 326 934 so'm qoladi. Nima qilish mumkin: Qo'shimcha shart yo'q — hujjatlarni tasdiqlash uchun bank xodimi siz bilan bog'lanadi.,"Qo'lda ko'rib chiqish: Ball 628 — avtomatik ma'qullash chegarasi 630 dan past. Diqqat talab qiladigan omillar: Oylik daromad medianasi (-3), Jon boshiga daromad (-3). Ball 628, tavsiya etilgan limit 10 103 062 so'm.",Oylik daromad medianasi (-3 ball),10103062,15800000,0.1925,0.1925,0.0236,v1
AP002626,610.7,0.079377,QOLDA_KORIB_CHIQISH,Arizangiz bank xodimiga ko'rib chiqishga yuborildi. Ko'rsatkichlaringiz chegaraviy zonada — avtomatik qaror o'rniga bank xodimi arizangizni qo'lda ko'rib chiqadi. To'sqinlik qildi: oxirgi oylarda daromadingiz kamaygan; xarajatlaringiz daromadning 66% ini yeb qo'yadi. Foydangizga ishladi: barcha to'lovlardan keyin oyiga 5 039 808 so'm qoladi; yangi kreditsiz ham qarz yukingiz past — daromadning 0% i; mavjud qarz qoldig'i yillik daromadingizga nisbatan kichik. Nima qilish mumkin: Qo'shimcha shart yo'q — hujjatlarni tasdiqlash uchun bank xodimi siz bilan bog'lanadi.,"Qo'lda ko'rib chiqish: Ball 611 — avtomatik ma'qullash chegarasi 630 dan past. Diqqat talab qiladigan omillar: Daromad trendi (2-yarim/1-yarim) (-7), Sarf intensivligi (chiqim/kirim) (-3). Ball 611, tavsiya etilgan limit 6 650 534 so'm.",Daromad trendi (2-yarim/1-yarim) (-7 ball),6650534,0,0.113,0.113,0.301,v1
AP002627,622.1,0.054915,QOLDA_KORIB_CHIQISH,Arizangiz bank xodimiga ko'rib chiqishga yuborildi. Ko'rsatkichlaringiz chegaraviy zonada — avtomatik qaror o'rniga bank xodimi arizangizni qo'lda ko'rib chiqadi. To'sqinlik qildi: oylik daromadingiz 2 076 834 so'm — so'ralgan summa uchun kam; bank hisobingizdagi tushum deklaratsiya bilan mos; oila a'zosiga oyiga atigi 296 691 so'm to'g'ri keladi. Foydangizga ishladi: bandlik turingiz (xususiy) barqaror daromad beradi; barcha to'lovlardan keyin oyiga 1 633 516 so'm qoladi; ish stajingiz uzoq — 9 yil 6 oy. Nima qilish mumkin: Qo'shimcha shart yo'q — hujjatlarni tasdiqlash uchun bank xodimi siz bilan bog'lanadi.,"Qo'lda ko'rib chiqish: Ball 622 — avtomatik ma'qullash chegarasi 630 dan past. Diqqat talab qiladigan omillar: Oylik daromad medianasi (-11), Bank oqimi / deklaratsiya (-4). Ball 622, tavsiya etilgan limit 10 717 579 so'm.",Oylik daromad medianasi (-11 ball),10717579,0,0.2135,0.2135,0.0381,v1
AP002628,638.6,0.031775,MAQULLANDI,Tabriklaymiz — kredit ma'qullandi. 17 135 993 so'm miqdorida kredit tasdiqlandi. Oylik to'lov taxminan 708 806 so'm bo'ladi. To'sqinlik qildi: ish stajingiz qisqa — atigi 1 yil 2 oy; xarajatlaringiz daromadning 70% ini yeb qo'yadi. Foydangizga ishladi: bank hisobingizdagi tushum deklaratsiya bilan mos; barcha to'lovlardan keyin oyiga 7 373 289 so'm qoladi; oylik daromadingiz 8 082 096 so'm — yetarli daraja. Nima qilish mumkin: Qo'shimcha shart yo'q — hujjatlarni tasdiqlash uchun bank xodimi siz bilan bog'lanadi.,"Ma'qullandi: ball 639 (PD 3.2%), DTI 8.8% shift ichida. Asosiy ijobiy omillar: Bank oqimi / deklaratsiya (+14 ball), To'lovlardan keyingi erkin pul (+9 ball), Oylik daromad medianasi (+9 ball). Tasdiqlangan summa 17 135 993 so'm.",Ish staji (oy) (-15 ball),17135993,68300000,0.0877,0.0877,0.0349,v1
AP002629,581.6,0.191392,RAD_ETILDI,"Afsuski, hozircha kredit bera olmaymiz. Sabab: hozirgi daromadingiz mavjud to'lovlardan keyin yangi kreditni ko'tara olmaydi. To'sqinlik qildi: yangi kreditgacha ham mavjud to'lovlaringiz daromadning 87% ini oladi; barcha to'lovlardan keyin qo'lingizda pul umuman qolmaydi; mavjud qarz qoldig'i yillik daromadingizdan 0.4 barobar. Foydangizga ishladi: bank hisobingizdagi tushum deklaratsiya bilan mos; bandlik turingiz (byudjet) barqaror daromad beradi; xarajatlaringiz daromadning 67% i — tejamkor. Nima qilish mumkin: Mavjud kreditlaringizdan birini yopsangiz, qarz yuki pasayadi va limit sezilarli oshadi.","Rad etildi: So'ralgan summada DTI 313.0% — shift 50.0%; to'lov qobiliyati qolmagan; Yangi to'lov daromadning 225.5% ini oladi — shift 35.0%. Ballga eng ko'p salbiy ta'sir: Mavjud qarz yuki (yangi kreditsiz) (-19 ball), To'lovlardan keyingi erkin pul (-15 ball). Yakuniy ball 582.",Mavjud qarz yuki (yangi kreditsiz) (-19 ball),0,0,3.1297,2.2553,0.0286,v1
AP002630,611.8,0.076715,QOLDA_KORIB_CHIQISH,"Arizangiz bank xodimiga ko'rib chiqishga yuborildi. So'ragan 7 724 767 so'm ni to'liq bera olmaymiz, lekin 4 000 000 so'm sizning to'lov qobiliyatingizga to'g'ri keladi — bunda oylik to'lov 722 157 so'm bo'ladi. Yakuniy qarorni bank xodimi tasdiqlaydi. To'sqinlik qildi: oylik daromadingiz 2 105 732 so'm — so'ralgan summa uchun kam; bankimiz bilan tarixingiz qisqa — 7 oy, sizni hali yaxshi bilmaymiz; oila a'zosiga oyiga atigi 526 433 so'm to'g'ri keladi. Foydangizga ishladi: bandlik turingiz (byudjet) barqaror daromad beradi; oxirgi oylarda daromadingiz o'sgan; yangi kreditsiz ham qarz yukingiz past — daromadning 0% i. Nima qilish mumkin: To'lov qobiliyatingiz 4 000 000 so'm ga yetadi. Shu summani so'rasangiz, ariza qo'lda ko'rib chiqishga tushadi. Muddatni uzaytiring (hozir 6 oy) — oylik to'lov kamayadi va qarz yuki chegara ichiga tushadi.","Qo'lda ko'rib chiqish: So'ralgan summada DTI 66.2% — shift 50.0%; taklif: 4 000 000 so'm; Yangi to'lov daromadning 66.2% ini oladi — shift 35.0%. Diqqat talab qiladigan omillar: Oylik daromad medianasi (-11), Bank bilan tarix (oy) (-4). Ball 612, tavsiya etilgan limit 4 000 000 so'm.",Oylik daromad medianasi (-11 ball),4000000,0,0.6623,0.6623,0.0347,v1
AP002631,538.2,0.51538,RAD_ETILDI,"Afsuski, hozircha kredit bera olmaymiz. Sabab: hozirda doimiy ish joyingiz va muntazam daromadingiz yo'q. To'sqinlik qildi: bandlik turingiz (ishsiz) yuqori xavfli guruhda; ish stajingiz qisqa — atigi 0 oy; oylik daromadingiz 2 298 298 so'm — so'ralgan summa uchun kam. Foydangizga ishladi: yangi kreditsiz ham qarz yukingiz past — daromadning 4% i; oxirgi oylarda daromadingiz o'sgan; barcha to'lovlardan keyin oyiga 1 857 292 so'm qoladi. Nima qilish mumkin: Rasmiy ish joyi va muntazam daromad tasdiqlangach murojaat qiling — bu asosiy shart.","Rad etildi: Bandlik holati: ishsiz — doimiy daromad manbai yo'q; Defolt ehtimoli 51.5% — shift 20.0%. Ballga eng ko'p salbiy ta'sir: Bandlik turi (-68 ball), Ish staji (oy) (-15 ball). Yakuniy ball 538.",Bandlik turi (-68 ball),0,0,0.1919,0.1492,0.0313,v1
AP002632,643.3,0.027107,MAQULLANDI,Tabriklaymiz — kredit ma'qullandi. 4 136 965 so'm miqdorida kredit tasdiqlandi. Oylik to'lov taxminan 171 120 so'm bo'ladi. To'sqinlik qildi: oxirgi oylarda daromadingiz kamaygan; xarajatlaringiz daromadning 65% ini yeb qo'yadi. Foydangizga ishladi: yangi kreditsiz ham qarz yukingiz past — daromadning 13% i; oylik daromadingiz 6 207 938 so'm — yetarli daraja; bandlik turingiz (qurilish) barqaror daromad beradi. Nima qilish mumkin: Qo'shimcha shart yo'q — hujjatlarni tasdiqlash uchun bank xodimi siz bilan bog'lanadi.,"Ma'qullandi: ball 643 (PD 2.7%), DTI 16.1% shift ichida. Asosiy ijobiy omillar: Mavjud qarz yuki (yangi kreditsiz) (+14 ball), Oylik daromad medianasi (+12 ball), Bandlik turi (+9 ball). Tasdiqlangan summa 4 136 965 so'm.",Daromad trendi (2-yarim/1-yarim) (-7 ball),4136965,52500000,0.1605,0.0276,0.3161,v1
AP002633,562.8,0.312098,RAD_ETILDI,"Afsuski, hozircha kredit bera olmaymiz. Sabab: hozirgi daromadingiz mavjud to'lovlardan keyin yangi kreditni ko'tara olmaydi. To'sqinlik qildi: yangi kreditgacha ham mavjud to'lovlaringiz daromadning 320% ini oladi; barcha to'lovlardan keyin qo'lingizda pul umuman qolmaydi; mavjud qarz qoldig'i yillik daromadingizdan 1.2 barobar. Foydangizga ishladi: bank hisobingizdagi tushum deklaratsiya bilan mos; pul harakatingiz shaffof, naqd yechish kam; bandlik turingiz (o'z_ishi) barqaror daromad beradi. Nima qilish mumkin: Mavjud kreditlaringizdan birini yopsangiz, qarz yuki pasayadi va limit sezilarli oshadi.","Rad etildi: So'ralgan summada DTI 380.8% — shift 50.0%; to'lov qobiliyati qolmagan; Yangi to'lov daromadning 60.4% ini oladi — shift 35.0%. Ballga eng ko'p salbiy ta'sir: Mavjud qarz yuki (yangi kreditsiz) (-19 ball), To'lovlardan keyingi erkin pul (-15 ball). Yakuniy ball 563.",Mavjud qarz yuki (yangi kreditsiz) (-19 ball),0,0,3.8083,0.6039,0.0309,v1
AP002634,613.3,0.072966,RAD_ETILDI,"Afsuski, hozircha kredit bera olmaymiz. Sabab: hozirgi daromadingiz mavjud to'lovlardan keyin yangi kreditni ko'tara olmaydi. To'sqinlik qildi: yangi kreditgacha ham mavjud to'lovlaringiz daromadning 75% ini oladi; mavjud qarz qoldig'i yillik daromadingizdan 0.2 barobar; xarajatlaringiz daromadning 71% ini yeb qo'yadi. Foydangizga ishladi: ish stajingiz uzoq — 12 yil 1 oy; bandlik turingiz (byudjet) barqaror daromad beradi; oylik daromadingiz 8 788 810 so'm — yetarli daraja. Nima qilish mumkin: Mavjud kreditlaringizdan birini yopsangiz, qarz yuki pasayadi va limit sezilarli oshadi.","Rad etildi: So'ralgan summada DTI 78.3% — shift 50.0%; to'lov qobiliyati qolmagan. Ballga eng ko'p salbiy ta'sir: Mavjud qarz yuki (yangi kreditsiz) (-19 ball), Qarz qoldig'i / yillik daromad (-11 ball). Yakuniy ball 613.",Mavjud qarz yuki (yangi kreditsiz) (-19 ball),0,0,0.7829,0.0314,0.029,v1
AP002635,602.8,0.102005,QOLDA_KORIB_CHIQISH,"Arizangiz bank xodimiga ko'rib chiqishga yuborildi. So'ragan 22 621 435 so'm ni to'liq bera olmaymiz, lekin 4 600 000 so'm sizning to'lov qobiliyatingizga to'g'ri keladi — bunda oylik to'lov 830 481 so'm bo'ladi. Yakuniy qarorni bank xodimi tasdiqlaydi. To'sqinlik qildi: barcha to'lovlardan keyin qo'lingizda pul umuman qolmaydi. Foydangizga ishladi: yangi kreditsiz ham qarz yukingiz past — daromadning 31% i; xarajatlaringiz daromadning 73% i — tejamkor; mavjud qarz qoldig'i yillik daromadingizga nisbatan kichik. Nima qilish mumkin: To'lov qobiliyatingiz 4 600 000 so'm ga yetadi. Shu summani so'rasangiz, ariza qo'lda ko'rib chiqishga tushadi. Muddatni uzaytiring (hozir 6 oy) — oylik to'lov kamayadi va qarz yuki chegara ichiga tushadi. Mavjud kreditlaringizdan birini yopsangiz, qarz yuki pasayadi va limit sezilarli oshadi.","Qo'lda ko'rib chiqish: So'ralgan summada DTI 122.5% — shift 50.0%; taklif: 4 600 000 so'm; Yangi to'lov daromadning 91.1% ini oladi — shift 35.0%. Diqqat talab qiladigan omillar: To'lovlardan keyingi erkin pul (-15), Bandlik turi (-1). Ball 603, tavsiya etilgan limit 4 600 000 so'm.",To'lovlardan keyingi erkin pul (-15 ball),4600000,0,1.225,0.9111,0.2411,v1
AP002636,663.9,0.013463,QOLDA_KORIB_CHIQISH,"Arizangiz bank xodimiga ko'rib chiqishga yuborildi. So'ragan 9 010 329 so'm ni to'liq bera olmaymiz, lekin 6 700 000 so'm sizning to'lov qobiliyatingizga to'g'ri keladi — bunda oylik to'lov 277 136 so'm bo'ladi. Yakuniy qarorni bank xodimi tasdiqlaydi. To'sqinlik qildi: daromadning 19% i naqd yechib olinadi — bank uchun bu ko'rinmas pul; xarajatlaringiz daromadning 64% ini yeb qo'yadi. Foydangizga ishladi: bank hisobingizdagi tushum deklaratsiya bilan mos; ish stajingiz uzoq — 11 yil 6 oy; oylik daromadingiz 5 934 380 so'm — yetarli daraja. Nima qilish mumkin: So'rovni 6 700 000 so'm gacha kamaytiring — bu summada ma'qullanish ehtimoli sezilarli oshadi. Muddatni uzaytiring (hozir 3 yil) — oylik to'lov kamayadi va qarz yuki chegara ichiga tushadi. Mavjud kreditlaringizdan birini yopsangiz, qarz yuki pasayadi va limit sezilarli oshadi.","Qo'lda ko'rib chiqish: So'ralgan summada DTI 51.5% — shift 50.0%; taklif: 6 700 000 so'm. Diqqat talab qiladigan omillar: Naqd yechish ulushi (-4), Sarf intensivligi (chiqim/kirim) (-3). Ball 664, tavsiya etilgan limit 6 700 000 so'm.",Naqd yechish ulushi (-4 ball),6700000,6700000,0.5154,0.0628,0.0276,v1
AP002637,633.2,0.038059,MAQULLANDI,Tabriklaymiz — kredit ma'qullandi. 17 762 209 so'm miqdorida kredit tasdiqlandi. Oylik to'lov taxminan 974 941 so'm bo'ladi. To'sqinlik qildi: bank hisobingizdagi tushum deklaratsiya bilan mos; xarajatlaringiz daromadning 69% ini yeb qo'yadi. Foydangizga ishladi: bandlik turingiz (xususiy) barqaror daromad beradi; oxirgi oylarda daromadingiz o'sgan; barcha to'lovlardan keyin oyiga 2 834 282 so'm qoladi. Nima qilish mumkin: Qo'shimcha shart yo'q — hujjatlarni tasdiqlash uchun bank xodimi siz bilan bog'lanadi.,"Ma'qullandi: ball 633 (PD 3.8%), DTI 25.6% shift ichida. Asosiy ijobiy omillar: Bandlik turi (+9 ball), Daromad trendi (2-yarim/1-yarim) (+7 ball), To'lovlardan keyingi erkin pul (+5 ball). Tasdiqlangan summa 17 762 209 so'm.",Bank oqimi / deklaratsiya (-4 ball),17762209,24200000,0.2559,0.2559,0.0338,v1
AP002638,646.4,0.024459,RAD_ETILDI,"Afsuski, hozircha kredit bera olmaymiz. Sabab: kredit tarixingizda 95 kunlik kechikish bor. To'sqinlik qildi: o'tmishda 95 kunlik kechikish qayd etilgan. Foydangizga ishladi: yangi kreditsiz ham qarz yukingiz past — daromadning 8% i; ish stajingiz uzoq — 9 yil 11 oy; oylik daromadingiz 6 779 428 so'm — yetarli daraja. Nima qilish mumkin: Kechikish yopilgandan keyin 12 oy toza to'lov tarixi to'plang, so'ng qayta murojaat qiling.","Rad etildi: O'tmishda 95 kunlik kechikish (90+ kun — qattiq to'siq). Ballga eng ko'p salbiy ta'sir: O'tmishdagi maks. kechikish (kun) (-16 ball), Bandlik turi (-1 ball). Yakuniy ball 646.",O'tmishdagi maks. kechikish (kun) (-16 ball),0,0,0.2564,0.179,0.1226,v1
AP002639,669.3,0.011194,MAQULLANDI,Tabriklaymiz — kredit ma'qullandi. 27 521 113 so'm miqdorida kredit tasdiqlandi. Oylik to'lov taxminan 856 892 so'm bo'ladi. To'sqinlik qildi: oxirgi oylarda daromadingiz kamaygan. Foydangizga ishladi: yangi kreditsiz ham qarz yukingiz past — daromadning 9% i; ish stajingiz uzoq — 11 yil 2 oy; oylik daromadingiz 6 170 996 so'm — yetarli daraja. Nima qilish mumkin: Qo'shimcha shart yo'q — hujjatlarni tasdiqlash uchun bank xodimi siz bilan bog'lanadi.,"Ma'qullandi: ball 669 (PD 1.1%), DTI 23.2% shift ichida. Asosiy ijobiy omillar: Mavjud qarz yuki (yangi kreditsiz) (+14 ball), Ish staji (oy) (+13 ball), Oylik daromad medianasi (+12 ball). Tasdiqlangan summa 27 521 113 so'm.",Daromad trendi (2-yarim/1-yarim) (-2 ball),27521113,69300000,0.2317,0.1389,0.1037,v1
AP002640,586.9,0.164663,QOLDA_KORIB_CHIQISH,Arizangiz bank xodimiga ko'rib chiqishga yuborildi. Ko'rsatkichlaringiz chegaraviy zonada — avtomatik qaror o'rniga bank xodimi arizangizni qo'lda ko'rib chiqadi. To'sqinlik qildi: ish stajingiz qisqa — atigi 1 yil; mavjud qarz qoldig'i yillik daromadingizdan 0.3 barobar; bank hisobingizdagi tushum deklaratsiya bilan mos. Foydangizga ishladi: yangi kreditsiz ham qarz yukingiz past — daromadning 7% i; xarajatlaringiz daromadning 68% i — tejamkor; barcha to'lovlardan keyin oyiga 3 370 839 so'm qoladi. Nima qilish mumkin: Qo'shimcha shart yo'q — hujjatlarni tasdiqlash uchun bank xodimi siz bilan bog'lanadi.,"Qo'lda ko'rib chiqish: Ball 587 — avtomatik ma'qullash chegarasi 630 dan past. Diqqat talab qiladigan omillar: Ish staji (oy) (-15), Qarz qoldig'i / yillik daromad (-11). Ball 587, tavsiya etilgan limit 6 161 505 so'm.",Ish staji (oy) (-15 ball),6161505,0,0.2122,0.139,0.0283,v1
AP002641,634.8,0.036107,MAQULLANDI,Tabriklaymiz — kredit ma'qullandi. 20 876 461 so'm miqdorida kredit tasdiqlandi. Oylik to'lov taxminan 1 145 878 so'm bo'ladi. To'sqinlik qildi: daromadning 19% i naqd yechib olinadi — bank uchun bu ko'rinmas pul; xarajatlaringiz daromadning 70% ini yeb qo'yadi; bank hisobingizdagi tushum deklaratsiya bilan mos. Foydangizga ishladi: yangi kreditsiz ham qarz yukingiz past — daromadning 8% i; bandlik turingiz (qurilish) barqaror daromad beradi; barcha to'lovlardan keyin oyiga 2 278 361 so'm qoladi. Nima qilish mumkin: Qo'shimcha shart yo'q — hujjatlarni tasdiqlash uchun bank xodimi siz bilan bog'lanadi.,"Ma'qullandi: ball 635 (PD 3.6%), DTI 38.9% shift ichida. Asosiy ijobiy omillar: Mavjud qarz yuki (yangi kreditsiz) (+14 ball), Bandlik turi (+9 ball), To'lovlardan keyingi erkin pul (+7 ball). Tasdiqlangan summa 20 876 461 so'm.",Naqd yechish ulushi (-4 ball),20876461,23700000,0.3886,0.3075,0.0272,v1
AP002642,639.2,0.031175,MAQULLANDI,"Tabriklaymiz — kredit ma'qullandi. 7 971 881 so'm miqdorida kredit tasdiqlandi. Oylik to'lov taxminan 329 746 so'm bo'ladi. To'sqinlik qildi: mavjud qarz qoldig'i yillik daromadingizdan 0.2 barobar; bankimiz bilan tarixingiz qisqa — 3 yil 2 oy, sizni hali yaxshi bilmaymiz; oxirgi oylarda daromadingiz kamaygan. Foydangizga ishladi: barcha to'lovlardan keyin oyiga 6 319 157 so'm qoladi; bandlik turingiz (xususiy) barqaror daromad beradi; oylik daromadingiz 8 858 130 so'm — yetarli daraja. Nima qilish mumkin: Qo'shimcha shart yo'q — hujjatlarni tasdiqlash uchun bank xodimi siz bilan bog'lanadi.","Ma'qullandi: ball 639 (PD 3.1%), DTI 28.7% shift ichida. Asosiy ijobiy omillar: To'lovlardan keyingi erkin pul (+9 ball), Bandlik turi (+9 ball), Oylik daromad medianasi (+9 ball). Tasdiqlangan summa 7 971 881 so'm.",Qarz qoldig'i / yillik daromad (-11 ball),7971881,53600000,0.2866,0.0372,0.3444,v1
AP002643,610.8,0.079122,QOLDA_KORIB_CHIQISH,"Arizangiz bank xodimiga ko'rib chiqishga yuborildi. So'ragan 48 625 568 so'm ni to'liq bera olmaymiz, lekin 30 500 000 so'm sizning to'lov qobiliyatingizga to'g'ri keladi — bunda oylik to'lov 1 261 589 so'm bo'ladi. Yakuniy qarorni bank xodimi tasdiqlaydi. To'sqinlik qildi: bank hisobingizdagi tushum deklaratsiya bilan mos; oxirgi oylarda daromadingiz kamaygan; xarajatlaringiz daromadning 70% ini yeb qo'yadi. Foydangizga ishladi: barcha to'lovlardan keyin oyiga 1 603 971 so'm qoladi; ish stajingiz uzoq — 9 yil 4 oy; yangi kreditsiz ham qarz yukingiz past — daromadning 0% i. Nima qilish mumkin: To'lov qobiliyatingiz 30 500 000 so'm ga yetadi. Shu summani so'rasangiz, ariza qo'lda ko'rib chiqishga tushadi. Muddatni uzaytiring (hozir 3 yil) — oylik to'lov kamayadi va qarz yuki chegara ichiga tushadi.","Qo'lda ko'rib chiqish: So'ralgan summada DTI 55.6% — shift 50.0%; taklif: 30 500 000 so'm; Yangi to'lov daromadning 55.6% ini oladi — shift 35.0%. Diqqat talab qiladigan omillar: Bank oqimi / deklaratsiya (-11), Daromad trendi (2-yarim/1-yarim) (-7). Ball 611, tavsiya etilgan limit 30 500 000 so'm.",Bank oqimi / deklaratsiya (-11 ball),30500000,0,0.5563,0.5563,0.0292,v1
AP002644,623.7,0.052161,QOLDA_KORIB_CHIQISH,Arizangiz bank xodimiga ko'rib chiqishga yuborildi. Ko'rsatkichlaringiz chegaraviy zonada — avtomatik qaror o'rniga bank xodimi arizangizni qo'lda ko'rib chiqadi. To'sqinlik qildi: daromadning 19% i naqd yechib olinadi — bank uchun bu ko'rinmas pul; oila a'zosiga oyiga atigi 524 729 so'm to'g'ri keladi; bank hisobingizdagi tushum deklaratsiya bilan mos. Foydangizga ishladi: xarajatlaringiz daromadning 68% i — tejamkor; barcha to'lovlardan keyin oyiga 3 206 885 so'm qoladi; yangi kreditsiz ham qarz yukingiz past — daromadning 0% i. Nima qilish mumkin: Qo'shimcha shart yo'q — hujjatlarni tasdiqlash uchun bank xodimi siz bilan bog'lanadi.,"Qo'lda ko'rib chiqish: Ball 624 — avtomatik ma'qullash chegarasi 630 dan past. Diqqat talab qiladigan omillar: Naqd yechish ulushi (-4), Jon boshiga daromad (-3). Ball 624, tavsiya etilgan limit 14 973 657 so'm.",Naqd yechish ulushi (-4 ball),14973657,0,0.1269,0.1269,0.038,v1
AP002645,666.9,0.012173,MAQULLANDI,Tabriklaymiz — kredit ma'qullandi. 15 806 510 so'm miqdorida kredit tasdiqlandi. Oylik to'lov taxminan 653 814 so'm bo'ladi. To'sqinlik qildi: sezilarli salbiy omil topilmadi. Foydangizga ishladi: yangi kreditsiz ham qarz yukingiz past — daromadning 11% i; bandlik turingiz (byudjet) barqaror daromad beradi; barcha to'lovlardan keyin oyiga 9 909 536 so'm qoladi. Nima qilish mumkin: Qo'shimcha shart yo'q — hujjatlarni tasdiqlash uchun bank xodimi siz bilan bog'lanadi.,"Ma'qullandi: ball 667 (PD 1.2%), DTI 16.3% shift ichida. Asosiy ijobiy omillar: Mavjud qarz yuki (yangi kreditsiz) (+14 ball), Bandlik turi (+11 ball), To'lovlardan keyingi erkin pul (+9 ball). Tasdiqlangan summa 15 806 510 so'm.",Sarf intensivligi (chiqim/kirim) (-1 ball),15806510,100100000,0.1626,0.0553,0.0388,v1
AP002646,617.2,0.064506,QOLDA_KORIB_CHIQISH,"Arizangiz bank xodimiga ko'rib chiqishga yuborildi. So'ragan 65 285 934 so'm ni to'liq bera olmaymiz, lekin 61 900 000 so'm sizning to'lov qobiliyatingizga to'g'ri keladi — bunda oylik to'lov 1 927 307 so'm bo'ladi. Yakuniy qarorni bank xodimi tasdiqlaydi. To'sqinlik qildi: daromadning 19% i naqd yechib olinadi — bank uchun bu ko'rinmas pul; bank hisobingizdagi tushum deklaratsiya bilan mos. Foydangizga ishladi: oxirgi oylarda daromadingiz o'sgan; barcha to'lovlardan keyin oyiga 3 477 777 so'm qoladi; yangi kreditsiz ham qarz yukingiz past — daromadning 0% i. Nima qilish mumkin: To'lov qobiliyatingiz 61 900 000 so'm ga yetadi. Shu summani so'rasangiz, ariza qo'lda ko'rib chiqishga tushadi.","Qo'lda ko'rib chiqish: Yangi to'lov daromadning 36.9% ini oladi — shift 35.0%; Ball 617 — avtomatik ma'qullash chegarasi 630 dan past. Diqqat talab qiladigan omillar: Naqd yechish ulushi (-4), Bank oqimi / deklaratsiya (-2). Ball 617, tavsiya etilgan limit 61 900 000 so'm.",Naqd yechish ulushi (-4 ball),61900000,0,0.3689,0.3689,0.0326,v1
AP002647,568.4,0.271822,RAD_ETILDI,"Afsuski, hozircha kredit bera olmaymiz. Sabab: hozirgi daromadingiz mavjud to'lovlardan keyin yangi kreditni ko'tara olmaydi. To'sqinlik qildi: yangi kreditgacha ham mavjud to'lovlaringiz daromadning 123% ini oladi; barcha to'lovlardan keyin qo'lingizda pul umuman qolmaydi; mavjud qarz qoldig'i yillik daromadingizdan 0.5 barobar. Foydangizga ishladi: ish stajingiz uzoq — 10 yil 4 oy; bandlik turingiz (xususiy) barqaror daromad beradi; oxirgi oylarda daromadingiz o'sgan. Nima qilish mumkin: Mavjud kreditlaringizdan birini yopsangiz, qarz yuki pasayadi va limit sezilarli oshadi.","Rad etildi: So'ralgan summada DTI 410.3% — shift 50.0%; to'lov qobiliyati qolmagan; Yangi to'lov daromadning 286.8% ini oladi — shift 35.0%. Ballga eng ko'p salbiy ta'sir: Mavjud qarz yuki (yangi kreditsiz) (-19 ball), To'lovlardan keyingi erkin pul (-15 ball). Yakuniy ball 568.",Mavjud qarz yuki (yangi kreditsiz) (-19 ball),0,0,4.103,2.8681,0.0311,v1
AP002648,667.6,0.011878,MAQULLANDI,Tabriklaymiz — kredit ma'qullandi. 17 258 690 so'm miqdorida kredit tasdiqlandi. Oylik to'lov taxminan 1 665 567 so'm bo'ladi. To'sqinlik qildi: daromadning 20% i naqd yechib olinadi — bank uchun bu ko'rinmas pul; xarajatlaringiz daromadning 69% ini yeb qo'yadi. Foydangizga ishladi: bank hisobingizdagi tushum deklaratsiya bilan mos; ish stajingiz uzoq — 10 yil 1 oy; oylik daromadingiz 7 549 882 so'm — yetarli daraja. Nima qilish mumkin: Qo'shimcha shart yo'q — hujjatlarni tasdiqlash uchun bank xodimi siz bilan bog'lanadi.,"Ma'qullandi: ball 668 (PD 1.2%), DTI 22.1% shift ichida. Asosiy ijobiy omillar: Bank oqimi / deklaratsiya (+14 ball), Ish staji (oy) (+13 ball), Oylik daromad medianasi (+12 ball). Tasdiqlangan summa 17 258 690 so'm.",Naqd yechish ulushi (-4 ball),17258690,27300000,0.2206,0.2206,0.0259,v1
AP002649,586.3,0.167289,QOLDA_KORIB_CHIQISH,"Arizangiz bank xodimiga ko'rib chiqishga yuborildi. So'ragan 99 540 300 so'm ni to'liq bera olmaymiz, lekin 14 900 000 so'm sizning to'lov qobiliyatingizga to'g'ri keladi — bunda oylik to'lov 817 839 so'm bo'ladi. Yakuniy qarorni bank xodimi tasdiqlaydi. To'sqinlik qildi: barcha to'lovlardan keyin qo'lingizda pul umuman qolmaydi; oylik daromadingiz 2 348 134 so'm — so'ralgan summa uchun kam; xarajatlaringiz daromadning 58% ini yeb qo'yadi. Foydangizga ishladi: bank hisobingizdagi tushum deklaratsiya bilan mos; yangi kreditsiz ham qarz yukingiz past — daromadning 0% i; mavjud qarz qoldig'i yillik daromadingizga nisbatan kichik. Nima qilish mumkin: To'lov qobiliyatingiz 14 900 000 so'm ga yetadi. Shu summani so'rasangiz, ariza qo'lda ko'rib chiqishga tushadi. Muddatni uzaytiring (hozir 2 yil) — oylik to'lov kamayadi va qarz yuki chegara ichiga tushadi.","Qo'lda ko'rib chiqish: So'ralgan summada DTI 232.7% — shift 50.0%; taklif: 14 900 000 so'm; Yangi to'lov daromadning 232.7% ini oladi — shift 35.0%. Diqqat talab qiladigan omillar: To'lovlardan keyingi erkin pul (-15), Oylik daromad medianasi (-11). Ball 586, tavsiya etilgan limit 14 900 000 so'm.",To'lovlardan keyingi erkin pul (-15 ball),14900000,0,2.3268,2.3268,0.3261,v1
AP002650,616.8,0.065247,QOLDA_KORIB_CHIQISH,"Arizangiz bank xodimiga ko'rib chiqishga yuborildi. So'ragan 32 140 929 so'm ni to'liq bera olmaymiz, lekin 9 700 000 so'm sizning to'lov qobiliyatingizga to'g'ri keladi — bunda oylik to'lov 1 751 231 so'm bo'ladi. Yakuniy qarorni bank xodimi tasdiqlaydi. To'sqinlik qildi: barcha to'lovlardan keyin qo'lingizda pul umuman qolmaydi; oxirgi oylarda daromadingiz kamaygan; bankimiz bilan tarixingiz qisqa — 1 yil 2 oy, sizni hali yaxshi bilmaymiz. Foydangizga ishladi: oylik daromadingiz 5 974 056 so'm — yetarli daraja; bandlik turingiz (qurilish) barqaror daromad beradi; yangi kreditsiz ham qarz yukingiz past — daromadning 21% i. Nima qilish mumkin: So'rovni 9 700 000 so'm gacha kamaytiring — bu summada ma'qullanish ehtimoli sezilarli oshadi. Muddatni uzaytiring (hozir 6 oy) — oylik to'lov kamayadi va qarz yuki chegara ichiga tushadi.","Qo'lda ko'rib chiqish: So'ralgan summada DTI 117.7% — shift 50.0%; taklif: 9 700 000 so'm; Yangi to'lov daromadning 97.1% ini oladi — shift 35.0%. Diqqat talab qiladigan omillar: To'lovlardan keyingi erkin pul (-15), Daromad trendi (2-yarim/1-yarim) (-7). Ball 617, tavsiya etilgan limit 9 700 000 so'm.",To'lovlardan keyingi erkin pul (-15 ball),9700000,9700000,1.1769,0.9713,0.3261,v1
AP002651,621.5,0.055955,QOLDA_KORIB_CHIQISH,"Arizangiz bank xodimiga ko'rib chiqishga yuborildi. So'ragan 17 903 105 so'm ni to'liq bera olmaymiz, lekin 14 500 000 so'm sizning to'lov qobiliyatingizga to'g'ri keladi — bunda oylik to'lov 795 883 so'm bo'ladi. Yakuniy qarorni bank xodimi tasdiqlaydi. To'sqinlik qildi: oxirgi oylarda daromadingiz kamaygan; bank hisobingizdagi tushum deklaratsiya bilan mos; xarajatlaringiz daromadning 69% ini yeb qo'yadi. Foydangizga ishladi: bandlik turingiz (qurilish) barqaror daromad beradi; yangi kreditsiz ham qarz yukingiz past — daromadning 30% i; barcha to'lovlardan keyin oyiga 1 854 105 so'm qoladi. Nima qilish mumkin: To'lov qobiliyatingiz 14 500 000 so'm ga yetadi. Shu summani so'rasangiz, ariza qo'lda ko'rib chiqishga tushadi. Muddatni uzaytiring (hozir 2 yil) — oylik to'lov kamayadi va qarz yuki chegara ichiga tushadi. Mavjud kreditlaringizdan birini yopsangiz, qarz yuki pasayadi va limit sezilarli oshadi. Daromadingizni muntazam bank hisobiga o'tkazing — barqaror oqim ballni oshiradi.","Qo'lda ko'rib chiqish: So'ralgan summada DTI 54.5% — shift 50.0%; taklif: 14 500 000 so'm; Ball 622 — avtomatik ma'qullash chegarasi 630 dan past. Diqqat talab qiladigan omillar: Daromad trendi (2-yarim/1-yarim) (-7), Bank oqimi / deklaratsiya (-4). Ball 622, tavsiya etilgan limit 14 500 000 so'm.",Daromad trendi (2-yarim/1-yarim) (-7 ball),14500000,0,0.545,0.2411,0.3792,v1
AP002652,639.5,0.030835,QOLDA_KORIB_CHIQISH,"Arizangiz bank xodimiga ko'rib chiqishga yuborildi. So'ragan 9 744 448 so'm ni to'liq bera olmaymiz, lekin 6 700 000 so'm sizning to'lov qobiliyatingizga to'g'ri keladi — bunda oylik to'lov 1 209 613 so'm bo'ladi. Yakuniy qarorni bank xodimi tasdiqlaydi. To'sqinlik qildi: oxirgi oylarda daromadingiz kamaygan. Foydangizga ishladi: bank hisobingizdagi tushum deklaratsiya bilan mos; xarajatlaringiz daromadning 66% i — tejamkor; barcha to'lovlardan keyin oyiga 1 717 249 so'm qoladi. Nima qilish mumkin: So'rovni 6 700 000 so'm gacha kamaytiring — bu summada ma'qullanish ehtimoli sezilarli oshadi. Muddatni uzaytiring (hozir 6 oy) — oylik to'lov kamayadi va qarz yuki chegara ichiga tushadi.","Qo'lda ko'rib chiqish: So'ralgan summada DTI 50.6% — shift 50.0%; taklif: 6 700 000 so'm; Yangi to'lov daromadning 50.6% ini oladi — shift 35.0%. Diqqat talab qiladigan omillar: Daromad trendi (2-yarim/1-yarim) (-2), Bandlik turi (-1). Ball 639, tavsiya etilgan limit 6 700 000 so'm.",Daromad trendi (2-yarim/1-yarim) (-2 ball),6700000,6700000,0.506,0.506,0.2707,v1
AP002653,642.0,0.028291,MAQULLANDI,Tabriklaymiz — kredit ma'qullandi. 13 373 341 so'm miqdorida kredit tasdiqlandi. Oylik to'lov taxminan 553 169 so'm bo'ladi. To'sqinlik qildi: bank hisobingizdagi tushum deklaratsiya bilan mos. Foydangizga ishladi: yangi kreditsiz ham qarz yukingiz past — daromadning 14% i; oxirgi oylarda daromadingiz o'sgan; xarajatlaringiz daromadning 68% i — tejamkor. Nima qilish mumkin: Qo'shimcha shart yo'q — hujjatlarni tasdiqlash uchun bank xodimi siz bilan bog'lanadi.,"Ma'qullandi: ball 642 (PD 2.8%), DTI 30.2% shift ichida. Asosiy ijobiy omillar: Mavjud qarz yuki (yangi kreditsiz) (+14 ball), Daromad trendi (2-yarim/1-yarim) (+8 ball), Sarf intensivligi (chiqim/kirim) (+7 ball). Tasdiqlangan summa 13 373 341 so'm.",Bank oqimi / deklaratsiya (-11 ball),13373341,29500000,0.3021,0.1586,0.0311,v1
AP002654,630.7,0.041336,QOLDA_KORIB_CHIQISH,"Arizangiz bank xodimiga ko'rib chiqishga yuborildi. So'ragan 26 277 213 so'm ni to'liq bera olmaymiz, lekin 11 800 000 so'm sizning to'lov qobiliyatingizga to'g'ri keladi — bunda oylik to'lov 1 138 771 so'm bo'ladi. Yakuniy qarorni bank xodimi tasdiqlaydi. To'sqinlik qildi: oylik daromadingiz 3 258 658 so'm — so'ralgan summa uchun kam. Foydangizga ishladi: ish stajingiz uzoq — 11 yil 4 oy; bandlik turingiz (xususiy) barqaror daromad beradi; xarajatlaringiz daromadning 72% i — tejamkor. Nima qilish mumkin: So'rovni 11 800 000 so'm gacha kamaytiring — bu summada ma'qullanish ehtimoli sezilarli oshadi. Muddatni uzaytiring (hozir 1 yil) — oylik to'lov kamayadi va qarz yuki chegara ichiga tushadi.","Qo'lda ko'rib chiqish: So'ralgan summada DTI 77.8% — shift 50.0%; taklif: 11 800 000 so'm; Yangi to'lov daromadning 77.8% ini oladi — shift 35.0%. Diqqat talab qiladigan omillar: Oylik daromad medianasi (-3), Daromad trendi (2-yarim/1-yarim) (-2). Ball 631, tavsiya etilgan limit 11 800 000 so'm.",Oylik daromad medianasi (-3 ball),11800000,11800000,0.7782,0.7782,0.1899,v1
AP002655,652.8,0.019684,MAQULLANDI,Tabriklaymiz — kredit ma'qullandi. 19 606 830 so'm miqdorida kredit tasdiqlandi. Oylik to'lov taxminan 811 009 so'm bo'ladi. To'sqinlik qildi: bank hisobingizdagi tushum deklaratsiya bilan mos. Foydangizga ishladi: barcha to'lovlardan keyin oyiga 9 768 043 so'm qoladi; bandlik turingiz (qurilish) barqaror daromad beradi; oylik daromadingiz 10 579 052 so'm — yetarli daraja. Nima qilish mumkin: Qo'shimcha shart yo'q — hujjatlarni tasdiqlash uchun bank xodimi siz bilan bog'lanadi.,"Ma'qullandi: ball 653 (PD 2.0%), DTI 7.7% shift ichida. Asosiy ijobiy omillar: To'lovlardan keyingi erkin pul (+9 ball), Bandlik turi (+9 ball), Oylik daromad medianasi (+9 ball). Tasdiqlangan summa 19 606 830 so'm.",Bank oqimi / deklaratsiya (-2 ball),19606830,89500000,0.0767,0.0767,0.034,v1
AP002656,596.9,0.122096,RAD_ETILDI,"Afsuski, hozircha kredit bera olmaymiz. Sabab: hozirgi daromadingiz mavjud to'lovlardan keyin yangi kreditni ko'tara olmaydi. To'sqinlik qildi: yangi kreditgacha ham mavjud to'lovlaringiz daromadning 111% ini oladi; barcha to'lovlardan keyin qo'lingizda pul umuman qolmaydi; xarajatlaringiz daromadning 70% ini yeb qo'yadi. Foydangizga ishladi: oylik daromadingiz 6 632 070 so'm — yetarli daraja; bank hisobingizdagi tushum deklaratsiya bilan mos; ish stajingiz uzoq — 8 yil 10 oy. Nima qilish mumkin: Qo'shimcha shart yo'q — hujjatlarni tasdiqlash uchun bank xodimi siz bilan bog'lanadi.","Rad etildi: So'ralgan summada DTI 121.2% — shift 50.0%; to'lov qobiliyati qolmagan. Ballga eng ko'p salbiy ta'sir: Mavjud qarz yuki (yangi kreditsiz) (-19 ball), To'lovlardan keyingi erkin pul (-15 ball). Yakuniy ball 597.",Mavjud qarz yuki (yangi kreditsiz) (-19 ball),0,0,1.2124,0.103,0.2888,v1
AP002657,645.4,0.025299,MAQULLANDI,Tabriklaymiz — kredit ma'qullandi. 20 724 714 so'm miqdorida kredit tasdiqlandi. Oylik to'lov taxminan 857 249 so'm bo'ladi. To'sqinlik qildi: daromadning 20% i naqd yechib olinadi — bank uchun bu ko'rinmas pul; oxirgi oylarda daromadingiz kamaygan; xarajatlaringiz daromadning 69% ini yeb qo'yadi. Foydangizga ishladi: yangi kreditsiz ham qarz yukingiz past — daromadning 10% i; oylik daromadingiz 6 751 756 so'm — yetarli daraja; bandlik turingiz (xususiy) barqaror daromad beradi. Nima qilish mumkin: Qo'shimcha shart yo'q — hujjatlarni tasdiqlash uchun bank xodimi siz bilan bog'lanadi.,"Ma'qullandi: ball 645 (PD 2.5%), DTI 22.8% shift ichida. Asosiy ijobiy omillar: Mavjud qarz yuki (yangi kreditsiz) (+14 ball), Oylik daromad medianasi (+12 ball), Bandlik turi (+9 ball). Tasdiqlangan summa 20 724 714 so'm.",Naqd yechish ulushi (-4 ball),20724714,57100000,0.2278,0.127,0.0336,v1
AP002658,649.8,0.021768,MAQULLANDI,Tabriklaymiz — kredit ma'qullandi. 40 957 180 so'm miqdorida kredit tasdiqlandi. Oylik to'lov taxminan 2 248 078 so'm bo'ladi. To'sqinlik qildi: xarajatlaringiz daromadning 60% ini yeb qo'yadi; oxirgi oylarda daromadingiz kamaygan. Foydangizga ishladi: ish stajingiz uzoq — 10 yil; bandlik turingiz (xususiy) barqaror daromad beradi; oylik daromadingiz 8 953 265 so'm — yetarli daraja. Nima qilish mumkin: Qo'shimcha shart yo'q — hujjatlarni tasdiqlash uchun bank xodimi siz bilan bog'lanadi.,"Ma'qullandi: ball 650 (PD 2.2%), DTI 49.7% shift ichida. Asosiy ijobiy omillar: Ish staji (oy) (+13 ball), Bandlik turi (+9 ball), Oylik daromad medianasi (+9 ball). Tasdiqlangan summa 40 957 180 so'm.",Sarf intensivligi (chiqim/kirim) (-3 ball),40957180,41500000,0.4965,0.2511,0.2938,v1
AP002659,622.5,0.054208,RAD_ETILDI,"Afsuski, hozircha kredit bera olmaymiz. Sabab: kredit tarixingizda 95 kunlik kechikish bor. To'sqinlik qildi: o'tmishda 95 kunlik kechikish qayd etilgan; daromadning 19% i naqd yechib olinadi — bank uchun bu ko'rinmas pul; bank hisobingizdagi tushum deklaratsiya bilan mos. Foydangizga ishladi: oylik daromadingiz 6 747 774 so'm — yetarli daraja; barcha to'lovlardan keyin oyiga 4 308 159 so'm qoladi; yangi kreditsiz ham qarz yukingiz past — daromadning 19% i. Nima qilish mumkin: Kechikish yopilgandan keyin 12 oy toza to'lov tarixi to'plang, so'ng qayta murojaat qiling.","Rad etildi: O'tmishda 95 kunlik kechikish (90+ kun — qattiq to'siq). Ballga eng ko'p salbiy ta'sir: O'tmishdagi maks. kechikish (kun) (-16 ball), Naqd yechish ulushi (-4 ball). Yakuniy ball 622.",O'tmishdagi maks. kechikish (kun) (-16 ball),0,0,0.3615,0.1699,0.0358,v1
AP002660,583.8,0.179628,QOLDA_KORIB_CHIQISH,"Arizangiz bank xodimiga ko'rib chiqishga yuborildi. So'ragan 11 916 446 so'm ni to'liq bera olmaymiz, lekin 3 500 000 so'm sizning to'lov qobiliyatingizga to'g'ri keladi — bunda oylik to'lov 631 888 so'm bo'ladi. Yakuniy qarorni bank xodimi tasdiqlaydi. To'sqinlik qildi: ish stajingiz qisqa — atigi 9 oy; oylik daromadingiz 1 812 792 so'm — so'ralgan summa uchun kam; bank hisobingizdagi tushum deklaratsiya bilan mos. Foydangizga ishladi: bandlik turingiz (byudjet) barqaror daromad beradi; yangi kreditsiz ham qarz yukingiz past — daromadning 0% i; mavjud qarz qoldig'i yillik daromadingizga nisbatan kichik. Nima qilish mumkin: To'lov qobiliyatingiz 3 500 000 so'm ga yetadi. Shu summani so'rasangiz, ariza qo'lda ko'rib chiqishga tushadi. Muddatni uzaytiring (hozir 6 oy) — oylik to'lov kamayadi va qarz yuki chegara ichiga tushadi.","Qo'lda ko'rib chiqish: So'ralgan summada DTI 118.7% — shift 50.0%; taklif: 3 500 000 so'm; Yangi to'lov daromadning 118.7% ini oladi — shift 35.0%. Diqqat talab qiladigan omillar: Ish staji (oy) (-15), Oylik daromad medianasi (-11). Ball 584, tavsiya etilgan limit 3 500 000 so'm.",Ish staji (oy) (-15 ball),3500000,0,1.1868,1.1868,0.0274,v1
AP002661,645.4,0.0253,MAQULLANDI,Tabriklaymiz — kredit ma'qullandi. 20 274 155 so'm miqdorida kredit tasdiqlandi. Oylik to'lov taxminan 631 252 so'm bo'ladi. To'sqinlik qildi: daromadning 20% i naqd yechib olinadi — bank uchun bu ko'rinmas pul; xarajatlaringiz daromadning 70% ini yeb qo'yadi; oylik daromadingiz 2 817 551 so'm — so'ralgan summa uchun kam. Foydangizga ishladi: bank hisobingizdagi tushum deklaratsiya bilan mos; bandlik turingiz (byudjet) barqaror daromad beradi; oxirgi oylarda daromadingiz o'sgan. Nima qilish mumkin: Qo'shimcha shart yo'q — hujjatlarni tasdiqlash uchun bank xodimi siz bilan bog'lanadi.,"Ma'qullandi: ball 645 (PD 2.5%), DTI 22.4% shift ichida. Asosiy ijobiy omillar: Bank oqimi / deklaratsiya (+14 ball), Bandlik turi (+11 ball), Daromad trendi (2-yarim/1-yarim) (+8 ball). Tasdiqlangan summa 20 274 155 so'm.",Naqd yechish ulushi (-4 ball),20274155,31600000,0.224,0.224,0.0314,v1
AP002662,644.0,0.02647,MAQULLANDI,Tabriklaymiz — kredit ma'qullandi. 32 345 709 so'm miqdorida kredit tasdiqlandi. Oylik to'lov taxminan 3 121 555 so'm bo'ladi. To'sqinlik qildi: bank hisobingizdagi tushum deklaratsiya bilan mos. Foydangizga ishladi: barcha to'lovlardan keyin oyiga 6 334 772 so'm qoladi; oylik daromadingiz 9 456 326 so'm — yetarli daraja; oxirgi oylarda daromadingiz o'sgan. Nima qilish mumkin: Qo'shimcha shart yo'q — hujjatlarni tasdiqlash uchun bank xodimi siz bilan bog'lanadi.,"Ma'qullandi: ball 644 (PD 2.6%), DTI 33.0% shift ichida. Asosiy ijobiy omillar: To'lovlardan keyingi erkin pul (+9 ball), Oylik daromad medianasi (+9 ball), Daromad trendi (2-yarim/1-yarim) (+7 ball). Tasdiqlangan summa 32 345 709 so'm.",Bank oqimi / deklaratsiya (-2 ball),32345709,34200000,0.3301,0.3301,0.0286,v1
AP002663,621.7,0.05563,QOLDA_KORIB_CHIQISH,Arizangiz bank xodimiga ko'rib chiqishga yuborildi. Ko'rsatkichlaringiz chegaraviy zonada — avtomatik qaror o'rniga bank xodimi arizangizni qo'lda ko'rib chiqadi. To'sqinlik qildi: daromadning 20% i naqd yechib olinadi — bank uchun bu ko'rinmas pul; xarajatlaringiz daromadning 70% ini yeb qo'yadi; bank hisobingizdagi tushum deklaratsiya bilan mos. Foydangizga ishladi: bandlik turingiz (qurilish) barqaror daromad beradi; ish stajingiz uzoq — 7 yil 10 oy; barcha to'lovlardan keyin oyiga 3 611 045 so'm qoladi. Nima qilish mumkin: Qo'shimcha shart yo'q — hujjatlarni tasdiqlash uchun bank xodimi siz bilan bog'lanadi.,"Qo'lda ko'rib chiqish: Ball 622 — avtomatik ma'qullash chegarasi 630 dan past. Diqqat talab qiladigan omillar: Naqd yechish ulushi (-4), Sarf intensivligi (chiqim/kirim) (-4). Ball 622, tavsiya etilgan limit 9 585 983 so'm.",Naqd yechish ulushi (-4 ball),9585983,0,0.324,0.324,0.0281,v1
AP002664,621.3,0.056382,QOLDA_KORIB_CHIQISH,"Arizangiz bank xodimiga ko'rib chiqishga yuborildi. Ko'rsatkichlaringiz chegaraviy zonada — avtomatik qaror o'rniga bank xodimi arizangizni qo'lda ko'rib chiqadi. To'sqinlik qildi: ish stajingiz qisqa — atigi 8 oy; bankimiz bilan tarixingiz qisqa — 2 yil 11 oy, sizni hali yaxshi bilmaymiz; oxirgi oylarda daromadingiz kamaygan. Foydangizga ishladi: barcha to'lovlardan keyin oyiga 10 742 299 so'm qoladi; bandlik turingiz (xususiy) barqaror daromad beradi; oylik daromadingiz 13 907 052 so'm — yetarli daraja. Nima qilish mumkin: Qo'shimcha shart yo'q — hujjatlarni tasdiqlash uchun bank xodimi siz bilan bog'lanadi.","Qo'lda ko'rib chiqish: Ball 621 — avtomatik ma'qullash chegarasi 630 dan past. Diqqat talab qiladigan omillar: Ish staji (oy) (-15), Bank bilan tarix (oy) (-4). Ball 621, tavsiya etilgan limit 13 688 199 so'm.",Ish staji (oy) (-15 ball),13688199,0,0.2276,0.054,0.1755,v1
AP002665,641.0,0.029345,MAQULLANDI,"Tabriklaymiz — kredit ma'qullandi. 5 959 133 so'm miqdorida kredit tasdiqlandi. Oylik to'lov taxminan 246 491 so'm bo'ladi. To'sqinlik qildi: bank hisobingizdagi tushum deklaratsiya bilan mos. Foydangizga ishladi: bandlik turingiz (byudjet) barqaror daromad beradi; yangi kreditsiz ham qarz yukingiz past — daromadning 39% i; barcha to'lovlardan keyin oyiga 2 219 748 so'm qoladi. Nima qilish mumkin: Mavjud kreditlaringizdan birini yopsangiz, qarz yuki pasayadi va limit sezilarli oshadi.","Ma'qullandi: ball 641 (PD 2.9%), DTI 45.3% shift ichida. Asosiy ijobiy omillar: Bandlik turi (+11 ball), Mavjud qarz yuki (yangi kreditsiz) (+8 ball), To'lovlardan keyingi erkin pul (+7 ball). Tasdiqlangan summa 5 959 133 so'm.",Bank oqimi / deklaratsiya (-2 ball),5959133,10500000,0.4528,0.0608,0.0288,v1
AP002666,644.1,0.026374,MAQULLANDI,Tabriklaymiz — kredit ma'qullandi. 10 367 542 so'm miqdorida kredit tasdiqlandi. Oylik to'lov taxminan 428 839 so'm bo'ladi. To'sqinlik qildi: bank hisobingizdagi tushum deklaratsiya bilan mos. Foydangizga ishladi: barcha to'lovlardan keyin oyiga 8 555 169 so'm qoladi; oylik daromadingiz 9 343 554 so'm — yetarli daraja; oxirgi oylarda daromadingiz o'sgan. Nima qilish mumkin: Qo'shimcha shart yo'q — hujjatlarni tasdiqlash uchun bank xodimi siz bilan bog'lanadi.,"Ma'qullandi: ball 644 (PD 2.6%), DTI 8.4% shift ichida. Asosiy ijobiy omillar: To'lovlardan keyingi erkin pul (+9 ball), Oylik daromad medianasi (+9 ball), Daromad trendi (2-yarim/1-yarim) (+8 ball). Tasdiqlangan summa 10 367 542 so'm.",Bank oqimi / deklaratsiya (-4 ball),10367542,79000000,0.0844,0.0459,0.0306,v1
AP002667,641.9,0.028442,MAQULLANDI,"Tabriklaymiz — kredit ma'qullandi. 20 507 146 so'm miqdorida kredit tasdiqlandi. Oylik to'lov taxminan 848 249 so'm bo'ladi. To'sqinlik qildi: bankimiz bilan tarixingiz qisqa — 6 oy, sizni hali yaxshi bilmaymiz; xarajatlaringiz daromadning 70% ini yeb qo'yadi. Foydangizga ishladi: bank hisobingizdagi tushum deklaratsiya bilan mos; yangi kreditsiz ham qarz yukingiz past — daromadning 21% i; oxirgi oylarda daromadingiz o'sgan. Nima qilish mumkin: Qo'shimcha shart yo'q — hujjatlarni tasdiqlash uchun bank xodimi siz bilan bog'lanadi.","Ma'qullandi: ball 642 (PD 2.8%), DTI 35.9% shift ichida. Asosiy ijobiy omillar: Bank oqimi / deklaratsiya (+14 ball), Mavjud qarz yuki (yangi kreditsiz) (+8 ball), Daromad trendi (2-yarim/1-yarim) (+8 ball). Tasdiqlangan summa 20 507 146 so'm.",Bank bilan tarix (oy) (-4 ball),20507146,39800000,0.3588,0.1499,0.0266,v1
AP002668,638.5,0.031828,MAQULLANDI,"Tabriklaymiz — kredit ma'qullandi. 17 545 856 so'm miqdorida kredit tasdiqlandi. Oylik to'lov taxminan 546 305 so'm bo'ladi. To'sqinlik qildi: bank hisobingizdagi tushum deklaratsiya bilan mos; bankimiz bilan tarixingiz qisqa — 3 yil 2 oy, sizni hali yaxshi bilmaymiz. Foydangizga ishladi: yangi kreditsiz ham qarz yukingiz past — daromadning 6% i; bandlik turingiz (byudjet) barqaror daromad beradi; barcha to'lovlardan keyin oyiga 4 478 022 so'm qoladi. Nima qilish mumkin: Qo'shimcha shart yo'q — hujjatlarni tasdiqlash uchun bank xodimi siz bilan bog'lanadi.","Ma'qullandi: ball 639 (PD 3.2%), DTI 16.0% shift ichida. Asosiy ijobiy omillar: Mavjud qarz yuki (yangi kreditsiz) (+14 ball), Bandlik turi (+11 ball), To'lovlardan keyingi erkin pul (+8 ball). Tasdiqlangan summa 17 545 856 so'm.",Bank oqimi / deklaratsiya (-11 ball),17545856,59900000,0.1597,0.1025,0.0385,v1
AP002669,637.0,0.033548,QOLDA_KORIB_CHIQISH,Arizangiz bank xodimiga ko'rib chiqishga yuborildi. Ko'rsatkichlaringiz chegaraviy zonada — avtomatik qaror o'rniga bank xodimi arizangizni qo'lda ko'rib chiqadi. To'sqinlik qildi: daromadning 20% i naqd yechib olinadi — bank uchun bu ko'rinmas pul; oxirgi oylarda daromadingiz kamaygan. Foydangizga ishladi: ish stajingiz uzoq — 12 yil 2 oy; barcha to'lovlardan keyin oyiga 4 747 424 so'm qoladi; xarajatlaringiz daromadning 67% i — tejamkor. Nima qilish mumkin: Daromadingizni muntazam bank hisobiga o'tkazing — barqaror oqim ballni oshiradi.,"Qo'lda ko'rib chiqish: Daromad juda o'zgaruvchan (CV 0.38) — barqarorlik past. Diqqat talab qiladigan omillar: Naqd yechish ulushi (-4), Daromad trendi (2-yarim/1-yarim) (-2). Ball 637, tavsiya etilgan limit 8 202 418 so'm.",Naqd yechish ulushi (-4 ball),8202418,33100000,0.0866,0.0866,0.3754,v1
AP002670,666.8,0.012214,MAQULLANDI,Tabriklaymiz — kredit ma'qullandi. 7 073 373 so'm miqdorida kredit tasdiqlandi. Oylik to'lov taxminan 682 623 so'm bo'ladi. To'sqinlik qildi: bank hisobingizdagi tushum deklaratsiya bilan mos. Foydangizga ishladi: yangi kreditsiz ham qarz yukingiz past — daromadning 12% i; oylik daromadingiz 7 065 356 so'm — yetarli daraja; bandlik turingiz (qurilish) barqaror daromad beradi. Nima qilish mumkin: Qo'shimcha shart yo'q — hujjatlarni tasdiqlash uchun bank xodimi siz bilan bog'lanadi.,"Ma'qullandi: ball 667 (PD 1.2%), DTI 22.1% shift ichida. Asosiy ijobiy omillar: Mavjud qarz yuki (yangi kreditsiz) (+14 ball), Oylik daromad medianasi (+12 ball), Bandlik turi (+9 ball). Tasdiqlangan summa 7 073 373 so'm.",Bank oqimi / deklaratsiya (-4 ball),7073373,25600000,0.2208,0.0966,0.0306,v1
AP002671,612.8,0.074335,QOLDA_KORIB_CHIQISH,"Arizangiz bank xodimiga ko'rib chiqishga yuborildi. So'ragan 26 079 569 so'm ni to'liq bera olmaymiz, lekin 16 600 000 so'm sizning to'lov qobiliyatingizga to'g'ri keladi — bunda oylik to'lov 1 601 999 so'm bo'ladi. Yakuniy qarorni bank xodimi tasdiqlaydi. To'sqinlik qildi: oxirgi oylarda daromadingiz kamaygan; bankimiz bilan tarixingiz qisqa — 2 yil 7 oy, sizni hali yaxshi bilmaymiz; xarajatlaringiz daromadning 71% ini yeb qo'yadi. Foydangizga ishladi: bank hisobingizdagi tushum deklaratsiya bilan mos; barcha to'lovlardan keyin oyiga 1 899 036 so'm qoladi; yangi kreditsiz ham qarz yukingiz past — daromadning 4% i. Nima qilish mumkin: To'lov qobiliyatingiz 16 600 000 so'm ga yetadi. Shu summani so'rasangiz, ariza qo'lda ko'rib chiqishga tushadi. Muddatni uzaytiring (hozir 1 yil) — oylik to'lov kamayadi va qarz yuki chegara ichiga tushadi.","Qo'lda ko'rib chiqish: So'ralgan summada DTI 58.5% — shift 50.0%; taklif: 16 600 000 so'm; Yangi to'lov daromadning 55.0% ini oladi — shift 35.0%. Diqqat talab qiladigan omillar: Daromad trendi (2-yarim/1-yarim) (-7), Bank bilan tarix (oy) (-4). Ball 613, tavsiya etilgan limit 16 600 000 so'm.",Daromad trendi (2-yarim/1-yarim) (-7 ball),16600000,0,0.5854,0.5495,0.2267,v1
AP002672,578.3,0.209408,RAD_ETILDI,"Afsuski, hozircha kredit bera olmaymiz. Sabab: hozirgi daromadingiz mavjud to'lovlardan keyin yangi kreditni ko'tara olmaydi. To'sqinlik qildi: yangi kreditgacha ham mavjud to'lovlaringiz daromadning 57% ini oladi; mavjud qarz qoldig'i yillik daromadingizdan 0.3 barobar; daromadning 19% i naqd yechib olinadi — bank uchun bu ko'rinmas pul. Foydangizga ishladi: bandlik turingiz (byudjet) barqaror daromad beradi; bank hisobingizdagi tushum deklaratsiya bilan mos; ish stajingiz uzoq — 9 yil 7 oy. Nima qilish mumkin: Mavjud kreditlaringizdan birini yopsangiz, qarz yuki pasayadi va limit sezilarli oshadi.","Rad etildi: So'ralgan summada DTI 71.0% — shift 50.0%; to'lov qobiliyati qolmagan; Defolt ehtimoli 20.9% — shift 20.0%. Ballga eng ko'p salbiy ta'sir: Mavjud qarz yuki (yangi kreditsiz) (-19 ball), Qarz qoldig'i / yillik daromad (-11 ball). Yakuniy ball 578.",Mavjud qarz yuki (yangi kreditsiz) (-19 ball),0,0,0.71,0.1433,0.0301,v1
AP002673,562.2,0.316678,RAD_ETILDI,"Afsuski, hozircha kredit bera olmaymiz. Sabab: hozirda doimiy ish joyingiz va muntazam daromadingiz yo'q. To'sqinlik qildi: bandlik turingiz (ishsiz) yuqori xavfli guruhda; ish stajingiz qisqa — atigi 0 oy; xarajatlaringiz daromadning 63% ini yeb qo'yadi. Foydangizga ishladi: barcha to'lovlardan keyin oyiga 8 288 433 so'm qoladi; oylik daromadingiz 8 353 534 so'm — yetarli daraja; bank hisobingizdagi tushum deklaratsiya bilan mos. Nima qilish mumkin: Rasmiy ish joyi va muntazam daromad tasdiqlangach murojaat qiling — bu asosiy shart.","Rad etildi: Bandlik holati: ishsiz — doimiy daromad manbai yo'q; Defolt ehtimoli 31.7% — shift 20.0%. Ballga eng ko'p salbiy ta'sir: Bandlik turi (-68 ball), Ish staji (oy) (-15 ball). Yakuniy ball 562.",Bandlik turi (-68 ball),0,0,0.0078,0.0078,0.0246,v1
AP002674,627.4,0.04609,QOLDA_KORIB_CHIQISH,Arizangiz bank xodimiga ko'rib chiqishga yuborildi. Ko'rsatkichlaringiz chegaraviy zonada — avtomatik qaror o'rniga bank xodimi arizangizni qo'lda ko'rib chiqadi. To'sqinlik qildi: bank hisobingizdagi tushum deklaratsiya bilan mos; xarajatlaringiz daromadning 65% ini yeb qo'yadi. Foydangizga ishladi: yangi kreditsiz ham qarz yukingiz past — daromadning 16% i; oxirgi oylarda daromadingiz o'sgan; barcha to'lovlardan keyin oyiga 3 379 691 so'm qoladi. Nima qilish mumkin: Qo'shimcha shart yo'q — hujjatlarni tasdiqlash uchun bank xodimi siz bilan bog'lanadi.,"Qo'lda ko'rib chiqish: Ball 627 — avtomatik ma'qullash chegarasi 630 dan past. Diqqat talab qiladigan omillar: Bank oqimi / deklaratsiya (-11), Sarf intensivligi (chiqim/kirim) (-3). Ball 627, tavsiya etilgan limit 7 697 735 so'm.",Bank oqimi / deklaratsiya (-11 ball),7697735,0,0.214,0.0557,0.0346,v1
AP002675,658.3,0.016321,QOLDA_KORIB_CHIQISH,"Arizangiz bank xodimiga ko'rib chiqishga yuborildi. Ko'rsatkichlaringiz chegaraviy zonada — avtomatik qaror o'rniga bank xodimi arizangizni qo'lda ko'rib chiqadi. To'sqinlik qildi: bankimiz bilan tarixingiz qisqa — 1 yil 3 oy, sizni hali yaxshi bilmaymiz. Foydangizga ishladi: oylik daromadingiz 7 589 133 so'm — yetarli daraja; barcha to'lovlardan keyin oyiga 7 356 847 so'm qoladi; bandlik turingiz (xususiy) barqaror daromad beradi. Nima qilish mumkin: Daromadingizni muntazam bank hisobiga o'tkazing — barqaror oqim ballni oshiradi.","Qo'lda ko'rib chiqish: Daromad juda o'zgaruvchan (CV 0.37) — barqarorlik past. Diqqat talab qiladigan omillar: Bank bilan tarix (oy) (-4), Naqd yechish ulushi (-1). Ball 658, tavsiya etilgan limit 7 460 423 so'm.",Bank bilan tarix (oy) (-4 ball),7460423,85300000,0.0306,0.0306,0.3748,v1
AP002676,635.9,0.034758,QOLDA_KORIB_CHIQISH,"Arizangiz bank xodimiga ko'rib chiqishga yuborildi. So'ragan 21 060 608 so'm ni to'liq bera olmaymiz, lekin 13 700 000 so'm sizning to'lov qobiliyatingizga to'g'ri keladi — bunda oylik to'lov 426 561 so'm bo'ladi. Yakuniy qarorni bank xodimi tasdiqlaydi. To'sqinlik qildi: oxirgi oylarda daromadingiz kamaygan; bank hisobingizdagi tushum deklaratsiya bilan mos. Foydangizga ishladi: bandlik turingiz (xususiy) barqaror daromad beradi; yangi kreditsiz ham qarz yukingiz past — daromadning 39% i; barcha to'lovlardan keyin oyiga 1 679 765 so'm qoladi. Nima qilish mumkin: So'rovni 13 700 000 so'm gacha kamaytiring — bu summada ma'qullanish ehtimoli sezilarli oshadi.","Qo'lda ko'rib chiqish: So'ralgan summada DTI 56.0% — shift 50.0%; taklif: 13 700 000 so'm. Diqqat talab qiladigan omillar: Daromad trendi (2-yarim/1-yarim) (-7), Bank oqimi / deklaratsiya (-2). Ball 636, tavsiya etilgan limit 13 700 000 so'm.",Daromad trendi (2-yarim/1-yarim) (-7 ball),13700000,13700000,0.5596,0.1719,0.2251,v1
AP002677,605.7,0.093163,QOLDA_KORIB_CHIQISH,"Arizangiz bank xodimiga ko'rib chiqishga yuborildi. So'ragan 38 437 663 so'm ni to'liq bera olmaymiz, lekin 6 100 000 so'm sizning to'lov qobiliyatingizga to'g'ri keladi — bunda oylik to'lov 1 101 290 so'm bo'ladi. Yakuniy qarorni bank xodimi tasdiqlaydi. To'sqinlik qildi: barcha to'lovlardan keyin qo'lingizda pul umuman qolmaydi; oylik daromadingiz 3 168 712 so'm — so'ralgan summa uchun kam; oila a'zosiga oyiga atigi 528 119 so'm to'g'ri keladi. Foydangizga ishladi: ish stajingiz uzoq — 10 yil 3 oy; bank hisobingizdagi tushum deklaratsiya bilan mos; yangi kreditsiz ham qarz yukingiz past — daromadning 0% i. Nima qilish mumkin: So'rovni 6 100 000 so'm gacha kamaytiring — bu summada ma'qullanish ehtimoli sezilarli oshadi. Muddatni uzaytiring (hozir 6 oy) — oylik to'lov kamayadi va qarz yuki chegara ichiga tushadi.","Qo'lda ko'rib chiqish: So'ralgan summada DTI 219.0% — shift 50.0%; taklif: 6 100 000 so'm; Yangi to'lov daromadning 219.0% ini oladi — shift 35.0%. Diqqat talab qiladigan omillar: To'lovlardan keyingi erkin pul (-15), Oylik daromad medianasi (-3). Ball 606, tavsiya etilgan limit 6 100 000 so'm.",To'lovlardan keyingi erkin pul (-15 ball),6100000,6100000,2.19,2.19,0.0158,v1
AP002678,566.0,0.288805,RAD_ETILDI,"Afsuski, hozircha kredit bera olmaymiz. Sabab: hozirgi daromadingiz mavjud to'lovlardan keyin yangi kreditni ko'tara olmaydi. To'sqinlik qildi: yangi kreditgacha ham mavjud to'lovlaringiz daromadning 500% ini oladi; barcha to'lovlardan keyin qo'lingizda pul umuman qolmaydi; mavjud qarz qoldig'i yillik daromadingizdan 4.1 barobar. Foydangizga ishladi: bank hisobingizdagi tushum deklaratsiya bilan mos; ish stajingiz uzoq — 11 yil; xarajatlaringiz daromadning 73% i — tejamkor. Nima qilish mumkin: Mavjud kreditlaringizdan birini yopsangiz, qarz yuki pasayadi va limit sezilarli oshadi.","Rad etildi: So'ralgan summada DTI 500.0% — shift 50.0%; to'lov qobiliyati qolmagan; Yangi to'lov daromadning 36.5% ini oladi — shift 35.0%. Ballga eng ko'p salbiy ta'sir: Mavjud qarz yuki (yangi kreditsiz) (-19 ball), To'lovlardan keyingi erkin pul (-15 ball). Yakuniy ball 566.",Mavjud qarz yuki (yangi kreditsiz) (-19 ball),0,0,5.0,0.3655,0.0335,v1
AP002679,578.1,0.210587,RAD_ETILDI,"Afsuski, hozircha kredit bera olmaymiz. Sabab: kredit tarixingizda 95 kunlik kechikish bor. To'sqinlik qildi: o'tmishda 95 kunlik kechikish qayd etilgan; mavjud qarz qoldig'i yillik daromadingizdan 0.3 barobar; bank hisobingizdagi tushum deklaratsiya bilan mos. Foydangizga ishladi: bandlik turingiz (qurilish) barqaror daromad beradi; yangi kreditsiz ham qarz yukingiz past — daromadning 28% i; barcha to'lovlardan keyin oyiga 2 443 393 so'm qoladi. Nima qilish mumkin: Mavjud kreditlaringizdan birini yopsangiz, qarz yuki pasayadi va limit sezilarli oshadi. Kechikish yopilgandan keyin 12 oy toza to'lov tarixi to'plang, so'ng qayta murojaat qiling. Daromadingizni muntazam bank hisobiga o'tkazing — barqaror oqim ballni oshiradi.","Rad etildi: O'tmishda 95 kunlik kechikish (90+ kun — qattiq to'siq); Defolt ehtimoli 21.1% — shift 20.0%. Ballga eng ko'p salbiy ta'sir: O'tmishdagi maks. kechikish (kun) (-16 ball), Qarz qoldig'i / yillik daromad (-11 ball). Yakuniy ball 578.",O'tmishdagi maks. kechikish (kun) (-16 ball),0,0,0.454,0.1704,0.3739,v1
AP002680,634.3,0.036658,RAD_ETILDI,"Afsuski, hozircha kredit bera olmaymiz. Sabab: kredit tarixingizda 95 kunlik kechikish bor. To'sqinlik qildi: o'tmishda 95 kunlik kechikish qayd etilgan; daromadning 19% i naqd yechib olinadi — bank uchun bu ko'rinmas pul; bank hisobingizdagi tushum deklaratsiya bilan mos. Foydangizga ishladi: yangi kreditsiz ham qarz yukingiz past — daromadning 7% i; bandlik turingiz (xususiy) barqaror daromad beradi; xarajatlaringiz daromadning 66% i — tejamkor. Nima qilish mumkin: Kechikish yopilgandan keyin 12 oy toza to'lov tarixi to'plang, so'ng qayta murojaat qiling.","Rad etildi: O'tmishda 95 kunlik kechikish (90+ kun — qattiq to'siq); Yangi to'lov daromadning 41.1% ini oladi — shift 35.0%. Ballga eng ko'p salbiy ta'sir: O'tmishdagi maks. kechikish (kun) (-16 ball), Naqd yechish ulushi (-4 ball). Yakuniy ball 634.",O'tmishdagi maks. kechikish (kun) (-16 ball),0,0,0.4779,0.4113,0.0312,v1
AP002681,656.9,0.017107,QOLDA_KORIB_CHIQISH,"Arizangiz bank xodimiga ko'rib chiqishga yuborildi. So'ragan 17 880 231 so'm ni to'liq bera olmaymiz, lekin 15 800 000 so'm sizning to'lov qobiliyatingizga to'g'ri keladi — bunda oylik to'lov 2 852 521 so'm bo'ladi. Yakuniy qarorni bank xodimi tasdiqlaydi. To'sqinlik qildi: daromadning 19% i naqd yechib olinadi — bank uchun bu ko'rinmas pul. Foydangizga ishladi: bank hisobingizdagi tushum deklaratsiya bilan mos; bandlik turingiz (qurilish) barqaror daromad beradi; oylik daromadingiz 8 183 406 so'm — yetarli daraja. Nima qilish mumkin: So'rovni 15 800 000 so'm gacha kamaytiring — bu summada ma'qullanish ehtimoli sezilarli oshadi. Muddatni uzaytiring (hozir 6 oy) — oylik to'lov kamayadi va qarz yuki chegara ichiga tushadi.","Qo'lda ko'rib chiqish: Yangi to'lov daromadning 39.4% ini oladi — shift 35.0%. Diqqat talab qiladigan omillar: Naqd yechish ulushi (-4). Ball 657, tavsiya etilgan limit 15 800 000 so'm.",Naqd yechish ulushi (-4 ball),15800000,15800000,0.4029,0.3945,0.0372,v1
AP002682,601.7,0.10541,QOLDA_KORIB_CHIQISH,"Arizangiz bank xodimiga ko'rib chiqishga yuborildi. Ko'rsatkichlaringiz chegaraviy zonada — avtomatik qaror o'rniga bank xodimi arizangizni qo'lda ko'rib chiqadi. To'sqinlik qildi: ish stajingiz qisqa — atigi 1 yil; bankimiz bilan tarixingiz qisqa — 10 oy, sizni hali yaxshi bilmaymiz; xarajatlaringiz daromadning 63% ini yeb qo'yadi. Foydangizga ishladi: yangi kreditsiz ham qarz yukingiz past — daromadning 36% i; barcha to'lovlardan keyin oyiga 3 223 743 so'm qoladi; mavjud qarz qoldig'i yillik daromadingizga nisbatan kichik. Nima qilish mumkin: Mavjud kreditlaringizdan birini yopsangiz, qarz yuki pasayadi va limit sezilarli oshadi.","Qo'lda ko'rib chiqish: Ball 602 — avtomatik ma'qullash chegarasi 630 dan past. Diqqat talab qiladigan omillar: Ish staji (oy) (-15), Bank bilan tarix (oy) (-4). Ball 602, tavsiya etilgan limit 8 244 912 so'm.",Ish staji (oy) (-15 ball),8244912,0,0.4257,0.0608,0.0213,v1
AP002683,603.3,0.100349,QOLDA_KORIB_CHIQISH,"Arizangiz bank xodimiga ko'rib chiqishga yuborildi. So'ragan 21 056 419 so'm ni to'liq bera olmaymiz, lekin 13 400 000 so'm sizning to'lov qobiliyatingizga to'g'ri keladi — bunda oylik to'lov 735 506 so'm bo'ladi. Yakuniy qarorni bank xodimi tasdiqlaydi. To'sqinlik qildi: oylik daromadingiz 2 108 740 so'm — so'ralgan summa uchun kam; bank hisobingizdagi tushum deklaratsiya bilan mos; oila a'zosiga oyiga atigi 351 457 so'm to'g'ri keladi. Foydangizga ishladi: oxirgi oylarda daromadingiz o'sgan; xarajatlaringiz daromadning 66% i — tejamkor; yangi kreditsiz ham qarz yukingiz past — daromadning 0% i. Nima qilish mumkin: To'lov qobiliyatingiz 13 400 000 so'm ga yetadi. Shu summani so'rasangiz, ariza qo'lda ko'rib chiqishga tushadi. Muddatni uzaytiring (hozir 2 yil) — oylik to'lov kamayadi va qarz yuki chegara ichiga tushadi.","Qo'lda ko'rib chiqish: So'ralgan summada DTI 54.8% — shift 50.0%; taklif: 13 400 000 so'm; Yangi to'lov daromadning 54.8% ini oladi — shift 35.0%. Diqqat talab qiladigan omillar: Oylik daromad medianasi (-11), Bank oqimi / deklaratsiya (-11). Ball 603, tavsiya etilgan limit 13 400 000 so'm.",Oylik daromad medianasi (-11 ball),13400000,0,0.5481,0.5481,0.0335,v1
AP002684,560.0,0.333144,RAD_ETILDI,"Afsuski, hozircha kredit bera olmaymiz. Sabab: hozirgi daromadingiz mavjud to'lovlardan keyin yangi kreditni ko'tara olmaydi. To'sqinlik qildi: yangi kreditgacha ham mavjud to'lovlaringiz daromadning 136% ini oladi; barcha to'lovlardan keyin qo'lingizda pul umuman qolmaydi; oylik daromadingiz 1 977 016 so'm — so'ralgan summa uchun kam. Foydangizga ishladi: oxirgi oylarda daromadingiz o'sgan; xarajatlaringiz daromadning 67% i — tejamkor; mavjud qarz qoldig'i yillik daromadingizga nisbatan kichik. Nima qilish mumkin: Qo'shimcha shart yo'q — hujjatlarni tasdiqlash uchun bank xodimi siz bilan bog'lanadi.","Rad etildi: So'ralgan summada DTI 168.7% — shift 50.0%; to'lov qobiliyati qolmagan; Defolt ehtimoli 33.3% — shift 20.0%. Ballga eng ko'p salbiy ta'sir: Mavjud qarz yuki (yangi kreditsiz) (-19 ball), To'lovlardan keyingi erkin pul (-15 ball). Yakuniy ball 560.",Mavjud qarz yuki (yangi kreditsiz) (-19 ball),0,0,1.6868,0.3229,0.0275,v1
AP002685,638.1,0.032253,MAQULLANDI,Tabriklaymiz — kredit ma'qullandi. 12 630 963 so'm miqdorida kredit tasdiqlandi. Oylik to'lov taxminan 1 218 964 so'm bo'ladi. To'sqinlik qildi: bank hisobingizdagi tushum deklaratsiya bilan mos. Foydangizga ishladi: oylik daromadingiz 5 838 042 so'm — yetarli daraja; barcha to'lovlardan keyin oyiga 4 619 078 so'm qoladi; oxirgi oylarda daromadingiz o'sgan. Nima qilish mumkin: Qo'shimcha shart yo'q — hujjatlarni tasdiqlash uchun bank xodimi siz bilan bog'lanadi.,"Ma'qullandi: ball 638 (PD 3.2%), DTI 20.9% shift ichida. Asosiy ijobiy omillar: Oylik daromad medianasi (+12 ball), To'lovlardan keyingi erkin pul (+8 ball), Daromad trendi (2-yarim/1-yarim) (+7 ball). Tasdiqlangan summa 12 630 963 so'm.",Bank oqimi / deklaratsiya (-11 ball),12630963,21100000,0.2088,0.2088,0.0279,v1
AP002686,586.1,0.16844,RAD_ETILDI,"Afsuski, hozircha kredit bera olmaymiz. Sabab: hozirgi daromadingiz mavjud to'lovlardan keyin yangi kreditni ko'tara olmaydi. To'sqinlik qildi: yangi kreditgacha ham mavjud to'lovlaringiz daromadning 76% ini oladi; barcha to'lovlardan keyin qo'lingizda pul umuman qolmaydi; mavjud qarz qoldig'i yillik daromadingizdan 0.4 barobar. Foydangizga ishladi: bandlik turingiz (xususiy) barqaror daromad beradi; bank hisobingizdagi tushum deklaratsiya bilan mos; oxirgi oylarda daromadingiz o'sgan. Nima qilish mumkin: Mavjud kreditlaringizdan birini yopsangiz, qarz yuki pasayadi va limit sezilarli oshadi.","Rad etildi: So'ralgan summada DTI 227.2% — shift 50.0%; to'lov qobiliyati qolmagan; Yangi to'lov daromadning 151.3% ini oladi — shift 35.0%. Ballga eng ko'p salbiy ta'sir: Mavjud qarz yuki (yangi kreditsiz) (-19 ball), To'lovlardan keyingi erkin pul (-15 ball). Yakuniy ball 586.",Mavjud qarz yuki (yangi kreditsiz) (-19 ball),0,0,2.2722,1.5129,0.0318,v1
AP002687,596.7,0.122808,RAD_ETILDI,"Afsuski, hozircha kredit bera olmaymiz. Sabab: hozirgi daromadingiz mavjud to'lovlardan keyin yangi kreditni ko'tara olmaydi. To'sqinlik qildi: yangi kreditgacha ham mavjud to'lovlaringiz daromadning 103% ini oladi; barcha to'lovlardan keyin qo'lingizda pul umuman qolmaydi; mavjud qarz qoldig'i yillik daromadingizdan 0.4 barobar. Foydangizga ishladi: bank hisobingizdagi tushum deklaratsiya bilan mos; bandlik turingiz (byudjet) barqaror daromad beradi; oxirgi oylarda daromadingiz o'sgan. Nima qilish mumkin: Mavjud kreditlaringizdan birini yopsangiz, qarz yuki pasayadi va limit sezilarli oshadi.","Rad etildi: So'ralgan summada DTI 121.0% — shift 50.0%; to'lov qobiliyati qolmagan. Ballga eng ko'p salbiy ta'sir: Mavjud qarz yuki (yangi kreditsiz) (-19 ball), To'lovlardan keyingi erkin pul (-15 ball). Yakuniy ball 597.",Mavjud qarz yuki (yangi kreditsiz) (-19 ball),0,0,1.2096,0.1773,0.0301,v1
AP002688,528.2,0.600537,RAD_ETILDI,"Afsuski, hozircha kredit bera olmaymiz. Sabab: hozirda doimiy ish joyingiz va muntazam daromadingiz yo'q. To'sqinlik qildi: bandlik turingiz (ishsiz) yuqori xavfli guruhda; ish stajingiz qisqa — atigi 0 oy; bankimiz bilan tarixingiz qisqa — 1 oy, sizni hali yaxshi bilmaymiz. Foydangizga ishladi: yangi kreditsiz ham qarz yukingiz past — daromadning 33% i; xarajatlaringiz daromadning 68% i — tejamkor; barcha to'lovlardan keyin oyiga 2 593 534 so'm qoladi. Nima qilish mumkin: Mavjud kreditlaringizdan birini yopsangiz, qarz yuki pasayadi va limit sezilarli oshadi. Rasmiy ish joyi va muntazam daromad tasdiqlangach murojaat qiling — bu asosiy shart.","Rad etildi: Bandlik holati: ishsiz — doimiy daromad manbai yo'q; So'ralgan summada DTI 50.1% — shift 50.0%; to'lov qobiliyati qolmagan. Ballga eng ko'p salbiy ta'sir: Bandlik turi (-68 ball), Ish staji (oy) (-15 ball). Yakuniy ball 528.",Bandlik turi (-68 ball),0,0,0.5008,0.1746,0.2156,v1
AP002689,646.6,0.024247,QOLDA_KORIB_CHIQISH,"Arizangiz bank xodimiga ko'rib chiqishga yuborildi. So'ragan 19 441 602 so'm ni to'liq bera olmaymiz, lekin 12 500 000 so'm sizning to'lov qobiliyatingizga to'g'ri keladi — bunda oylik to'lov 2 256 741 so'm bo'ladi. Yakuniy qarorni bank xodimi tasdiqlaydi. To'sqinlik qildi: bank hisobingizdagi tushum deklaratsiya bilan mos; xarajatlaringiz daromadning 70% ini yeb qo'yadi. Foydangizga ishladi: ish stajingiz uzoq — 11 yil 1 oy; oylik daromadingiz 6 461 197 so'm — yetarli daraja; bandlik turingiz (xususiy) barqaror daromad beradi. Nima qilish mumkin: So'rovni 12 500 000 so'm gacha kamaytiring — bu summada ma'qullanish ehtimoli sezilarli oshadi. Muddatni uzaytiring (hozir 6 oy) — oylik to'lov kamayadi va qarz yuki chegara ichiga tushadi.","Qo'lda ko'rib chiqish: So'ralgan summada DTI 54.3% — shift 50.0%; taklif: 12 500 000 so'm; Yangi to'lov daromadning 54.3% ini oladi — shift 35.0%. Diqqat talab qiladigan omillar: Bank oqimi / deklaratsiya (-4), Sarf intensivligi (chiqim/kirim) (-2). Ball 647, tavsiya etilgan limit 12 500 000 so'm.",Bank oqimi / deklaratsiya (-4 ball),12500000,12500000,0.5432,0.5432,0.027,v1
AP002690,624.6,0.050651,QOLDA_KORIB_CHIQISH,Arizangiz bank xodimiga ko'rib chiqishga yuborildi. Ko'rsatkichlaringiz chegaraviy zonada — avtomatik qaror o'rniga bank xodimi arizangizni qo'lda ko'rib chiqadi. To'sqinlik qildi: ish stajingiz qisqa — atigi 11 oy; bank hisobingizdagi tushum deklaratsiya bilan mos; xarajatlaringiz daromadning 65% ini yeb qo'yadi. Foydangizga ishladi: yangi kreditsiz ham qarz yukingiz past — daromadning 7% i; bandlik turingiz (byudjet) barqaror daromad beradi; oxirgi oylarda daromadingiz o'sgan. Nima qilish mumkin: Qo'shimcha shart yo'q — hujjatlarni tasdiqlash uchun bank xodimi siz bilan bog'lanadi.,"Qo'lda ko'rib chiqish: Ball 625 — avtomatik ma'qullash chegarasi 630 dan past. Diqqat talab qiladigan omillar: Ish staji (oy) (-15), Bank oqimi / deklaratsiya (-11). Ball 625, tavsiya etilgan limit 20 323 910 so'm.",Ish staji (oy) (-15 ball),20323910,0,0.2242,0.1567,0.032,v1
AP002691,635.2,0.035556,MAQULLANDI,Tabriklaymiz — kredit ma'qullandi. 8 969 216 so'm miqdorida kredit tasdiqlandi. Oylik to'lov taxminan 865 583 so'm bo'ladi. To'sqinlik qildi: ish stajingiz qisqa — atigi 1 yil 9 oy. Foydangizga ishladi: bank hisobingizdagi tushum deklaratsiya bilan mos; bandlik turingiz (byudjet) barqaror daromad beradi; barcha to'lovlardan keyin oyiga 4 683 021 so'm qoladi. Nima qilish mumkin: Qo'shimcha shart yo'q — hujjatlarni tasdiqlash uchun bank xodimi siz bilan bog'lanadi.,"Ma'qullandi: ball 635 (PD 3.6%), DTI 15.6% shift ichida. Asosiy ijobiy omillar: Bank oqimi / deklaratsiya (+14 ball), Bandlik turi (+11 ball), To'lovlardan keyingi erkin pul (+8 ball). Tasdiqlangan summa 8 969 216 so'm.",Ish staji (oy) (-15 ball),8969216,20100000,0.156,0.156,0.0297,v1
AP002692,633.8,0.037318,MAQULLANDI,Tabriklaymiz — kredit ma'qullandi. 13 314 504 so'm miqdorida kredit tasdiqlandi. Oylik to'lov taxminan 550 736 so'm bo'ladi. To'sqinlik qildi: bank hisobingizdagi tushum deklaratsiya bilan mos; xarajatlaringiz daromadning 70% ini yeb qo'yadi. Foydangizga ishladi: oylik daromadingiz 6 450 670 so'm — yetarli daraja; barcha to'lovlardan keyin oyiga 5 899 934 so'm qoladi; bandlik turingiz (qurilish) barqaror daromad beradi. Nima qilish mumkin: Qo'shimcha shart yo'q — hujjatlarni tasdiqlash uchun bank xodimi siz bilan bog'lanadi.,"Ma'qullandi: ball 634 (PD 3.7%), DTI 8.5% shift ichida. Asosiy ijobiy omillar: Oylik daromad medianasi (+12 ball), To'lovlardan keyingi erkin pul (+9 ball), Bandlik turi (+9 ball). Tasdiqlangan summa 13 314 504 so'm.",Bank oqimi / deklaratsiya (-11 ball),13314504,54500000,0.0854,0.0854,0.0367,v1
AP002693,608.2,0.085864,QOLDA_KORIB_CHIQISH,Arizangiz bank xodimiga ko'rib chiqishga yuborildi. Ko'rsatkichlaringiz chegaraviy zonada — avtomatik qaror o'rniga bank xodimi arizangizni qo'lda ko'rib chiqadi. To'sqinlik qildi: ish stajingiz qisqa — atigi 9 oy; bank hisobingizdagi tushum deklaratsiya bilan mos; oxirgi oylarda daromadingiz kamaygan. Foydangizga ishladi: bandlik turingiz (xususiy) barqaror daromad beradi; barcha to'lovlardan keyin oyiga 4 235 692 so'm qoladi; yangi kreditsiz ham qarz yukingiz past — daromadning 0% i. Nima qilish mumkin: Qo'shimcha shart yo'q — hujjatlarni tasdiqlash uchun bank xodimi siz bilan bog'lanadi.,"Qo'lda ko'rib chiqish: Ball 608 — avtomatik ma'qullash chegarasi 630 dan past. Diqqat talab qiladigan omillar: Ish staji (oy) (-15), Bank oqimi / deklaratsiya (-4). Ball 608, tavsiya etilgan limit 26 037 430 so'm.",Ish staji (oy) (-15 ball),26037430,0,0.2027,0.2027,0.3014,v1
AP002694,645.4,0.025232,MAQULLANDI,Tabriklaymiz — kredit ma'qullandi. 6 292 678 so'm miqdorida kredit tasdiqlandi. Oylik to'lov taxminan 195 928 so'm bo'ladi. To'sqinlik qildi: bank hisobingizdagi tushum deklaratsiya bilan mos; oxirgi oylarda daromadingiz kamaygan. Foydangizga ishladi: yangi kreditsiz ham qarz yukingiz past — daromadning 8% i; barcha to'lovlardan keyin oyiga 9 939 491 so'm qoladi; oylik daromadingiz 11 075 442 so'm — yetarli daraja. Nima qilish mumkin: Qo'shimcha shart yo'q — hujjatlarni tasdiqlash uchun bank xodimi siz bilan bog'lanadi.,"Ma'qullandi: ball 645 (PD 2.5%), DTI 10.3% shift ichida. Asosiy ijobiy omillar: Mavjud qarz yuki (yangi kreditsiz) (+14 ball), To'lovlardan keyingi erkin pul (+9 ball), Oylik daromad medianasi (+9 ball). Tasdiqlangan summa 6 292 678 so'm.",Bank oqimi / deklaratsiya (-11 ball),6292678,124400000,0.1026,0.0177,0.2915,v1
AP002695,633.6,0.037496,MAQULLANDI,Tabriklaymiz — kredit ma'qullandi. 25 152 051 so'm miqdorida kredit tasdiqlandi. Oylik to'lov taxminan 783 130 so'm bo'ladi. To'sqinlik qildi: oxirgi oylarda daromadingiz kamaygan. Foydangizga ishladi: oylik daromadingiz 6 929 138 so'm — yetarli daraja; barcha to'lovlardan keyin oyiga 6 070 696 so'm qoladi; xarajatlaringiz daromadning 72% i — tejamkor. Nima qilish mumkin: Qo'shimcha shart yo'q — hujjatlarni tasdiqlash uchun bank xodimi siz bilan bog'lanadi.,"Ma'qullandi: ball 634 (PD 3.7%), DTI 12.4% shift ichida. Asosiy ijobiy omillar: Oylik daromad medianasi (+12 ball), To'lovlardan keyingi erkin pul (+9 ball), Sarf intensivligi (chiqim/kirim) (+5 ball). Tasdiqlangan summa 25 152 051 so'm.",Daromad trendi (2-yarim/1-yarim) (-7 ball),25152051,77800000,0.1239,0.113,0.3109,v1
AP002696,644.8,0.025809,MAQULLANDI,Tabriklaymiz — kredit ma'qullandi. 3 838 919 so'm miqdorida kredit tasdiqlandi. Oylik to'lov taxminan 693 076 so'm bo'ladi. To'sqinlik qildi: xarajatlaringiz daromadning 69% ini yeb qo'yadi; bank hisobingizdagi tushum deklaratsiya bilan mos. Foydangizga ishladi: oylik daromadingiz 6 792 311 so'm — yetarli daraja; bandlik turingiz (byudjet) barqaror daromad beradi; barcha to'lovlardan keyin oyiga 6 099 235 so'm qoladi. Nima qilish mumkin: Qo'shimcha shart yo'q — hujjatlarni tasdiqlash uchun bank xodimi siz bilan bog'lanadi.,"Ma'qullandi: ball 645 (PD 2.6%), DTI 10.2% shift ichida. Asosiy ijobiy omillar: Oylik daromad medianasi (+12 ball), Bandlik turi (+11 ball), To'lovlardan keyingi erkin pul (+9 ball). Tasdiqlangan summa 3 838 919 so'm.",Sarf intensivligi (chiqim/kirim) (-2 ball),3838919,13100000,0.102,0.102,0.0241,v1
AP002697,633.6,0.037561,MAQULLANDI,"Tabriklaymiz — kredit ma'qullandi. 36 904 066 so'm miqdorida kredit tasdiqlandi. Oylik to'lov taxminan 1 526 485 so'm bo'ladi. To'sqinlik qildi: bankimiz bilan tarixingiz qisqa — 0 oy, sizni hali yaxshi bilmaymiz; xarajatlaringiz daromadning 62% ini yeb qo'yadi. Foydangizga ishladi: bank hisobingizdagi tushum deklaratsiya bilan mos; oxirgi oylarda daromadingiz o'sgan; barcha to'lovlardan keyin oyiga 3 259 947 so'm qoladi. Nima qilish mumkin: Qo'shimcha shart yo'q — hujjatlarni tasdiqlash uchun bank xodimi siz bilan bog'lanadi.","Ma'qullandi: ball 634 (PD 3.8%), DTI 31.9% shift ichida. Asosiy ijobiy omillar: Bank oqimi / deklaratsiya (+14 ball), Daromad trendi (2-yarim/1-yarim) (+8 ball), To'lovlardan keyingi erkin pul (+5 ball). Tasdiqlangan summa 36 904 066 so'm.",Bank bilan tarix (oy) (-4 ball),36904066,40500000,0.3189,0.3189,0.0297,v1
AP002698,514.7,0.706155,RAD_ETILDI,"Afsuski, hozircha kredit bera olmaymiz. Sabab: kredit tarixingizda 95 kunlik kechikish bor. To'sqinlik qildi: yangi kreditgacha ham mavjud to'lovlaringiz daromadning 233% ini oladi; o'tmishda 95 kunlik kechikish qayd etilgan; barcha to'lovlardan keyin qo'lingizda pul umuman qolmaydi. Foydangizga ishladi: bandlik turingiz (xususiy) barqaror daromad beradi; bankimiz bilan tarixingiz uzoq — 5 yil 3 oy. Nima qilish mumkin: Mavjud kreditlaringizdan birini yopsangiz, qarz yuki pasayadi va limit sezilarli oshadi. Kechikish yopilgandan keyin 12 oy toza to'lov tarixi to'plang, so'ng qayta murojaat qiling.","Rad etildi: O'tmishda 95 kunlik kechikish (90+ kun — qattiq to'siq); So'ralgan summada DTI 377.6% — shift 50.0%; to'lov qobiliyati qolmagan. Ballga eng ko'p salbiy ta'sir: Mavjud qarz yuki (yangi kreditsiz) (-19 ball), O'tmishdagi maks. kechikish (kun) (-16 ball). Yakuniy ball 515.",Mavjud qarz yuki (yangi kreditsiz) (-19 ball),0,0,3.7755,1.4415,0.2319,v1
AP002699,676.0,0.00891,MAQULLANDI,Tabriklaymiz — kredit ma'qullandi. 7 626 315 so'm miqdorida kredit tasdiqlandi. Oylik to'lov taxminan 735 985 so'm bo'ladi. To'sqinlik qildi: daromadning 20% i naqd yechib olinadi — bank uchun bu ko'rinmas pul. Foydangizga ishladi: ish stajingiz uzoq — 10 yil; bandlik turingiz (byudjet) barqaror daromad beradi; barcha to'lovlardan keyin oyiga 9 474 359 so'm qoladi. Nima qilish mumkin: Qo'shimcha shart yo'q — hujjatlarni tasdiqlash uchun bank xodimi siz bilan bog'lanadi.,"Ma'qullandi: ball 676 (PD 0.9%), DTI 8.9% shift ichida. Asosiy ijobiy omillar: Ish staji (oy) (+13 ball), Bandlik turi (+11 ball), To'lovlardan keyingi erkin pul (+9 ball). Tasdiqlangan summa 7 626 315 so'm.",Naqd yechish ulushi (-4 ball),7626315,37700000,0.0892,0.0708,0.0351,v1
AP002700,564.1,0.302604,RAD_ETILDI,"Afsuski, hozircha kredit bera olmaymiz. Sabab: hozirgi daromadingiz mavjud to'lovlardan keyin yangi kreditni ko'tara olmaydi. To'sqinlik qildi: yangi kreditgacha ham mavjud to'lovlaringiz daromadning 66% ini oladi; bank hisobingizdagi tushum deklaratsiya bilan mos; oxirgi oylarda daromadingiz kamaygan. Foydangizga ishladi: bandlik turingiz (xususiy) barqaror daromad beradi; mavjud qarz qoldig'i yillik daromadingizga nisbatan kichik; bankimiz bilan tarixingiz uzoq — 7 yil 8 oy. Nima qilish mumkin: Mavjud kreditlaringizdan birini yopsangiz, qarz yuki pasayadi va limit sezilarli oshadi.","Rad etildi: So'ralgan summada DTI 130.0% — shift 50.0%; to'lov qobiliyati qolmagan; Yangi to'lov daromadning 64.0% ini oladi — shift 35.0%. Ballga eng ko'p salbiy ta'sir: Mavjud qarz yuki (yangi kreditsiz) (-19 ball), Bank oqimi / deklaratsiya (-11 ball). Yakuniy ball 564.",Mavjud qarz yuki (yangi kreditsiz) (-19 ball),0,0,1.2997,0.6404,0.2182,v1
